Date,Close,Rendement du mois,Rendement LP,Rendement DCA x mois,Durée,Mois DCA
,^GSPC,,,,,
2000-05-01,1420.6,-0.0219,9780.8495,1630.1416,25 ans,6 mois
2000-06-01,1454.6,0.0239,10014.9399,3336.6975,25 ans,6 mois
2000-07-01,1430.83,-0.0163,9851.283,4976.1287,25 ans,6 mois
2000-08-01,1517.6801,0.0607,10449.2471,6743.9605,25 ans,6 mois
2000-09-01,1436.51,-0.0535,9890.3903,8321.4889,25 ans,6 mois
2000-10-01,1429.4,-0.0049,9841.4379,9979.9064,25 ans,6 mois
2000-11-01,1314.95,-0.0801,9053.4477,9180.8292,25 ans,6 mois
2000-12-01,1320.28,0.0041,9090.1453,9218.0432,25 ans,6 mois
2001-01-01,1366.01,0.0346,9404.9969,9537.3247,25 ans,6 mois
2001-02-01,1239.9399,-0.0923,8537.0028,8657.118,25 ans,6 mois
2001-03-01,1160.33,-0.0642,7988.887,8101.2902,25 ans,6 mois
2001-04-01,1249.46,0.0768,8602.5482,8723.5856,25 ans,6 mois
2001-05-01,1255.8199,0.0051,8646.3368,8767.9903,25 ans,6 mois
2001-06-01,1224.38,-0.025,8429.8724,8548.4803,25 ans,6 mois
2001-07-01,1211.23,-0.0107,8339.3343,8456.6683,25 ans,6 mois
2001-08-01,1133.58,-0.0641,7804.7129,7914.5248,25 ans,6 mois
2001-09-01,1040.9399,-0.0817,7166.8852,7267.7229,25 ans,6 mois
2001-10-01,1059.78,0.0181,7296.5994,7399.2622,25 ans,6 mois
2001-11-01,1139.45,0.0752,7845.1279,7955.5084,25 ans,6 mois
2001-12-01,1148.08,0.0076,7904.5456,8015.7621,25 ans,6 mois
2002-01-01,1130.2,-0.0156,7781.4415,7890.926,25 ans,6 mois
2002-02-01,1106.73,-0.0208,7619.8505,7727.0613,25 ans,6 mois
2002-03-01,1147.39,0.0367,7899.7953,8010.945,25 ans,6 mois
2002-04-01,1076.92,-0.0614,7414.6086,7518.9318,25 ans,6 mois
2002-05-01,1067.14,-0.0091,7347.273,7450.6488,25 ans,6 mois
2002-06-01,989.82,-0.0725,6814.9238,6910.8094,25 ans,6 mois
2002-07-01,911.62,-0.079,6276.5156,6364.8259,25 ans,6 mois
2002-08-01,916.07,0.0049,6307.154,6395.8954,25 ans,6 mois
2002-09-01,815.28,-0.11,5613.2137,5692.1913,25 ans,6 mois
2002-10-01,885.76,0.0864,6098.4693,6184.2744,25 ans,6 mois
2002-11-01,936.31,0.0571,6446.5066,6537.2086,25 ans,6 mois
2002-12-01,879.82,-0.0603,6057.5723,6142.802,25 ans,6 mois
2003-01-01,855.7,-0.0274,5891.5058,5974.399,25 ans,6 mois
2003-02-01,841.15,-0.017,5791.329,5872.8127,25 ans,6 mois
2003-03-01,848.18,0.0084,5839.7304,5921.8951,25 ans,6 mois
2003-04-01,916.92,0.081,6313.0061,6401.8298,25 ans,6 mois
2003-05-01,963.59,0.0509,6634.33,6727.6747,25 ans,6 mois
2003-06-01,974.5,0.0113,6709.4453,6803.8468,25 ans,6 mois
2003-07-01,990.31,0.0162,6818.2973,6914.2304,25 ans,6 mois
2003-08-01,1008.01,0.0179,6940.1622,7037.8099,25 ans,6 mois
2003-09-01,995.97,-0.0119,6857.2663,6953.7477,25 ans,6 mois
2003-10-01,1050.71,0.055,7234.1519,7335.936,25 ans,6 mois
2003-11-01,1058.2,0.0071,7285.7206,7388.2303,25 ans,6 mois
2003-12-01,1111.92,0.0508,7655.5841,7763.2978,25 ans,6 mois
2004-01-01,1131.13,0.0173,7787.8449,7897.4195,25 ans,6 mois
2004-02-01,1144.9399,0.0122,7882.9265,7993.8389,25 ans,6 mois
2004-03-01,1126.21,-0.0164,7753.9704,7863.0683,25 ans,6 mois
2004-04-01,1107.3,-0.0168,7623.7754,7731.0415,25 ans,6 mois
2004-05-01,1120.6801,0.0121,7715.8969,7824.4591,25 ans,6 mois
2004-06-01,1140.84,0.018,7854.6982,7965.2133,25 ans,6 mois
2004-07-01,1101.72,-0.0343,7585.3565,7692.082,25 ans,6 mois
2004-08-01,1104.24,0.0023,7602.7068,7709.6765,25 ans,6 mois
2004-09-01,1114.58,0.0094,7673.8976,7781.869,25 ans,6 mois
2004-10-01,1130.2,0.014,7781.4415,7890.926,25 ans,6 mois
2004-11-01,1173.8199,0.0386,8081.7658,8195.4758,25 ans,6 mois
2004-12-01,1211.92,0.0325,8344.0854,8461.4863,25 ans,6 mois
2005-01-01,1181.27,-0.0253,8133.0596,8247.4913,25 ans,6 mois
2005-02-01,1203.6,0.0189,8286.8016,8403.3965,25 ans,6 mois
2005-03-01,1180.59,-0.0191,8128.3774,8242.7433,25 ans,6 mois
2005-04-01,1156.85,-0.0201,7964.9273,8076.9934,25 ans,6 mois
2005-05-01,1191.5,0.03,8203.4932,8318.9159,25 ans,6 mois
2005-06-01,1191.33,-0.0001,8202.3224,8317.7286,25 ans,6 mois
2005-07-01,1234.1801,0.036,8497.3459,8616.9031,25 ans,6 mois
2005-08-01,1220.33,-0.0112,8401.9878,8520.2033,25 ans,6 mois
2005-09-01,1228.8101,0.0069,8460.3734,8579.4104,25 ans,6 mois
2005-10-01,1207.01,-0.0177,8310.2798,8427.205,25 ans,6 mois
2005-11-01,1249.48,0.0352,8602.6861,8723.7254,25 ans,6 mois
2005-12-01,1248.29,-0.001,8594.4933,8715.4174,25 ans,6 mois
2006-01-01,1280.08,0.0255,8813.3673,8937.3709,25 ans,6 mois
2006-02-01,1280.66,0.0005,8817.3612,8941.421,25 ans,6 mois
2006-03-01,1294.87,0.0111,8915.1969,9040.6333,25 ans,6 mois
2006-04-01,1310.61,0.0122,9023.567,9150.5281,25 ans,6 mois
2006-05-01,1270.09,-0.0309,8744.5861,8867.622,25 ans,6 mois
2006-06-01,1270.2,0.0001,8745.3434,8868.3899,25 ans,6 mois
2006-07-01,1276.66,0.0051,8789.8211,8913.4934,25 ans,6 mois
2006-08-01,1303.8199,0.0213,8976.8175,9103.1208,25 ans,6 mois
2006-09-01,1335.85,0.0246,9197.3446,9326.7508,25 ans,6 mois
2006-10-01,1377.9399,0.0315,9487.1346,9620.6181,25 ans,6 mois
2006-11-01,1400.63,0.0165,9643.356,9779.0375,25 ans,6 mois
2006-12-01,1418.3,0.0126,9765.0145,9902.4077,25 ans,6 mois
2007-01-01,1438.24,0.0141,9902.3012,10041.6261,25 ans,6 mois
2007-02-01,1406.8199,-0.0218,9685.9738,9822.2549,25 ans,6 mois
2007-03-01,1420.86,0.01,9782.6397,9920.2809,25 ans,6 mois
2007-04-01,1482.37,0.0433,10206.1369,10349.7367,25 ans,6 mois
2007-05-01,1530.62,0.0325,10538.3388,10686.6126,25 ans,6 mois
2007-06-01,1503.35,-0.0178,10350.5843,10496.2165,25 ans,6 mois
2007-07-01,1455.27,-0.032,10019.5532,10160.5278,25 ans,6 mois
2007-08-01,1473.99,0.0129,10148.4404,10291.2285,25 ans,6 mois
2007-09-01,1526.75,0.0358,10511.6938,10659.5928,25 ans,6 mois
2007-10-01,1549.38,0.0148,10667.5017,10817.5929,25 ans,6 mois
2007-11-01,1481.14,-0.044,10197.6685,10341.1491,25 ans,6 mois
2007-12-01,1468.36,-0.0086,10109.6778,10251.9204,25 ans,6 mois
2008-01-01,1378.55,-0.0612,9491.3352,9624.8778,25 ans,6 mois
2008-02-01,1330.63,-0.0348,9161.4051,9290.3055,25 ans,6 mois
2008-03-01,1322.7,-0.006,9106.8065,9234.9388,25 ans,6 mois
2008-04-01,1385.59,0.0475,9539.8051,9674.0297,25 ans,6 mois
2008-05-01,1400.38,0.0107,9641.6347,9777.292,25 ans,6 mois
2008-06-01,1280.0,-0.086,8812.8168,8936.8127,25 ans,6 mois
2008-07-01,1267.38,-0.0099,8725.928,8848.7013,25 ans,6 mois
2008-08-01,1282.83,0.0122,8832.3011,8956.5711,25 ans,6 mois
2008-09-01,1166.36,-0.0908,8030.4038,8143.3912,25 ans,6 mois
2008-10-01,968.75,-0.1694,6669.8565,6763.701,25 ans,6 mois
2008-11-01,896.24,-0.0748,6170.6241,6257.4445,25 ans,6 mois
2008-12-01,903.25,0.0078,6218.8881,6306.3875,25 ans,6 mois
2009-01-01,825.88,-0.0857,5686.1947,5766.1991,25 ans,6 mois
2009-02-01,735.09,-0.1099,5061.1045,5132.314,25 ans,6 mois
2009-03-01,797.87,0.0854,5493.3454,5570.6365,25 ans,6 mois
2009-04-01,872.81,0.0939,6009.3083,6093.8589,25 ans,6 mois
2009-05-01,919.14,0.0531,6328.2911,6417.3298,25 ans,6 mois
2009-06-01,919.32,0.0002,6329.5303,6418.5865,25 ans,6 mois
2009-07-01,987.48,0.0741,6798.8126,6894.4716,25 ans,6 mois
2009-08-01,1020.62,0.0336,7026.9821,7125.8513,25 ans,6 mois
2009-09-01,1057.08,0.0357,7278.0094,7380.4106,25 ans,6 mois
2009-10-01,1036.1899,-0.0198,7134.1814,7234.5589,25 ans,6 mois
2009-11-01,1095.63,0.0574,7543.427,7649.5626,25 ans,6 mois
2009-12-01,1115.1,0.0178,7677.478,7785.4997,25 ans,6 mois
2010-01-01,1073.87,-0.037,7393.609,7497.6367,25 ans,6 mois
2010-02-01,1104.49,0.0285,7604.4281,7711.422,25 ans,6 mois
2010-03-01,1169.4301,0.0588,8051.5413,8164.826,25 ans,6 mois
2010-04-01,1186.6899,0.0148,8170.3758,8285.3326,25 ans,6 mois
2010-05-01,1089.41,-0.082,7500.6024,7606.1355,25 ans,6 mois
2010-06-01,1030.71,-0.0539,7096.4516,7196.2983,25 ans,6 mois
2010-07-01,1101.6,0.0688,7584.5303,7691.2442,25 ans,6 mois
2010-08-01,1049.33,-0.0474,7224.6505,7326.301,25 ans,6 mois
2010-09-01,1141.2,0.0876,7857.1767,7967.7267,25 ans,6 mois
2010-10-01,1183.26,0.0369,8146.7607,8261.3852,25 ans,6 mois
2010-11-01,1180.55,-0.0023,8128.1026,8242.4646,25 ans,6 mois
2010-12-01,1257.64,0.0653,8658.868,8780.6978,25 ans,6 mois
2011-01-01,1286.12,0.0226,8854.9531,8979.5418,25 ans,6 mois
2011-02-01,1327.22,0.032,9137.9269,9266.4971,25 ans,6 mois
2011-03-01,1325.83,-0.001,9128.3567,9256.7922,25 ans,6 mois
2011-04-01,1363.61,0.0285,9388.4727,9520.568,25 ans,6 mois
2011-05-01,1345.2,-0.0135,9261.7193,9392.0312,25 ans,6 mois
2011-06-01,1320.64,-0.0183,9092.6238,9220.5566,25 ans,6 mois
2011-07-01,1292.28,-0.0215,8897.365,9022.5504,25 ans,6 mois
2011-08-01,1218.89,-0.0568,8392.0738,8510.1498,25 ans,6 mois
2011-09-01,1131.42,-0.0718,7789.8419,7899.4445,25 ans,6 mois
2011-10-01,1253.3,0.1077,8628.9873,8750.3967,25 ans,6 mois
2011-11-01,1246.96,-0.0051,8585.3357,8706.1309,25 ans,6 mois
2011-12-01,1257.6,0.0085,8658.5924,8780.4183,25 ans,6 mois
2012-01-01,1312.41,0.0436,9035.9603,9163.0958,25 ans,6 mois
2012-02-01,1365.6801,0.0406,9402.7251,9535.0209,25 ans,6 mois
2012-03-01,1408.47,0.0313,9697.3343,9833.7752,25 ans,6 mois
2012-04-01,1397.91,-0.0075,9624.6289,9760.047,25 ans,6 mois
2012-05-01,1310.33,-0.0627,9021.639,9148.5729,25 ans,6 mois
2012-06-01,1362.16,0.0396,9378.4897,9510.4446,25 ans,6 mois
2012-07-01,1379.3199,0.0126,9496.6359,9630.2531,25 ans,6 mois
2012-08-01,1406.58,0.0198,9684.3215,9820.5794,25 ans,6 mois
2012-09-01,1440.67,0.0242,9919.0322,10058.5924,25 ans,6 mois
2012-10-01,1412.16,-0.0198,9722.7404,9859.5388,25 ans,6 mois
2012-11-01,1416.1801,0.0028,9750.4183,9887.6061,25 ans,6 mois
2012-12-01,1426.1899,0.0071,9819.3365,9957.494,25 ans,6 mois
2013-01-01,1498.11,0.0504,10314.5069,10459.6315,25 ans,6 mois
2013-02-01,1514.6801,0.0111,10428.5921,10575.3218,25 ans,6 mois
2013-03-01,1569.1899,0.036,10803.8934,10955.9036,25 ans,6 mois
2013-04-01,1597.5699,0.0181,10999.2901,11154.0495,25 ans,6 mois
2013-05-01,1630.74,0.0208,11227.6663,11385.6389,25 ans,6 mois
2013-06-01,1606.28,-0.015,11059.2591,11214.8623,25 ans,6 mois
2013-07-01,1685.73,0.0495,11606.2731,11769.5727,25 ans,6 mois
2013-08-01,1632.97,-0.0313,11243.0197,11401.2084,25 ans,6 mois
2013-09-01,1681.55,0.0297,11577.4942,11740.3889,25 ans,6 mois
2013-10-01,1756.54,0.0446,12093.8012,12263.9604,25 ans,6 mois
2013-11-01,1805.8101,0.028,12433.026,12607.958,25 ans,6 mois
2013-12-01,1848.36,0.0236,12725.9828,12905.0367,25 ans,6 mois
2014-01-01,1782.59,-0.0356,12273.1553,12445.838,25 ans,6 mois
2014-02-01,1859.45,0.0431,12802.3373,12982.4655,25 ans,6 mois
2014-03-01,1872.34,0.0069,12891.0853,13072.4621,25 ans,6 mois
2014-04-01,1883.95,0.0062,12971.0202,13153.5217,25 ans,6 mois
2014-05-01,1923.5699,0.021,13243.8043,13430.144,25 ans,6 mois
2014-06-01,1960.23,0.0191,13496.2092,13686.1001,25 ans,6 mois
2014-07-01,1930.67,-0.0151,13292.6886,13479.716,25 ans,6 mois
2014-08-01,2003.37,0.0377,13793.2287,13987.2987,25 ans,6 mois
2014-09-01,1972.29,-0.0155,13579.2428,13770.302,25 ans,6 mois
2014-10-01,2018.05,0.0232,13894.3011,14089.7932,25 ans,6 mois
2014-11-01,2067.5601,0.0245,14235.1782,14435.4664,25 ans,6 mois
2014-12-01,2058.8999,-0.0042,14175.5529,14375.0021,25 ans,6 mois
2015-01-01,1994.99,-0.031,13735.5323,13928.7905,25 ans,6 mois
2015-02-01,2104.5,0.0549,14489.5101,14693.3768,25 ans,6 mois
2015-03-01,2067.8899,-0.0174,14237.4491,14437.7692,25 ans,6 mois
2015-04-01,2085.51,0.0085,14358.7638,14560.7908,25 ans,6 mois
2015-05-01,2107.3899,0.0105,14509.4071,14713.5537,25 ans,6 mois
2015-06-01,2063.1101,-0.021,14204.5402,14404.3973,25 ans,6 mois
2015-07-01,2103.8401,0.0197,14484.9666,14688.7693,25 ans,6 mois
2015-08-01,1972.1801,-0.0626,13578.4856,13769.5341,25 ans,6 mois
2015-09-01,1920.03,-0.0264,13219.432,13405.4287,25 ans,6 mois
2015-10-01,2079.3601,0.083,14316.4217,14517.8529,25 ans,6 mois
2015-11-01,2080.4099,0.0005,14323.6496,14525.1826,25 ans,6 mois
2015-12-01,2043.9399,-0.0175,14072.5533,14270.5534,25 ans,6 mois
2016-01-01,1940.24,-0.0507,13358.5778,13546.5323,25 ans,6 mois
2016-02-01,1932.23,-0.0041,13303.4288,13490.6073,25 ans,6 mois
2016-03-01,2059.74,0.066,14181.3369,14380.8675,25 ans,6 mois
2016-04-01,2065.3,0.0027,14219.618,14419.6872,25 ans,6 mois
2016-05-01,2096.95,0.0153,14437.528,14640.6632,25 ans,6 mois
2016-06-01,2098.8601,0.0009,14450.6794,14653.9997,25 ans,6 mois
2016-07-01,2173.6001,0.0356,14965.2652,15175.8257,25 ans,6 mois
2016-08-01,2170.95,-0.0012,14947.0189,15157.3227,25 ans,6 mois
2016-09-01,2168.27,-0.0012,14928.5676,15138.6117,25 ans,6 mois
2016-10-01,2126.1499,-0.0194,14638.57,14844.5339,25 ans,6 mois
2016-11-01,2198.8101,0.0342,15138.8361,15351.8387,25 ans,6 mois
2016-12-01,2238.8301,0.0182,15414.3745,15631.2539,25 ans,6 mois
2017-01-01,2278.8701,0.0179,15690.0507,15910.8089,25 ans,6 mois
2017-02-01,2363.6399,0.0372,16273.6917,16502.6617,25 ans,6 mois
2017-03-01,2362.72,-0.0004,16267.358,16496.2389,25 ans,6 mois
2017-04-01,2384.2,0.0091,16415.248,16646.2096,25 ans,6 mois
2017-05-01,2411.8,0.0116,16605.275,16838.9103,25 ans,6 mois
2017-06-01,2423.4099,0.0048,16685.2091,16919.9691,25 ans,6 mois
2017-07-01,2470.3,0.0193,17008.0483,17247.3506,25 ans,6 mois
2017-08-01,2471.6499,0.0005,17017.342,17256.7751,25 ans,6 mois
2017-09-01,2519.3601,0.0193,17345.8274,17589.8823,25 ans,6 mois
2017-10-01,2575.26,0.0222,17730.699,17980.169,25 ans,6 mois
2017-11-01,2647.5801,0.0281,18228.6236,18485.0994,25 ans,6 mois
2017-12-01,2673.6101,0.0098,18407.8407,18666.838,25 ans,6 mois
2018-01-01,2823.8101,0.0562,19441.9693,19715.5168,25 ans,6 mois
2018-02-01,2713.8301,-0.0389,18684.7557,18947.6492,25 ans,6 mois
2018-03-01,2640.8701,-0.0269,18182.4254,18438.2512,25 ans,6 mois
2018-04-01,2648.05,0.0027,18231.8594,18488.3807,25 ans,6 mois
2018-05-01,2705.27,0.0216,18625.8196,18887.8839,25 ans,6 mois
2018-06-01,2718.3701,0.0048,18716.014,18979.3473,25 ans,6 mois
2018-07-01,2816.29,0.036,19390.1939,19663.0129,25 ans,6 mois
2018-08-01,2901.52,0.0303,19977.0035,20258.0788,25 ans,6 mois
2018-09-01,2913.98,0.0043,20062.7904,20345.0728,25 ans,6 mois
2018-10-01,2711.74,-0.0694,18670.3655,18933.0565,25 ans,6 mois
2018-11-01,2760.1699,0.0179,19003.8062,19271.1887,25 ans,6 mois
2018-12-01,2506.8501,-0.0918,17259.6959,17502.5388,25 ans,6 mois
2019-01-01,2704.1001,0.0787,18617.7647,18879.7156,25 ans,6 mois
2019-02-01,2784.49,0.0297,19171.2502,19440.9886,25 ans,6 mois
2019-03-01,2834.3999,0.0179,19514.8806,19789.4539,25 ans,6 mois
2019-04-01,2945.8301,0.0393,20282.0788,20567.4465,25 ans,6 mois
2019-05-01,2752.0601,-0.0658,18947.9697,19214.5666,25 ans,6 mois
2019-06-01,2941.76,0.0689,20254.0563,20539.0298,25 ans,6 mois
2019-07-01,2980.3799,0.0131,20519.9546,20808.6693,25 ans,6 mois
2019-08-01,2926.46,-0.0181,20148.7153,20432.2066,25 ans,6 mois
2019-09-01,2976.74,0.0172,20494.8939,20783.256,25 ans,6 mois
2019-10-01,3037.5601,0.0204,20913.6409,21207.8947,25 ans,6 mois
2019-11-01,3140.98,0.034,21625.6884,21929.9607,25 ans,6 mois
2019-12-01,3230.78,0.0286,22243.9629,22556.9343,25 ans,6 mois
2020-01-01,3225.52,-0.0016,22207.7477,22520.2095,25 ans,6 mois
2020-02-01,2954.22,-0.0841,20339.8433,20626.0238,25 ans,6 mois
2020-03-01,2584.5901,-0.1251,17794.9367,18045.3105,25 ans,6 mois
2020-04-01,2912.4299,0.1268,20052.1183,20334.2506,25 ans,6 mois
2020-05-01,3044.3101,0.0453,20960.1147,21255.0224,25 ans,6 mois
2020-06-01,3100.29,0.0184,21345.5376,21645.8682,25 ans,6 mois
2020-07-01,3271.1201,0.0551,22521.705,22838.5842,25 ans,6 mois
2020-08-01,3500.3101,0.0701,24099.6807,24438.7619,25 ans,6 mois
2020-09-01,3363.0,-0.0392,23154.2992,23480.0789,25 ans,6 mois
2020-10-01,3269.96,-0.0277,22513.7173,22830.4841,25 ans,6 mois
2020-11-01,3621.6299,0.1075,24934.9693,25285.803,25 ans,6 mois
2020-12-01,3756.0701,0.0371,25860.5918,26224.4489,25 ans,6 mois
2021-01-01,3714.24,-0.0111,25572.5911,25932.3961,25 ans,6 mois
2021-02-01,3811.1499,0.0261,26239.8171,26609.01,25 ans,6 mois
2021-03-01,3972.8899,0.0424,27353.3991,27738.26,25 ans,6 mois
2021-04-01,4181.1699,0.0524,28787.4098,29192.4471,25 ans,6 mois
2021-05-01,4204.1099,0.0055,28945.3516,29352.6112,25 ans,6 mois
2021-06-01,4297.5,0.0222,29588.344,30004.6504,25 ans,6 mois
2021-07-01,4395.2598,0.0227,30261.4212,30687.1978,25 ans,6 mois
2021-08-01,4522.6802,0.029,31138.7124,31576.8324,25 ans,6 mois
2021-09-01,4307.54,-0.0476,29657.4698,30074.7488,25 ans,6 mois
2021-10-01,4605.3799,0.0691,31708.101,32154.2323,25 ans,6 mois
2021-11-01,4567.0,-0.0083,31443.855,31886.2683,25 ans,6 mois
2021-12-01,4766.1802,0.0436,32815.2131,33276.9214,25 ans,6 mois
2022-01-01,4515.5498,-0.0526,31089.6197,31527.049,25 ans,6 mois
2022-02-01,4373.9399,-0.0314,30114.634,30538.3452,25 ans,6 mois
2022-03-01,4530.4102,0.0358,31191.9334,31630.8023,25 ans,6 mois
2022-04-01,4131.9302,-0.088,28448.3935,28848.6609,25 ans,6 mois
2022-05-01,4132.1499,0.0001,28449.9064,28850.195,25 ans,6 mois
2022-06-01,3785.3799,-0.0839,26062.3902,26429.0866,25 ans,6 mois
2022-07-01,4130.29,0.0911,28437.1012,28837.2097,25 ans,6 mois
2022-08-01,3955.0,-0.0424,27230.227,27613.3548,25 ans,6 mois
2022-09-01,3585.6201,-0.0934,24687.0416,25034.387,25 ans,6 mois
2022-10-01,3871.98,0.0799,26658.633,27033.7186,25 ans,6 mois
2022-11-01,4080.1101,0.0538,28091.6117,28486.8591,25 ans,6 mois
2022-12-01,3839.5,-0.059,26435.0079,26806.9471,25 ans,6 mois
2023-01-01,4076.6001,0.0618,28067.4452,28462.3527,25 ans,6 mois
2023-02-01,3970.1499,-0.0261,27334.5342,27719.1297,25 ans,6 mois
2023-03-01,4109.3101,0.0351,28292.6537,28690.7298,25 ans,6 mois
2023-04-01,4169.48,0.0146,28706.9244,29110.8293,25 ans,6 mois
2023-05-01,4179.8301,0.0025,28778.185,29183.0925,25 ans,6 mois
2023-06-01,4450.3799,0.0647,30640.924,31072.0401,25 ans,6 mois
2023-07-01,4588.96,0.0311,31595.0496,32039.5903,25 ans,6 mois
2023-08-01,4507.6602,-0.0177,31035.2994,31471.9644,25 ans,6 mois
2023-09-01,4288.0498,-0.0487,29523.2792,29938.6702,25 ans,6 mois
2023-10-01,4193.7998,-0.022,28874.3667,29280.6275,25 ans,6 mois
2023-11-01,4567.7998,0.0892,31449.3617,31891.8525,25 ans,6 mois
2023-12-01,4769.8301,0.0442,32840.3427,33302.4046,25 ans,6 mois
2024-01-01,4845.6499,0.0159,33362.3632,33831.7699,25 ans,6 mois
2024-02-01,5096.27,0.0517,35087.886,35581.5707,25 ans,6 mois
2024-03-01,5254.3501,0.031,36176.2694,36685.2676,25 ans,6 mois
2024-04-01,5035.6899,-0.0416,34670.7914,35158.6076,25 ans,6 mois
2024-05-01,5277.5098,0.048,36335.7241,36846.9657,25 ans,6 mois
2024-06-01,5460.48,0.0347,37595.4764,38124.4427,25 ans,6 mois
2024-07-01,5522.2998,0.0113,38021.1067,38556.0616,25 ans,6 mois
2024-08-01,5648.3999,0.0228,38889.3075,39436.478,25 ans,6 mois
2024-09-01,5762.48,0.0202,39674.7504,40232.972,25 ans,6 mois
2024-10-01,5705.4502,-0.0099,39282.0995,39834.7966,25 ans,6 mois
2024-11-01,6032.3799,0.0573,41533.0147,42117.382,25 ans,6 mois
2024-12-01,5881.6299,-0.025,40495.099,41064.8629,25 ans,6 mois
2025-01-01,6040.5298,0.027,41589.1269,42174.2837,25 ans,6 mois
2025-02-01,5954.5,-0.0142,40996.8107,41573.6336,25 ans,6 mois
2025-03-01,5611.8501,-0.0575,38637.6616,39181.2915,25 ans,6 mois
2025-04-01,5363.3599,-0.0443,36926.8031,37446.3612,25 ans,6 mois
2005-05-01,1191.5,0.03,10299.5205,1716.5867,20 ans,6 mois
2005-06-01,1191.33,-0.0001,10298.0506,3383.0156,20 ans,6 mois
2005-07-01,1234.1801,0.036,10668.4538,5109.6294,20 ans,6 mois
2005-08-01,1220.33,-0.0112,10548.7313,6757.5925,20 ans,6 mois
2005-09-01,1228.8101,0.0069,10622.0347,8435.8409,20 ans,6 mois
2005-10-01,1207.01,-0.0177,10433.5915,10072.9396,20 ans,6 mois
2005-11-01,1249.48,0.0352,10800.7089,10427.367,20 ans,6 mois
2005-12-01,1248.29,-0.001,10790.4228,10417.4365,20 ans,6 mois
2006-01-01,1280.08,0.0255,11065.2201,10682.735,20 ans,6 mois
2006-02-01,1280.66,0.0005,11070.2344,10687.576,20 ans,6 mois
2006-03-01,1294.87,0.0111,11193.0676,10806.1633,20 ans,6 mois
2006-04-01,1310.61,0.0122,11329.1266,10937.5193,20 ans,6 mois
2006-05-01,1270.09,-0.0309,10978.865,10599.3649,20 ans,6 mois
2006-06-01,1270.2,0.0001,10979.8157,10600.2828,20 ans,6 mois
2006-07-01,1276.66,0.0051,11035.6577,10654.1945,20 ans,6 mois
2006-08-01,1303.8199,0.0213,11270.4324,10880.8539,20 ans,6 mois
2006-09-01,1335.85,0.0246,11547.3052,11148.1562,20 ans,6 mois
2006-10-01,1377.9399,0.0315,11911.1377,11499.4123,20 ans,6 mois
2006-11-01,1400.63,0.0165,12107.2744,11688.7692,20 ans,6 mois
2006-12-01,1418.3,0.0126,12260.0171,11836.2322,20 ans,6 mois
2007-01-01,1438.24,0.0141,12432.3812,12002.6383,20 ans,6 mois
2007-02-01,1406.8199,-0.0218,12160.7812,11740.4265,20 ans,6 mois
2007-03-01,1420.86,0.01,12282.1456,11857.5958,20 ans,6 mois
2007-04-01,1482.37,0.0433,12813.8482,12370.9193,20 ans,6 mois
2007-05-01,1530.62,0.0325,13230.9291,12773.5832,20 ans,6 mois
2007-06-01,1503.35,-0.0178,12995.2026,12546.0049,20 ans,6 mois
2007-07-01,1455.27,-0.032,12579.5916,12144.7601,20 ans,6 mois
2007-08-01,1473.99,0.0129,12741.41,12300.9851,20 ans,6 mois
2007-09-01,1526.75,0.0358,13197.4762,12741.2867,20 ans,6 mois
2007-10-01,1549.38,0.0148,13393.0936,12930.1423,20 ans,6 mois
2007-11-01,1481.14,-0.044,12803.216,12360.6547,20 ans,6 mois
2007-12-01,1468.36,-0.0086,12692.7434,12254.0006,20 ans,6 mois
2008-01-01,1378.55,-0.0612,11916.4116,11504.5039,20 ans,6 mois
2008-02-01,1330.63,-0.0348,11502.1829,11104.5936,20 ans,6 mois
2008-03-01,1322.7,-0.006,11433.6343,11038.4144,20 ans,6 mois
2008-04-01,1385.59,0.0475,11977.2658,11563.2546,20 ans,6 mois
2008-05-01,1400.38,0.0107,12105.1133,11686.6829,20 ans,6 mois
2008-06-01,1280.0,-0.086,11064.5289,10682.0677,20 ans,6 mois
2008-07-01,1267.38,-0.0099,10955.4396,10576.7493,20 ans,6 mois
2008-08-01,1282.83,0.0122,11088.9915,10705.6848,20 ans,6 mois
2008-09-01,1166.36,-0.0908,10082.2061,9733.7003,20 ans,6 mois
2008-10-01,968.75,-0.1694,8374.0331,8084.5728,20 ans,6 mois
2008-11-01,896.24,-0.0748,7747.2448,7479.4502,20 ans,6 mois
2008-12-01,903.25,0.0078,7807.8404,7537.9513,20 ans,6 mois
2009-01-01,825.88,-0.0857,7139.0416,6892.2704,20 ans,6 mois
2009-02-01,735.09,-0.1099,6354.2382,6134.5949,20 ans,6 mois
2009-03-01,797.87,0.0854,6896.9185,6658.5167,20 ans,6 mois
2009-04-01,872.81,0.0939,7544.7121,7283.9184,20 ans,6 mois
2009-05-01,919.14,0.0531,7945.1963,7670.5593,20 ans,6 mois
2009-06-01,919.32,0.0002,7946.7522,7672.0614,20 ans,6 mois
2009-07-01,987.48,0.0741,8535.9381,8240.8813,20 ans,6 mois
2009-08-01,1020.62,0.0336,8822.4058,8517.4468,20 ans,6 mois
2009-09-01,1057.08,0.0357,9137.5717,8821.7185,20 ans,6 mois
2009-10-01,1036.1899,-0.0198,8956.995,8647.3837,20 ans,6 mois
2009-11-01,1095.63,0.0574,9470.8046,9143.4328,20 ans,6 mois
2009-12-01,1115.1,0.0178,9639.1062,9305.9168,20 ans,6 mois
2010-01-01,1073.87,-0.037,9282.7075,8961.8375,20 ans,6 mois
2010-02-01,1104.49,0.0285,9547.3917,9217.3726,20 ans,6 mois
2010-03-01,1169.4301,0.0588,10108.7442,9759.3211,20 ans,6 mois
2010-04-01,1186.6899,0.0148,10257.9415,9903.3612,20 ans,6 mois
2010-05-01,1089.41,-0.082,9417.0381,9091.5248,20 ans,6 mois
2010-06-01,1030.71,-0.0539,8909.6251,8601.6513,20 ans,6 mois
2010-07-01,1101.6,0.0688,9522.41,9193.2543,20 ans,6 mois
2010-08-01,1049.33,-0.0474,9070.5794,8757.0419,20 ans,6 mois
2010-09-01,1141.2,0.0876,9864.7186,9523.7306,20 ans,6 mois
2010-10-01,1183.26,0.0369,10228.2926,9874.7372,20 ans,6 mois
2010-11-01,1180.55,-0.0023,10204.8673,9852.1216,20 ans,6 mois
2010-12-01,1257.64,0.0653,10871.2455,10495.4655,20 ans,6 mois
2011-01-01,1286.12,0.0226,11117.4311,10733.1413,20 ans,6 mois
2011-02-01,1327.22,0.032,11472.706,11076.1356,20 ans,6 mois
2011-03-01,1325.83,-0.001,11460.6905,11064.5355,20 ans,6 mois
2011-04-01,1363.61,0.0285,11787.2673,11379.8236,20 ans,6 mois
2011-05-01,1345.2,-0.0135,11628.1279,11226.1852,20 ans,6 mois
2011-06-01,1320.64,-0.0183,11415.8278,11021.2235,20 ans,6 mois
2011-07-01,1292.28,-0.0215,11170.6795,10784.5491,20 ans,6 mois
2011-08-01,1218.89,-0.0568,10536.2842,10172.0826,20 ans,6 mois
2011-09-01,1131.42,-0.0718,9780.1795,9442.1137,20 ans,6 mois
2011-10-01,1253.3,0.1077,10833.7302,10459.2469,20 ans,6 mois
2011-11-01,1246.96,-0.0051,10778.9254,10406.3365,20 ans,6 mois
2011-12-01,1257.6,0.0085,10870.8994,10495.1313,20 ans,6 mois
2012-01-01,1312.41,0.0436,11344.6865,10952.5413,20 ans,6 mois
2012-02-01,1365.6801,0.0406,11805.1613,11397.0991,20 ans,6 mois
2012-03-01,1408.47,0.0313,12175.0443,11754.1966,20 ans,6 mois
2012-04-01,1397.91,-0.0075,12083.7625,11666.0701,20 ans,6 mois
2012-05-01,1310.33,-0.0627,11326.706,10935.1823,20 ans,6 mois
2012-06-01,1362.16,0.0396,11774.7337,11367.7232,20 ans,6 mois
2012-07-01,1379.3199,0.0126,11923.0667,11510.929,20 ans,6 mois
2012-08-01,1406.58,0.0198,12158.7067,11738.4237,20 ans,6 mois
2012-09-01,1440.67,0.0242,12453.387,12022.918,20 ans,6 mois
2012-10-01,1412.16,-0.0198,12206.9418,11784.9915,20 ans,6 mois
2012-11-01,1416.1801,0.0028,12241.6915,11818.5401,20 ans,6 mois
2012-12-01,1426.1899,0.0071,12328.2186,11902.0762,20 ans,6 mois
2013-01-01,1498.11,0.0504,12949.9072,12502.2753,20 ans,6 mois
2013-02-01,1514.6801,0.0111,13093.1416,12640.5585,20 ans,6 mois
2013-03-01,1569.1899,0.036,13564.334,13095.4635,20 ans,6 mois
2013-04-01,1597.5699,0.0181,13809.6554,13332.305,20 ans,6 mois
2013-05-01,1630.74,0.0208,14096.3826,13609.1211,20 ans,6 mois
2013-06-01,1606.28,-0.015,13884.9467,13404.9938,20 ans,6 mois
2013-07-01,1685.73,0.0495,14571.7251,14068.0327,20 ans,6 mois
2013-08-01,1632.97,-0.0313,14115.6589,13627.7311,20 ans,6 mois
2013-09-01,1681.55,0.0297,14535.5931,14033.1496,20 ans,6 mois
2013-10-01,1756.54,0.0446,15183.8188,14658.9685,20 ans,6 mois
2013-11-01,1805.8101,0.028,15609.7169,15070.1448,20 ans,6 mois
2013-12-01,1848.36,0.0236,15977.5254,15425.2395,20 ans,6 mois
2014-01-01,1782.59,-0.0356,15408.9986,14876.3647,20 ans,6 mois
2014-02-01,1859.45,0.0431,16073.3889,15517.7893,20 ans,6 mois
2014-03-01,1872.34,0.0069,16184.8123,15625.3612,20 ans,6 mois
2014-04-01,1883.95,0.0062,16285.1709,15722.2508,20 ans,6 mois
2014-05-01,1923.5699,0.021,16627.6526,16052.8941,20 ans,6 mois
2014-06-01,1960.23,0.0191,16944.5479,16358.8355,20 ans,6 mois
2014-07-01,1930.67,-0.0151,16689.027,16112.147,20 ans,6 mois
2014-08-01,2003.37,0.0377,17317.4572,16718.8547,20 ans,6 mois
2014-09-01,1972.29,-0.0155,17048.797,16459.4811,20 ans,6 mois
2014-10-01,2018.05,0.0232,17444.354,16841.3651,20 ans,6 mois
2014-11-01,2067.5601,0.0245,17872.3266,17254.5442,20 ans,6 mois
2014-12-01,2058.8999,-0.0042,17797.4668,17182.2721,20 ans,6 mois
2015-01-01,1994.99,-0.031,17245.0191,16648.9205,20 ans,6 mois
2015-02-01,2104.5,0.0549,18191.6415,17562.8215,20 ans,6 mois
2015-03-01,2067.8899,-0.0174,17875.1777,17257.2968,20 ans,6 mois
2015-04-01,2085.51,0.0085,18027.4889,17404.3431,20 ans,6 mois
2015-05-01,2107.3899,0.0105,18216.6222,17586.9387,20 ans,6 mois
2015-06-01,2063.1101,-0.021,17833.8605,17217.4078,20 ans,6 mois
2015-07-01,2103.8401,0.0197,18185.9371,17557.3143,20 ans,6 mois
2015-08-01,1972.1801,-0.0626,17047.8463,16458.5632,20 ans,6 mois
2015-09-01,1920.03,-0.0264,16597.0529,16023.3522,20 ans,6 mois
2015-10-01,2079.3601,0.083,17974.3281,17353.0199,20 ans,6 mois
2015-11-01,2080.4099,0.0005,17983.4028,17361.7809,20 ans,6 mois
2015-12-01,2043.9399,-0.0175,17668.1504,17057.4257,20 ans,6 mois
2016-01-01,1940.24,-0.0507,16771.7511,16192.0117,20 ans,6 mois
2016-02-01,1932.23,-0.0041,16702.5113,16125.1653,20 ans,6 mois
2016-03-01,2059.74,0.066,17804.7286,17189.2829,20 ans,6 mois
2016-04-01,2065.3,0.0027,17852.7907,17235.6836,20 ans,6 mois
2016-05-01,2096.95,0.0153,18126.3776,17499.8136,20 ans,6 mois
2016-06-01,2098.8601,0.0009,18142.8893,17515.7546,20 ans,6 mois
2016-07-01,2173.6001,0.0356,18788.954,18139.4871,20 ans,6 mois
2016-08-01,2170.95,-0.0012,18766.0457,18117.3707,20 ans,6 mois
2016-09-01,2168.27,-0.0012,18742.8799,18095.0056,20 ans,6 mois
2016-10-01,2126.1499,-0.0194,18378.7868,17743.4979,20 ans,6 mois
2016-11-01,2198.8101,0.0342,19006.873,18349.8734,20 ans,6 mois
2016-12-01,2238.8301,0.0182,19352.8126,18683.8551,20 ans,6 mois
2017-01-01,2278.8701,0.0179,19698.9252,19018.0039,20 ans,6 mois
2017-02-01,2363.6399,0.0372,20431.689,19725.4386,20 ans,6 mois
2017-03-01,2362.72,-0.0004,20423.737,19717.7615,20 ans,6 mois
2017-04-01,2384.2,0.0091,20609.4135,19897.0198,20 ans,6 mois
2017-05-01,2411.8,0.0116,20847.9933,20127.3527,20 ans,6 mois
2017-06-01,2423.4099,0.0048,20948.3508,20224.2413,20 ans,6 mois
2017-07-01,2470.3,0.0193,21353.6768,20615.5566,20 ans,6 mois
2017-08-01,2471.6499,0.0005,21365.3452,20626.8216,20 ans,6 mois
2017-09-01,2519.3601,0.0193,21777.76,21024.9807,20 ans,6 mois
2017-10-01,2575.26,0.0222,22260.9678,21491.4858,20 ans,6 mois
2017-11-01,2647.5801,0.0281,22886.1143,22095.0232,20 ans,6 mois
2017-12-01,2673.6101,0.0098,23111.1221,22312.2533,20 ans,6 mois
2018-01-01,2823.8101,0.0562,24409.475,23565.7268,20 ans,6 mois
2018-02-01,2713.8301,-0.0389,23458.7901,22647.9037,20 ans,6 mois
2018-03-01,2640.8701,-0.0269,22828.1123,22039.0262,20 ans,6 mois
2018-04-01,2648.05,0.0027,22890.1768,22098.9453,20 ans,6 mois
2018-05-01,2705.27,0.0216,23384.7956,22576.4669,20 ans,6 mois
2018-06-01,2718.3701,0.0048,23498.035,22685.792,20 ans,6 mois
2018-07-01,2816.29,0.036,24344.4707,23502.9695,20 ans,6 mois
2018-08-01,2901.52,0.0303,25081.2126,24214.2448,20 ans,6 mois
2018-09-01,2913.98,0.0043,25188.9185,24318.2278,20 ans,6 mois
2018-10-01,2711.74,-0.0694,23440.7231,22630.4611,20 ans,6 mois
2018-11-01,2760.1699,0.0179,23859.3593,23034.6266,20 ans,6 mois
2018-12-01,2506.8501,-0.0918,21669.6214,20920.5801,20 ans,6 mois
2019-01-01,2704.1001,0.0787,23374.6826,22566.7035,20 ans,6 mois
2019-02-01,2784.49,0.0297,24069.5859,23237.5865,20 ans,6 mois
2019-03-01,2834.3999,0.0179,24501.0154,23654.1029,20 ans,6 mois
2019-04-01,2945.8301,0.0393,25464.236,24584.0285,20 ans,6 mois
2019-05-01,2752.0601,-0.0658,23789.2563,22966.9469,20 ans,6 mois
2019-06-01,2941.76,0.0689,25429.0537,24550.0623,20 ans,6 mois
2019-07-01,2980.3799,0.0131,25762.8901,24872.3592,20 ans,6 mois
2019-08-01,2926.46,-0.0181,25296.7975,24422.3778,20 ans,6 mois
2019-09-01,2976.74,0.0172,25731.4263,24841.983,20 ans,6 mois
2019-10-01,3037.5601,0.0204,26257.1649,25349.5487,20 ans,6 mois
2019-11-01,3140.98,0.034,27151.1436,26212.6257,20 ans,6 mois
2019-12-01,3230.78,0.0286,27927.3899,26962.0399,20 ans,6 mois
2020-01-01,3225.52,-0.0016,27881.9215,26918.1432,20 ans,6 mois
2020-02-01,2954.22,-0.0841,25536.7596,24654.0452,20 ans,6 mois
2020-03-01,2584.5901,-0.1251,22341.6186,21569.3487,20 ans,6 mois
2020-04-01,2912.4299,0.1268,25175.5197,24305.292,20 ans,6 mois
2020-05-01,3044.3101,0.0453,26315.513,25405.8799,20 ans,6 mois
2020-06-01,3100.29,0.0184,26799.4131,25873.0533,20 ans,6 mois
2020-07-01,3271.1201,0.0551,28276.0962,27298.6927,20 ans,6 mois
2020-08-01,3500.3101,0.0701,30257.2514,29211.3665,20 ans,6 mois
2020-09-01,3363.0,-0.0392,29070.3209,28065.4639,20 ans,6 mois
2020-10-01,3269.96,-0.0277,28266.0676,27289.0108,20 ans,6 mois
2020-11-01,3621.6299,0.1075,31305.9598,30223.8248,20 ans,6 mois
2020-12-01,3756.0701,0.0371,32468.0827,31345.7773,20 ans,6 mois
2021-01-01,3714.24,-0.0111,32106.4967,30996.69,20 ans,6 mois
2021-02-01,3811.1499,0.0261,32944.2018,31805.4386,20 ans,6 mois
2021-03-01,3972.8899,0.0424,34342.3087,33155.2179,20 ans,6 mois
2021-04-01,4181.1699,0.0524,36142.7152,34893.3909,20 ans,6 mois
2021-05-01,4204.1099,0.0055,36341.0118,35084.8331,20 ans,6 mois
2021-06-01,4297.5,0.0222,37148.2914,35864.2079,20 ans,6 mois
2021-07-01,4395.2598,0.0227,37993.3428,36680.0489,20 ans,6 mois
2021-08-01,4522.6802,0.029,39094.7856,37743.4188,20 ans,6 mois
2021-09-01,4307.54,-0.0476,37235.0791,35947.9957,20 ans,6 mois
2021-10-01,4605.3799,0.0691,39809.6554,38433.578,20 ans,6 mois
2021-11-01,4567.0,-0.0083,39477.8934,38113.2839,20 ans,6 mois
2021-12-01,4766.1802,0.0436,41199.6393,39775.5152,20 ans,6 mois
2022-01-01,4515.5498,-0.0526,39033.1495,37683.9132,20 ans,6 mois
2022-02-01,4373.9399,-0.0314,37809.0507,36502.1271,20 ans,6 mois
2022-03-01,4530.4102,0.0358,39161.6048,37807.9283,20 ans,6 mois
2022-04-01,4131.9302,-0.088,35717.0788,34482.4672,20 ans,6 mois
2022-05-01,4132.1499,0.0001,35718.9782,34484.3009,20 ans,6 mois
2022-06-01,3785.3799,-0.0839,32721.4415,31590.3784,20 ans,6 mois
2022-07-01,4130.29,0.0911,35702.9012,34468.7797,20 ans,6 mois
2022-08-01,3955.0,-0.0424,34187.6655,33005.9202,20 ans,6 mois
2022-09-01,3585.6201,-0.0934,30994.6855,29923.3101,20 ans,6 mois
2022-10-01,3871.98,0.0799,33470.0269,32313.0878,20 ans,6 mois
2022-11-01,4080.1101,0.0538,35269.1377,34050.0098,20 ans,6 mois
2022-12-01,3839.5,-0.059,33189.2646,32042.0305,20 ans,6 mois
2023-01-01,4076.6001,0.0618,35238.7966,34020.7175,20 ans,6 mois
2023-02-01,3970.1499,-0.0261,34318.6237,33132.3517,20 ans,6 mois
2023-03-01,4109.3101,0.0351,35521.5468,34293.6941,20 ans,6 mois
2023-04-01,4169.48,0.0146,36041.6655,34795.8341,20 ans,6 mois
2023-05-01,4179.8301,0.0025,36131.1334,34882.2094,20 ans,6 mois
2023-06-01,4450.3799,0.0647,38469.8101,37140.0464,20 ans,6 mois
2023-07-01,4588.96,0.0311,39667.7189,38296.5478,20 ans,6 mois
2023-08-01,4507.6602,-0.0177,38964.9501,37618.0712,20 ans,6 mois
2023-09-01,4288.0498,-0.0487,37066.6024,35785.3426,20 ans,6 mois
2023-10-01,4193.7998,-0.022,36251.89,34998.7919,20 ans,6 mois
2023-11-01,4567.7998,0.0892,39484.807,38119.9585,20 ans,6 mois
2023-12-01,4769.8301,0.0442,41231.1897,39805.975,20 ans,6 mois
2024-01-01,4845.6499,0.0159,41886.5886,40438.7191,20 ans,6 mois
2024-02-01,5096.27,0.0517,44052.9898,42530.2356,20 ans,6 mois
2024-03-01,5254.3501,0.031,45419.4598,43849.4716,20 ans,6 mois
2024-04-01,5035.6899,-0.0416,43529.3257,42024.6727,20 ans,6 mois
2024-05-01,5277.5098,0.048,45619.6558,44042.7475,20 ans,6 mois
2024-06-01,5460.48,0.0347,47201.2802,45569.7008,20 ans,6 mois
2024-07-01,5522.2998,0.0113,47735.6608,46085.6098,20 ans,6 mois
2024-08-01,5648.3999,0.0228,48825.6906,47137.9612,20 ans,6 mois
2024-09-01,5762.48,0.0202,49811.8175,48090.0012,20 ans,6 mois
2024-10-01,5705.4502,-0.0099,49318.8427,47614.0668,20 ans,6 mois
2024-11-01,6032.3799,0.0573,52144.8763,50342.4145,20 ans,6 mois
2024-12-01,5881.6299,-0.025,50841.7687,49084.3506,20 ans,6 mois
2025-01-01,6040.5298,0.027,52215.3253,50410.4284,20 ans,6 mois
2025-02-01,5954.5,-0.0142,51471.6698,49692.4784,20 ans,6 mois
2025-03-01,5611.8501,-0.0575,48509.7482,46832.9398,20 ans,6 mois
2025-04-01,5363.3599,-0.0443,46361.758,44759.1979,20 ans,6 mois
2010-05-01,1089.41,-0.082,9180.2416,1530.0403,15 ans,6 mois
2010-06-01,1030.71,-0.0539,8685.5877,3106.9029,15 ans,6 mois
2010-07-01,1101.6,0.0688,9282.9638,4888.1993,15 ans,6 mois
2010-08-01,1049.33,-0.0474,8842.4947,6475.784,15 ans,6 mois
2010-09-01,1141.2,0.0876,9616.6649,8288.3691,15 ans,6 mois
2010-10-01,1183.26,0.0369,9971.0966,10016.4625,15 ans,6 mois
2010-11-01,1180.55,-0.0023,9948.2603,9993.5223,15 ans,6 mois
2010-12-01,1257.64,0.0653,10597.8821,10646.0997,15 ans,6 mois
2011-01-01,1286.12,0.0226,10837.8773,10887.1867,15 ans,6 mois
2011-02-01,1327.22,0.032,11184.2186,11235.1038,15 ans,6 mois
2011-03-01,1325.83,-0.001,11172.5052,11223.3371,15 ans,6 mois
2011-04-01,1363.61,0.0285,11490.87,11543.1504,15 ans,6 mois
2011-05-01,1345.2,-0.0135,11335.7323,11387.3069,15 ans,6 mois
2011-06-01,1320.64,-0.0183,11128.7706,11179.4035,15 ans,6 mois
2011-07-01,1292.28,-0.0215,10889.7867,10939.3323,15 ans,6 mois
2011-08-01,1218.89,-0.0568,10271.3436,10318.0755,15 ans,6 mois
2011-09-01,1131.42,-0.0718,9534.2516,9577.6299,15 ans,6 mois
2011-10-01,1253.3,0.1077,10561.3101,10609.3612,15 ans,6 mois
2011-11-01,1246.96,-0.0051,10507.8835,10555.6915,15 ans,6 mois
2011-12-01,1257.6,0.0085,10597.5447,10645.7607,15 ans,6 mois
2012-01-01,1312.41,0.0436,11059.4182,11109.7356,15 ans,6 mois
2012-02-01,1365.6801,0.0406,11508.3141,11560.6738,15 ans,6 mois
2012-03-01,1408.47,0.0313,11868.8962,11922.8965,15 ans,6 mois
2012-04-01,1397.91,-0.0075,11779.9097,11833.5051,15 ans,6 mois
2012-05-01,1310.33,-0.0627,11041.8898,11092.1274,15 ans,6 mois
2012-06-01,1362.16,0.0396,11478.6516,11530.8763,15 ans,6 mois
2012-07-01,1379.3199,0.0126,11623.2547,11676.1374,15 ans,6 mois
2012-08-01,1406.58,0.0198,11852.9694,11906.8972,15 ans,6 mois
2012-09-01,1440.67,0.0242,12140.2398,12195.4746,15 ans,6 mois
2012-10-01,1412.16,-0.0198,11899.9916,11954.1334,15 ans,6 mois
2012-11-01,1416.1801,0.0028,11933.8675,11988.1634,15 ans,6 mois
2012-12-01,1426.1899,0.0071,12018.2188,12072.8985,15 ans,6 mois
2013-01-01,1498.11,0.0504,12624.2747,12681.7118,15 ans,6 mois
2013-02-01,1514.6801,0.0111,12763.9074,12821.9798,15 ans,6 mois
2013-03-01,1569.1899,0.036,13223.2514,13283.4136,15 ans,6 mois
2013-04-01,1597.5699,0.0181,13462.404,13523.6544,15 ans,6 mois
2013-05-01,1630.74,0.0208,13741.9214,13804.4435,15 ans,6 mois
2013-06-01,1606.28,-0.015,13535.8022,13597.3864,15 ans,6 mois
2013-07-01,1685.73,0.0495,14205.3111,14269.9415,15 ans,6 mois
2013-08-01,1632.97,-0.0313,13760.713,13823.3206,15 ans,6 mois
2013-09-01,1681.55,0.0297,14170.0877,14234.5578,15 ans,6 mois
2013-10-01,1756.54,0.0446,14802.0134,14869.3586,15 ans,6 mois
2013-11-01,1805.8101,0.028,15217.202,15286.4362,15 ans,6 mois
2013-12-01,1848.36,0.0236,15575.7618,15646.6273,15 ans,6 mois
2014-01-01,1782.59,-0.0356,15021.5309,15089.8749,15 ans,6 mois
2014-02-01,1859.45,0.0431,15669.2147,15740.5055,15 ans,6 mois
2014-03-01,1872.34,0.0069,15777.8363,15849.6212,15 ans,6 mois
2014-04-01,1883.95,0.0062,15875.6714,15947.9014,15 ans,6 mois
2014-05-01,1923.5699,0.021,16209.5412,16283.2902,15 ans,6 mois
2014-06-01,1960.23,0.0191,16518.468,16593.6226,15 ans,6 mois
2014-07-01,1930.67,-0.0151,16269.3723,16343.3936,15 ans,6 mois
2014-08-01,2003.37,0.0377,16882.0003,16958.8089,15 ans,6 mois
2014-09-01,1972.29,-0.0155,16620.0957,16695.7127,15 ans,6 mois
2014-10-01,2018.05,0.0232,17005.7062,17083.0776,15 ans,6 mois
2014-11-01,2067.5601,0.0245,17422.9172,17502.1868,15 ans,6 mois
2014-12-01,2058.8999,-0.0042,17349.9398,17428.8774,15 ans,6 mois
2015-01-01,1994.99,-0.031,16811.3837,16887.871,15 ans,6 mois
2015-02-01,2104.5,0.0549,17734.2027,17814.8886,15 ans,6 mois
2015-03-01,2067.8899,-0.0174,17425.6966,17504.9789,15 ans,6 mois
2015-04-01,2085.51,0.0085,17574.1779,17654.1357,15 ans,6 mois
2015-05-01,2107.3899,0.0105,17758.5553,17839.3519,15 ans,6 mois
2015-06-01,2063.1101,-0.021,17385.4183,17464.5173,15 ans,6 mois
2015-07-01,2103.8401,0.0197,17728.6418,17809.3023,15 ans,6 mois
2015-08-01,1972.1801,-0.0626,16619.1689,16694.7816,15 ans,6 mois
2015-09-01,1920.03,-0.0264,16179.711,16253.3243,15 ans,6 mois
2015-10-01,2079.3601,0.083,17522.3539,17602.0759,15 ans,6 mois
2015-11-01,2080.4099,0.0005,17531.2004,17610.9626,15 ans,6 mois
2015-12-01,2043.9399,-0.0175,17223.8752,17302.2392,15 ans,6 mois
2016-01-01,1940.24,-0.0507,16350.0163,16424.4045,15 ans,6 mois
2016-02-01,1932.23,-0.0041,16282.5176,16356.5986,15 ans,6 mois
2016-03-01,2059.74,0.066,17357.019,17435.9888,15 ans,6 mois
2016-04-01,2065.3,0.0027,17403.8725,17483.0555,15 ans,6 mois
2016-05-01,2096.95,0.0153,17670.58,17750.9764,15 ans,6 mois
2016-06-01,2098.8601,0.0009,17686.6765,17767.1461,15 ans,6 mois
2016-07-01,2173.6001,0.0356,18316.4955,18399.8306,15 ans,6 mois
2016-08-01,2170.95,-0.0012,18294.1632,18377.3968,15 ans,6 mois
2016-09-01,2168.27,-0.0012,18271.58,18354.7108,15 ans,6 mois
2016-10-01,2126.1499,-0.0194,17916.6422,17998.1581,15 ans,6 mois
2016-11-01,2198.8101,0.0342,18528.9348,18613.2365,15 ans,6 mois
2016-12-01,2238.8301,0.0182,18866.1756,18952.0116,15 ans,6 mois
2017-01-01,2278.8701,0.0179,19203.585,19290.9562,15 ans,6 mois
2017-02-01,2363.6399,0.0372,19917.923,20008.5442,15 ans,6 mois
2017-03-01,2362.72,-0.0004,19910.171,20000.757,15 ans,6 mois
2017-04-01,2384.2,0.0091,20091.1786,20182.588,15 ans,6 mois
2017-05-01,2411.8,0.0116,20323.7591,20416.2267,15 ans,6 mois
2017-06-01,2423.4099,0.0048,20421.5931,20514.5059,15 ans,6 mois
2017-07-01,2470.3,0.0193,20816.727,20911.4375,15 ans,6 mois
2017-08-01,2471.6499,0.0005,20828.1019,20922.8642,15 ans,6 mois
2017-09-01,2519.3601,0.0193,21230.1463,21326.7378,15 ans,6 mois
2017-10-01,2575.26,0.0222,21701.2037,21799.9383,15 ans,6 mois
2017-11-01,2647.5801,0.0281,22310.6305,22412.1379,15 ans,6 mois
2017-12-01,2673.6101,0.0098,22529.9804,22632.4857,15 ans,6 mois
2018-01-01,2823.8101,0.0562,23795.6855,23903.9494,15 ans,6 mois
2018-02-01,2713.8301,-0.0389,22868.9061,22972.9534,15 ans,6 mois
2018-03-01,2640.8701,-0.0269,22254.087,22355.3371,15 ans,6 mois
2018-04-01,2648.05,0.0027,22314.5908,22416.1162,15 ans,6 mois
2018-05-01,2705.27,0.0216,22796.7721,22900.4913,15 ans,6 mois
2018-06-01,2718.3701,0.0048,22907.1641,23011.3855,15 ans,6 mois
2018-07-01,2816.29,0.036,23732.3158,23840.2914,15 ans,6 mois
2018-08-01,2901.52,0.0303,24450.5318,24561.7752,15 ans,6 mois
2018-09-01,2913.98,0.0043,24555.5295,24667.2505,15 ans,6 mois
2018-10-01,2711.74,-0.0694,22851.2933,22955.2606,15 ans,6 mois
2018-11-01,2760.1699,0.0179,23259.4027,23365.2267,15 ans,6 mois
2018-12-01,2506.8501,-0.0918,21124.7269,21220.8388,15 ans,6 mois
2019-01-01,2704.1001,0.0787,22786.9134,22890.5878,15 ans,6 mois
2019-02-01,2784.49,0.0297,23464.3431,23571.0995,15 ans,6 mois
2019-03-01,2834.3999,0.0179,23884.924,23993.594,15 ans,6 mois
2019-04-01,2945.8301,0.0393,24823.9239,24936.8661,15 ans,6 mois
2019-05-01,2752.0601,-0.0658,23191.0625,23296.5756,15 ans,6 mois
2019-06-01,2941.76,0.0689,24789.6262,24902.4124,15 ans,6 mois
2019-07-01,2980.3799,0.0131,25115.0682,25229.335,15 ans,6 mois
2019-08-01,2926.46,-0.0181,24660.6958,24772.8953,15 ans,6 mois
2019-09-01,2976.74,0.0172,25084.3956,25198.5228,15 ans,6 mois
2019-10-01,3037.5601,0.0204,25596.9142,25713.3733,15 ans,6 mois
2019-11-01,3140.98,0.034,26468.4133,26588.8375,15 ans,6 mois
2019-12-01,3230.78,0.0286,27225.1404,27349.0075,15 ans,6 mois
2020-01-01,3225.52,-0.0016,27180.8154,27304.4808,15 ans,6 mois
2020-02-01,2954.22,-0.0841,24894.6238,25007.8877,15 ans,6 mois
2020-03-01,2584.5901,-0.1251,21779.8264,21878.9187,15 ans,6 mois
2020-04-01,2912.4299,0.1268,24542.4675,24654.1291,15 ans,6 mois
2020-05-01,3044.3101,0.0453,25653.7951,25770.513,15 ans,6 mois
2020-06-01,3100.29,0.0184,26125.5272,26244.3914,15 ans,6 mois
2020-07-01,3271.1201,0.0551,27565.0783,27690.492,15 ans,6 mois
2020-08-01,3500.3101,0.0701,29496.4163,29630.6171,15 ans,6 mois
2020-09-01,3363.0,-0.0392,28339.3318,28468.2682,15 ans,6 mois
2020-10-01,3269.96,-0.0277,27555.3019,27680.6711,15 ans,6 mois
2020-11-01,3621.6299,0.1075,30518.7544,30657.6065,15 ans,6 mois
2020-12-01,3756.0701,0.0371,31651.6551,31795.6616,15 ans,6 mois
2021-01-01,3714.24,-0.0111,31299.1613,31441.5641,15 ans,6 mois
2021-02-01,3811.1499,0.0261,32115.8019,32261.9201,15 ans,6 mois
2021-03-01,3972.8899,0.0424,33478.7526,33631.0719,15 ans,6 mois
2021-04-01,4181.1699,0.0524,35233.8869,35394.1917,15 ans,6 mois
2021-05-01,4204.1099,0.0055,35427.1973,35588.3815,15 ans,6 mois
2021-06-01,4297.5,0.0222,36214.1774,36378.9421,15 ans,6 mois
2021-07-01,4395.2598,0.0227,37037.9794,37206.4923,15 ans,6 mois
2021-08-01,4522.6802,0.029,38111.7259,38285.124,15 ans,6 mois
2021-09-01,4307.54,-0.0476,36298.7828,36463.9325,15 ans,6 mois
2021-10-01,4605.3799,0.0691,38808.6199,38985.1887,15 ans,6 mois
2021-11-01,4567.0,-0.0083,38485.2002,38660.2976,15 ans,6 mois
2021-12-01,4766.1802,0.0436,40163.6519,40346.3858,15 ans,6 mois
2022-01-01,4515.5498,-0.0526,38051.6397,38224.7644,15 ans,6 mois
2022-02-01,4373.9399,-0.0314,36858.3215,37026.017,15 ans,6 mois
2022-03-01,4530.4102,0.0358,38176.8649,38350.5594,15 ans,6 mois
2022-04-01,4131.9302,-0.088,34818.9534,34977.3703,15 ans,6 mois
2022-05-01,4132.1499,0.0001,34820.805,34979.2303,15 ans,6 mois
2022-06-01,3785.3799,-0.0839,31898.643,32043.7733,15 ans,6 mois
2022-07-01,4130.29,0.0911,34805.1323,34963.4863,15 ans,6 mois
2022-08-01,3955.0,-0.0424,33327.998,33479.6315,15 ans,6 mois
2022-09-01,3585.6201,-0.0934,30215.3072,30352.7788,15 ans,6 mois
2022-10-01,3871.98,0.0799,32628.4048,32776.8553,15 ans,6 mois
2022-11-01,4080.1101,0.0538,34382.276,34538.7061,15 ans,6 mois
2022-12-01,3839.5,-0.059,32354.7025,32501.9077,15 ans,6 mois
2023-01-01,4076.6001,0.0618,34352.6978,34508.9934,15 ans,6 mois
2023-02-01,3970.1499,-0.0261,33455.6632,33607.8775,15 ans,6 mois
2023-03-01,4109.3101,0.0351,34628.3382,34785.8878,15 ans,6 mois
2023-04-01,4169.48,0.0146,35135.3781,35295.2347,15 ans,6 mois
2023-05-01,4179.8301,0.0025,35222.5963,35382.8497,15 ans,6 mois
2023-06-01,4450.3799,0.0647,37502.4657,37673.0919,15 ans,6 mois
2023-07-01,4588.96,0.0311,38670.2524,38846.1917,15 ans,6 mois
2023-08-01,4507.6602,-0.0177,37985.1552,38157.9774,15 ans,6 mois
2023-09-01,4288.0498,-0.0487,36134.5424,36298.9449,15 ans,6 mois
2023-10-01,4193.7998,-0.022,35340.3164,35501.1054,15 ans,6 mois
2023-11-01,4567.7998,0.0892,38491.94,38667.068,15 ans,6 mois
2023-12-01,4769.8301,0.0442,40194.4089,40377.2827,15 ans,6 mois
2024-01-01,4845.6499,0.0159,40833.3275,41019.1082,15 ans,6 mois
2024-02-01,5096.27,0.0517,42945.2534,43140.6427,15 ans,6 mois
2024-03-01,5254.3501,0.031,44277.3627,44478.8129,15 ans,6 mois
2024-04-01,5035.6899,-0.0416,42434.7571,42627.8239,15 ans,6 mois
2024-05-01,5277.5098,0.048,44472.5246,44674.8627,15 ans,6 mois
2024-06-01,5460.48,0.0347,46014.3782,46223.7313,15 ans,6 mois
2024-07-01,5522.2998,0.0113,46535.3216,46747.0448,15 ans,6 mois
2024-08-01,5648.3999,0.0228,47597.942,47814.4999,15 ans,6 mois
2024-09-01,5762.48,0.0202,48559.2721,48780.2038,15 ans,6 mois
2024-10-01,5705.4502,-0.0099,48078.6935,48297.4386,15 ans,6 mois
2024-11-01,6032.3799,0.0573,50833.6649,51064.9444,15 ans,6 mois
2024-12-01,5881.6299,-0.025,49563.3247,49788.8245,15 ans,6 mois
2025-01-01,6040.5298,0.027,50902.3425,51133.9345,15 ans,6 mois
2025-02-01,5954.5,-0.0142,50177.3866,50405.6803,15 ans,6 mois
2025-03-01,5611.8501,-0.0575,47289.9441,47505.1007,15 ans,6 mois
2025-04-01,5363.3599,-0.0443,45195.9663,45401.5959,15 ans,6 mois
2015-05-01,2107.3899,0.0105,10104.9138,1684.1523,10 ans,6 mois
2015-06-01,2063.1101,-0.021,9892.5927,3315.7995,10 ans,6 mois
2015-07-01,2103.8401,0.0197,10087.8925,5015.3696,10 ans,6 mois
2015-08-01,1972.1801,-0.0626,9456.584,6577.7349,10 ans,6 mois
2015-09-01,1920.03,-0.0264,9206.5251,8200.3302,10 ans,6 mois
2015-10-01,2079.3601,0.083,9970.5113,10005.302,10 ans,6 mois
2015-11-01,2080.4099,0.0005,9975.5451,10010.3534,10 ans,6 mois
2015-12-01,2043.9399,-0.0175,9800.6719,9834.87,10 ans,6 mois
2016-01-01,1940.24,-0.0507,9303.4317,9335.8947,10 ans,6 mois
2016-02-01,1932.23,-0.0041,9265.0238,9297.3528,10 ans,6 mois
2016-03-01,2059.74,0.066,9876.433,9910.8955,10 ans,6 mois
2016-04-01,2065.3,0.0027,9903.0934,9937.6489,10 ans,6 mois
2016-05-01,2096.95,0.0153,10054.8544,10089.9394,10 ans,6 mois
2016-06-01,2098.8601,0.0009,10064.0136,10099.1306,10 ans,6 mois
2016-07-01,2173.6001,0.0356,10422.3911,10458.7586,10 ans,6 mois
2016-08-01,2170.95,-0.0012,10409.6837,10446.0068,10 ans,6 mois
2016-09-01,2168.27,-0.0012,10396.8334,10433.1118,10 ans,6 mois
2016-10-01,2126.1499,-0.0194,10194.8679,10230.4415,10 ans,6 mois
2016-11-01,2198.8101,0.0342,10543.2726,10580.0619,10 ans,6 mois
2016-12-01,2238.8301,0.0182,10735.1682,10772.6271,10 ans,6 mois
2017-01-01,2278.8701,0.0179,10927.1598,10965.2886,10 ans,6 mois
2017-02-01,2363.6399,0.0372,11333.6301,11373.1772,10 ans,6 mois
2017-03-01,2362.72,-0.0004,11329.219,11368.7508,10 ans,6 mois
2017-04-01,2384.2,0.0091,11432.2153,11472.1065,10 ans,6 mois
2017-05-01,2411.8,0.0116,11564.5575,11604.9105,10 ans,6 mois
2017-06-01,2423.4099,0.0048,11620.2267,11660.7739,10 ans,6 mois
2017-07-01,2470.3,0.0193,11845.0645,11886.3962,10 ans,6 mois
2017-08-01,2471.6499,0.0005,11851.537,11892.8913,10 ans,6 mois
2017-09-01,2519.3601,0.0193,12080.307,12122.4595,10 ans,6 mois
2017-10-01,2575.26,0.0222,12348.3464,12391.4343,10 ans,6 mois
2017-11-01,2647.5801,0.0281,12695.1205,12739.4183,10 ans,6 mois
2017-12-01,2673.6101,0.0098,12819.9342,12864.6676,10 ans,6 mois
2018-01-01,2823.8101,0.0562,13540.1415,13587.3879,10 ans,6 mois
2018-02-01,2713.8301,-0.0389,13012.7886,13058.1949,10 ans,6 mois
2018-03-01,2640.8701,-0.0269,12662.9463,12707.1319,10 ans,6 mois
2018-04-01,2648.05,0.0027,12697.374,12741.6797,10 ans,6 mois
2018-05-01,2705.27,0.0216,12971.7432,13017.0063,10 ans,6 mois
2018-06-01,2718.3701,0.0048,13034.558,13080.0403,10 ans,6 mois
2018-07-01,2816.29,0.036,13504.0831,13551.2037,10 ans,6 mois
2018-08-01,2901.52,0.0303,13912.76,13961.3066,10 ans,6 mois
2018-09-01,2913.98,0.0043,13972.5054,14021.2605,10 ans,6 mois
2018-10-01,2711.74,-0.0694,13002.7666,13048.138,10 ans,6 mois
2018-11-01,2760.1699,0.0179,13234.9876,13281.1693,10 ans,6 mois
2018-12-01,2506.8501,-0.0918,12020.3216,12062.2648,10 ans,6 mois
2019-01-01,2704.1001,0.0787,12966.1334,13011.3769,10 ans,6 mois
2019-02-01,2784.49,0.0297,13351.6021,13398.1907,10 ans,6 mois
2019-03-01,2834.3999,0.0179,13590.9197,13638.3433,10 ans,6 mois
2019-04-01,2945.8301,0.0393,14125.2263,14174.5143,10 ans,6 mois
2019-05-01,2752.0601,-0.0658,13196.1009,13242.1469,10 ans,6 mois
2019-06-01,2941.76,0.0689,14105.7103,14154.9303,10 ans,6 mois
2019-07-01,2980.3799,0.0131,14290.8922,14340.7584,10 ans,6 mois
2019-08-01,2926.46,-0.0181,14032.3468,14081.3107,10 ans,6 mois
2019-09-01,2976.74,0.0172,14273.439,14323.2442,10 ans,6 mois
2019-10-01,3037.5601,0.0204,14565.0706,14615.8934,10 ans,6 mois
2019-11-01,3140.98,0.034,15060.9681,15113.5213,10 ans,6 mois
2019-12-01,3230.78,0.0286,15491.5585,15545.6142,10 ans,6 mois
2020-01-01,3225.52,-0.0016,15466.3368,15520.3045,10 ans,6 mois
2020-02-01,2954.22,-0.0841,14165.4557,14214.8841,10 ans,6 mois
2020-03-01,2584.5901,-0.1251,12393.0841,12436.328,10 ans,6 mois
2020-04-01,2912.4299,0.1268,13965.0729,14013.8021,10 ans,6 mois
2020-05-01,3044.3101,0.0453,14597.4368,14648.3726,10 ans,6 mois
2020-06-01,3100.29,0.0184,14865.8603,14917.7327,10 ans,6 mois
2020-07-01,3271.1201,0.0551,15684.9888,15739.7194,10 ans,6 mois
2020-08-01,3500.3101,0.0701,16783.9523,16842.5176,10 ans,6 mois
2020-09-01,3363.0,-0.0392,16125.5519,16181.8199,10 ans,6 mois
2020-10-01,3269.96,-0.0277,15679.4259,15734.1371,10 ans,6 mois
2020-11-01,3621.6299,0.1075,17365.6797,17426.2749,10 ans,6 mois
2020-12-01,3756.0701,0.0371,18010.3191,18073.1636,10 ans,6 mois
2021-01-01,3714.24,-0.0111,17809.7442,17871.8889,10 ans,6 mois
2021-02-01,3811.1499,0.0261,18274.4263,18338.1924,10 ans,6 mois
2021-03-01,3972.8899,0.0424,19049.968,19116.4402,10 ans,6 mois
2021-04-01,4181.1699,0.0524,20048.6687,20118.6258,10 ans,6 mois
2021-05-01,4204.1099,0.0055,20158.6655,20229.0064,10 ans,6 mois
2021-06-01,4297.5,0.0222,20606.4703,20678.3737,10 ans,6 mois
2021-07-01,4395.2598,0.0227,21075.2274,21148.7665,10 ans,6 mois
2021-08-01,4522.6802,0.029,21686.207,21761.878,10 ans,6 mois
2021-09-01,4307.54,-0.0476,20654.6122,20726.6836,10 ans,6 mois
2021-10-01,4605.3799,0.0691,22082.7513,22159.806,10 ans,6 mois
2021-11-01,4567.0,-0.0083,21898.7201,21975.1327,10 ans,6 mois
2021-12-01,4766.1802,0.0436,22853.7871,22933.5323,10 ans,6 mois
2022-01-01,4515.5498,-0.0526,21652.0169,21727.5687,10 ans,6 mois
2022-02-01,4373.9399,-0.0314,20972.999,21046.1814,10 ans,6 mois
2022-03-01,4530.4102,0.0358,21723.2722,21799.0726,10 ans,6 mois
2022-04-01,4131.9302,-0.088,19812.5646,19881.6978,10 ans,6 mois
2022-05-01,4132.1499,0.0001,19813.6182,19882.7551,10 ans,6 mois
2022-06-01,3785.3799,-0.0839,18150.8593,18214.1943,10 ans,6 mois
2022-07-01,4130.29,0.0911,19804.7001,19873.8059,10 ans,6 mois
2022-08-01,3955.0,-0.0424,18964.1861,19030.3591,10 ans,6 mois
2022-09-01,3585.6201,-0.0934,17193.0132,17253.0059,10 ans,6 mois
2022-10-01,3871.98,0.0799,18566.106,18630.8898,10 ans,6 mois
2022-11-01,4080.1101,0.0538,19564.0879,19632.3541,10 ans,6 mois
2022-12-01,3839.5,-0.059,18410.3648,18474.6052,10 ans,6 mois
2023-01-01,4076.6001,0.0618,19547.2574,19615.4649,10 ans,6 mois
2023-02-01,3970.1499,-0.0261,19036.8298,19103.2562,10 ans,6 mois
2023-03-01,4109.3101,0.0351,19704.1013,19772.8561,10 ans,6 mois
2023-04-01,4169.48,0.0146,19992.6155,20062.377,10 ans,6 mois
2023-05-01,4179.8301,0.0025,20042.2441,20112.1788,10 ans,6 mois
2023-06-01,4450.3799,0.0647,21339.5278,21413.9892,10 ans,6 mois
2023-07-01,4588.96,0.0311,22004.0179,22080.7979,10 ans,6 mois
2023-08-01,4507.6602,-0.0177,21614.1861,21689.6059,10 ans,6 mois
2023-09-01,4288.0498,-0.0487,20561.1567,20632.902,10 ans,6 mois
2023-10-01,4193.7998,-0.022,20109.2288,20179.3972,10 ans,6 mois
2023-11-01,4567.7998,0.0892,21902.5552,21978.9811,10 ans,6 mois
2023-12-01,4769.8301,0.0442,22871.2883,22951.0946,10 ans,6 mois
2024-01-01,4845.6499,0.0159,23234.8437,23315.9185,10 ans,6 mois
2024-02-01,5096.27,0.0517,24436.5647,24521.8327,10 ans,6 mois
2024-03-01,5254.3501,0.031,25194.5571,25282.47,10 ans,6 mois
2024-04-01,5035.6899,-0.0416,24146.0838,24230.3382,10 ans,6 mois
2024-05-01,5277.5098,0.048,25305.6075,25393.9079,10 ans,6 mois
2024-06-01,5460.48,0.0347,26182.9478,26274.3097,10 ans,6 mois
2024-07-01,5522.2998,0.0113,26479.3733,26571.7694,10 ans,6 mois
2024-08-01,5648.3999,0.0228,27084.022,27178.528,10 ans,6 mois
2024-09-01,5762.48,0.0202,27631.0349,27727.4496,10 ans,6 mois
2024-10-01,5705.4502,-0.0099,27357.5776,27453.0381,10 ans,6 mois
2024-11-01,6032.3799,0.0573,28925.2023,29026.1328,10 ans,6 mois
2024-12-01,5881.6299,-0.025,28202.3575,28300.7657,10 ans,6 mois
2025-01-01,6040.5298,0.027,28964.281,29065.3478,10 ans,6 mois
2025-02-01,5954.5,-0.0142,28551.769,28651.3965,10 ans,6 mois
2025-03-01,5611.8501,-0.0575,26908.7661,27002.6605,10 ans,6 mois
2025-04-01,5363.3599,-0.0443,25717.2578,25806.9947,10 ans,6 mois
2020-05-01,3044.3101,0.0453,10452.8182,1742.1364,5 ans,6 mois
2020-06-01,3100.29,0.0184,10645.0288,3439.4504,5 ans,6 mois
2020-07-01,3271.1201,0.0551,11231.5839,5197.9526,5 ans,6 mois
2020-08-01,3500.3101,0.0701,12018.5211,6981.3937,5 ans,6 mois
2020-09-01,3363.0,-0.0392,11547.0589,8582.6804,5 ans,6 mois
2020-10-01,3269.96,-0.0277,11227.6004,10203.2374,5 ans,6 mois
2020-11-01,3621.6299,0.1075,12435.0799,11300.5511,5 ans,6 mois
2020-12-01,3756.0701,0.0371,12896.6882,11720.044,5 ans,6 mois
2021-01-01,3714.24,-0.0111,12753.0621,11589.5219,5 ans,6 mois
2021-02-01,3811.1499,0.0261,13085.808,11891.9093,5 ans,6 mois
2021-03-01,3972.8899,0.0424,13641.1518,12396.5857,5 ans,6 mois
2021-04-01,4181.1699,0.0524,14356.2936,13046.4807,5 ans,6 mois
2021-05-01,4204.1099,0.0055,14435.0593,13118.06,5 ans,6 mois
2021-06-01,4297.5,0.0222,14755.7198,13409.4647,5 ans,6 mois
2021-07-01,4395.2598,0.0227,15091.3837,13714.504,5 ans,6 mois
2021-08-01,4522.6802,0.029,15528.8892,14112.0932,5 ans,6 mois
2021-09-01,4307.54,-0.0476,14790.1929,13440.7926,5 ans,6 mois
2021-10-01,4605.3799,0.0691,15812.8435,14370.1406,5 ans,6 mois
2021-11-01,4567.0,-0.0083,15681.0639,14250.384,5 ans,6 mois
2021-12-01,4766.1802,0.0436,16364.9608,14871.8848,5 ans,6 mois
2022-01-01,4515.5498,-0.0526,15504.4067,14089.8443,5 ans,6 mois
2022-02-01,4373.9399,-0.0314,15018.1808,13647.9798,5 ans,6 mois
2022-03-01,4530.4102,0.0358,15555.4306,14136.213,5 ans,6 mois
2022-04-01,4131.9302,-0.088,14187.226,12892.8382,5 ans,6 mois
2022-05-01,4132.1499,0.0001,14187.9805,12893.5238,5 ans,6 mois
2022-06-01,3785.3799,-0.0839,12997.3252,11811.4993,5 ans,6 mois
2022-07-01,4130.29,0.0911,14181.5945,12887.7204,5 ans,6 mois
2022-08-01,3955.0,-0.0424,13579.7258,12340.7639,5 ans,6 mois
2022-09-01,3585.6201,-0.0934,12311.4382,11188.19,5 ans,6 mois
2022-10-01,3871.98,0.0799,13294.6717,12081.717,5 ans,6 mois
2022-11-01,4080.1101,0.0538,14009.2988,12731.1443,5 ans,6 mois
2022-12-01,3839.5,-0.059,13183.1498,11980.3699,5 ans,6 mois
2023-01-01,4076.6001,0.0618,13997.2469,12720.192,5 ans,6 mois
2023-02-01,3970.1499,-0.0261,13631.7439,12388.0361,5 ans,6 mois
2023-03-01,4109.3101,0.0351,14109.5585,12822.2567,5 ans,6 mois
2023-04-01,4169.48,0.0146,14316.1555,13010.0046,5 ans,6 mois
2023-05-01,4179.8301,0.0025,14351.6932,13042.3,5 ans,6 mois
2023-06-01,4450.3799,0.0647,15280.6419,13886.495,5 ans,6 mois
2023-07-01,4588.96,0.0311,15756.4648,14318.9056,5 ans,6 mois
2023-08-01,4507.6602,-0.0177,15477.3171,14065.2263,5 ans,6 mois
2023-09-01,4288.0498,-0.0487,14723.272,13379.9773,5 ans,6 mois
2023-10-01,4193.7998,-0.022,14399.6591,13085.8896,5 ans,6 mois
2023-11-01,4567.7998,0.0892,15683.8101,14252.8797,5 ans,6 mois
2023-12-01,4769.8301,0.0442,16377.493,14883.2736,5 ans,6 mois
2024-01-01,4845.6499,0.0159,16637.8248,15119.8537,5 ans,6 mois
2024-02-01,5096.27,0.0517,17498.3438,15901.8623,5 ans,6 mois
2024-03-01,5254.3501,0.031,18041.1211,16395.1186,5 ans,6 mois
2024-04-01,5035.6899,-0.0416,17290.3385,15712.8346,5 ans,6 mois
2024-05-01,5277.5098,0.048,18120.6411,16467.3836,5 ans,6 mois
2024-06-01,5460.48,0.0347,18748.8802,17038.3045,5 ans,6 mois
2024-07-01,5522.2998,0.0113,18961.1422,17231.2006,5 ans,6 mois
2024-08-01,5648.3999,0.0228,19394.1143,17624.67,5 ans,6 mois
2024-09-01,5762.48,0.0202,19785.815,17980.6334,5 ans,6 mois
2024-10-01,5705.4502,-0.0099,19589.9999,17802.6837,5 ans,6 mois
2024-11-01,6032.3799,0.0573,20712.5322,18822.8005,5 ans,6 mois
2024-12-01,5881.6299,-0.025,20194.9232,18352.4162,5 ans,6 mois
2025-01-01,6040.5298,0.027,20740.5154,18848.2306,5 ans,6 mois
2025-02-01,5954.5,-0.0142,20445.1271,18579.7924,5 ans,6 mois
2025-03-01,5611.8501,-0.0575,19268.6184,17510.6238,5 ans,6 mois
2025-04-01,5363.3599,-0.0443,18415.4125,16735.2612,5 ans,6 mois
2000-05-01,1420.6,-0.0219,9780.8495,815.0708,25 ans,12 mois
2000-06-01,1454.6,0.0239,10014.9399,1668.3487,25 ans,12 mois
2000-07-01,1430.83,-0.0163,9851.283,2488.0644,25 ans,12 mois
2000-08-01,1517.6801,0.0607,10449.2471,3371.9803,25 ans,12 mois
2000-09-01,1436.51,-0.0535,9890.3903,4160.7445,25 ans,12 mois
2000-10-01,1429.4,-0.0049,9841.4379,4989.9532,25 ans,12 mois
2000-11-01,1314.95,-0.0801,9053.4477,5756.5627,25 ans,12 mois
2000-12-01,1320.28,0.0041,9090.1453,6593.2739,25 ans,12 mois
2001-01-01,1366.01,0.0346,9404.9969,7455.4711,25 ans,12 mois
2001-02-01,1239.9399,-0.0923,8537.0028,8211.8955,25 ans,12 mois
2001-03-01,1160.33,-0.0642,7988.887,8991.7249,25 ans,12 mois
2001-04-01,1249.46,0.0768,8602.5482,9889.0702,25 ans,12 mois
2001-05-01,1255.8199,0.0051,8646.3368,9939.4074,25 ans,12 mois
2001-06-01,1224.38,-0.025,8429.8724,9690.5704,25 ans,12 mois
2001-07-01,1211.23,-0.0107,8339.3343,9586.4923,25 ans,12 mois
2001-08-01,1133.58,-0.0641,7804.7129,8971.9175,25 ans,12 mois
2001-09-01,1040.9399,-0.0817,7166.8852,8238.7019,25 ans,12 mois
2001-10-01,1059.78,0.0181,7296.5994,8387.8151,25 ans,12 mois
2001-11-01,1139.45,0.0752,7845.1279,9018.3766,25 ans,12 mois
2001-12-01,1148.08,0.0076,7904.5456,9086.6803,25 ans,12 mois
2002-01-01,1130.2,-0.0156,7781.4415,8945.1659,25 ans,12 mois
2002-02-01,1106.73,-0.0208,7619.8505,8759.4087,25 ans,12 mois
2002-03-01,1147.39,0.0367,7899.7953,9081.2197,25 ans,12 mois
2002-04-01,1076.92,-0.0614,7414.6086,8523.4727,25 ans,12 mois
2002-05-01,1067.14,-0.0091,7347.273,8446.0669,25 ans,12 mois
2002-06-01,989.82,-0.0725,6814.9238,7834.1042,25 ans,12 mois
2002-07-01,911.62,-0.079,6276.5156,7215.1765,25 ans,12 mois
2002-08-01,916.07,0.0049,6307.154,7250.3969,25 ans,12 mois
2002-09-01,815.28,-0.11,5613.2137,6452.6769,25 ans,12 mois
2002-10-01,885.76,0.0864,6098.4693,7010.5031,25 ans,12 mois
2002-11-01,936.31,0.0571,6446.5066,7410.5898,25 ans,12 mois
2002-12-01,879.82,-0.0603,6057.5723,6963.4899,25 ans,12 mois
2003-01-01,855.7,-0.0274,5891.5058,6772.5879,25 ans,12 mois
2003-02-01,841.15,-0.017,5791.329,6657.4295,25 ans,12 mois
2003-03-01,848.18,0.0084,5839.7304,6713.0694,25 ans,12 mois
2003-04-01,916.92,0.081,6313.0061,7257.1241,25 ans,12 mois
2003-05-01,963.59,0.0509,6634.33,7626.5024,25 ans,12 mois
2003-06-01,974.5,0.0113,6709.4453,7712.8513,25 ans,12 mois
2003-07-01,990.31,0.0162,6818.2973,7837.9823,25 ans,12 mois
2003-08-01,1008.01,0.0179,6940.1622,7978.0721,25 ans,12 mois
2003-09-01,995.97,-0.0119,6857.2663,7882.7791,25 ans,12 mois
2003-10-01,1050.71,0.055,7234.1519,8316.0284,25 ans,12 mois
2003-11-01,1058.2,0.0071,7285.7206,8375.3092,25 ans,12 mois
2003-12-01,1111.92,0.0508,7655.5841,8800.4863,25 ans,12 mois
2004-01-01,1131.13,0.0173,7787.8449,8952.527,25 ans,12 mois
2004-02-01,1144.9399,0.0122,7882.9265,9061.8281,25 ans,12 mois
2004-03-01,1126.21,-0.0164,7753.9704,8913.5864,25 ans,12 mois
2004-04-01,1107.3,-0.0168,7623.7754,8763.9206,25 ans,12 mois
2004-05-01,1120.6801,0.0121,7715.8969,8869.819,25 ans,12 mois
2004-06-01,1140.84,0.018,7854.6982,9029.3781,25 ans,12 mois
2004-07-01,1101.72,-0.0343,7585.3565,8719.7561,25 ans,12 mois
2004-08-01,1104.24,0.0023,7602.7068,8739.7012,25 ans,12 mois
2004-09-01,1114.58,0.0094,7673.8976,8821.5387,25 ans,12 mois
2004-10-01,1130.2,0.014,7781.4415,8945.1659,25 ans,12 mois
2004-11-01,1173.8199,0.0386,8081.7658,9290.404,25 ans,12 mois
2004-12-01,1211.92,0.0325,8344.0854,9591.9539,25 ans,12 mois
2005-01-01,1181.27,-0.0253,8133.0596,9349.3689,25 ans,12 mois
2005-02-01,1203.6,0.0189,8286.8016,9526.1033,25 ans,12 mois
2005-03-01,1180.59,-0.0191,8128.3774,9343.9865,25 ans,12 mois
2005-04-01,1156.85,-0.0201,7964.9273,9156.0922,25 ans,12 mois
2005-05-01,1191.5,0.03,8203.4932,9430.3359,25 ans,12 mois
2005-06-01,1191.33,-0.0001,8202.3224,9428.99,25 ans,12 mois
2005-07-01,1234.1801,0.036,8497.3459,9768.1347,25 ans,12 mois
2005-08-01,1220.33,-0.0112,8401.9878,9658.5156,25 ans,12 mois
2005-09-01,1228.8101,0.0069,8460.3734,9725.6329,25 ans,12 mois
2005-10-01,1207.01,-0.0177,8310.2798,9553.0926,25 ans,12 mois
2005-11-01,1249.48,0.0352,8602.6861,9889.2286,25 ans,12 mois
2005-12-01,1248.29,-0.001,8594.4933,9879.8106,25 ans,12 mois
2006-01-01,1280.08,0.0255,8813.3673,10131.4175,25 ans,12 mois
2006-02-01,1280.66,0.0005,8817.3612,10136.0086,25 ans,12 mois
2006-03-01,1294.87,0.0111,8915.1969,10248.4758,25 ans,12 mois
2006-04-01,1310.61,0.0122,9023.567,10373.0528,25 ans,12 mois
2006-05-01,1270.09,-0.0309,8744.5861,10052.35,25 ans,12 mois
2006-06-01,1270.2,0.0001,8745.3434,10053.2205,25 ans,12 mois
2006-07-01,1276.66,0.0051,8789.8211,10104.3499,25 ans,12 mois
2006-08-01,1303.8199,0.0213,8976.8175,10319.3118,25 ans,12 mois
2006-09-01,1335.85,0.0246,9197.3446,10572.8191,25 ans,12 mois
2006-10-01,1377.9399,0.0315,9487.1346,10905.9475,25 ans,12 mois
2006-11-01,1400.63,0.0165,9643.356,11085.532,25 ans,12 mois
2006-12-01,1418.3,0.0126,9765.0145,11225.3847,25 ans,12 mois
2007-01-01,1438.24,0.0141,9902.3012,11383.2028,25 ans,12 mois
2007-02-01,1406.8199,-0.0218,9685.9738,11134.5234,25 ans,12 mois
2007-03-01,1420.86,0.01,9782.6397,11245.6457,25 ans,12 mois
2007-04-01,1482.37,0.0433,10206.1369,11732.4775,25 ans,12 mois
2007-05-01,1530.62,0.0325,10538.3388,12114.3606,25 ans,12 mois
2007-06-01,1503.35,-0.0178,10350.5843,11898.5272,25 ans,12 mois
2007-07-01,1455.27,-0.032,10019.5532,11517.99,25 ans,12 mois
2007-08-01,1473.99,0.0129,10148.4404,11666.1525,25 ans,12 mois
2007-09-01,1526.75,0.0358,10511.6938,12083.7308,25 ans,12 mois
2007-10-01,1549.38,0.0148,10667.5017,12262.84,25 ans,12 mois
2007-11-01,1481.14,-0.044,10197.6685,11722.7426,25 ans,12 mois
2007-12-01,1468.36,-0.0086,10109.6778,11621.5928,25 ans,12 mois
2008-01-01,1378.55,-0.0612,9491.3352,10910.7763,25 ans,12 mois
2008-02-01,1330.63,-0.0348,9161.4051,10531.5047,25 ans,12 mois
2008-03-01,1322.7,-0.006,9106.8065,10468.7409,25 ans,12 mois
2008-04-01,1385.59,0.0475,9539.8051,10966.495,25 ans,12 mois
2008-05-01,1400.38,0.0107,9641.6347,11083.5533,25 ans,12 mois
2008-06-01,1280.0,-0.086,8812.8168,10130.7847,25 ans,12 mois
2008-07-01,1267.38,-0.0099,8725.928,10030.9015,25 ans,12 mois
2008-08-01,1282.83,0.0122,8832.3011,10153.1828,25 ans,12 mois
2008-09-01,1166.36,-0.0908,8030.4038,9231.3608,25 ans,12 mois
2008-10-01,968.75,-0.1694,6669.8565,7667.3419,25 ans,12 mois
2008-11-01,896.24,-0.0748,6170.6241,7093.4487,25 ans,12 mois
2008-12-01,903.25,0.0078,6218.8881,7148.9307,25 ans,12 mois
2009-01-01,825.88,-0.0857,5686.1947,6536.5723,25 ans,12 mois
2009-02-01,735.09,-0.1099,5061.1045,5817.999,25 ans,12 mois
2009-03-01,797.87,0.0854,5493.3454,6314.8821,25 ans,12 mois
2009-04-01,872.81,0.0939,6009.3083,6908.0079,25 ans,12 mois
2009-05-01,919.14,0.0531,6328.2911,7274.695,25 ans,12 mois
2009-06-01,919.32,0.0002,6329.5303,7276.1196,25 ans,12 mois
2009-07-01,987.48,0.0741,6798.8126,7815.5836,25 ans,12 mois
2009-08-01,1020.62,0.0336,7026.9821,8077.8761,25 ans,12 mois
2009-09-01,1057.08,0.0357,7278.0094,8366.4448,25 ans,12 mois
2009-10-01,1036.1899,-0.0198,7134.1814,8201.1072,25 ans,12 mois
2009-11-01,1095.63,0.0574,7543.427,8671.556,25 ans,12 mois
2009-12-01,1115.1,0.0178,7677.478,8825.6545,25 ans,12 mois
2010-01-01,1073.87,-0.037,7393.609,8499.3326,25 ans,12 mois
2010-02-01,1104.49,0.0285,7604.4281,8741.6799,25 ans,12 mois
2010-03-01,1169.4301,0.0588,8051.5413,9255.6594,25 ans,12 mois
2010-04-01,1186.6899,0.0148,8170.3758,9392.2658,25 ans,12 mois
2010-05-01,1089.41,-0.082,7500.6024,8622.3269,25 ans,12 mois
2010-06-01,1030.71,-0.0539,7096.4516,8157.7349,25 ans,12 mois
2010-07-01,1101.6,0.0688,7584.5303,8718.8064,25 ans,12 mois
2010-08-01,1049.33,-0.0474,7224.6505,8305.1061,25 ans,12 mois
2010-09-01,1141.2,0.0876,7857.1767,9032.2273,25 ans,12 mois
2010-10-01,1183.26,0.0369,8146.7607,9365.119,25 ans,12 mois
2010-11-01,1180.55,-0.0023,8128.1026,9343.6706,25 ans,12 mois
2010-12-01,1257.64,0.0653,8658.868,9953.8126,25 ans,12 mois
2011-01-01,1286.12,0.0226,8854.9531,10179.2224,25 ans,12 mois
2011-02-01,1327.22,0.032,9137.9269,10504.5154,25 ans,12 mois
2011-03-01,1325.83,-0.001,9128.3567,10493.5139,25 ans,12 mois
2011-04-01,1363.61,0.0285,9388.4727,10792.5306,25 ans,12 mois
2011-05-01,1345.2,-0.0135,9261.7193,10646.8211,25 ans,12 mois
2011-06-01,1320.64,-0.0183,9092.6238,10452.4372,25 ans,12 mois
2011-07-01,1292.28,-0.0215,8897.365,10227.9771,25 ans,12 mois
2011-08-01,1218.89,-0.0568,8392.0738,9647.119,25 ans,12 mois
2011-09-01,1131.42,-0.0718,7789.8419,8954.8225,25 ans,12 mois
2011-10-01,1253.3,0.1077,8628.9873,9919.4632,25 ans,12 mois
2011-11-01,1246.96,-0.0051,8585.3357,9869.2835,25 ans,12 mois
2011-12-01,1257.6,0.0085,8658.5924,9953.4957,25 ans,12 mois
2012-01-01,1312.41,0.0436,9035.9603,10387.2996,25 ans,12 mois
2012-02-01,1365.6801,0.0406,9402.7251,10808.9145,25 ans,12 mois
2012-03-01,1408.47,0.0313,9697.3343,11147.5828,25 ans,12 mois
2012-04-01,1397.91,-0.0075,9624.6289,11064.0043,25 ans,12 mois
2012-05-01,1310.33,-0.0627,9021.639,10370.8364,25 ans,12 mois
2012-06-01,1362.16,0.0396,9378.4897,10781.0547,25 ans,12 mois
2012-07-01,1379.3199,0.0126,9496.6359,10916.8698,25 ans,12 mois
2012-08-01,1406.58,0.0198,9684.3215,11132.6239,25 ans,12 mois
2012-09-01,1440.67,0.0242,9919.0322,11402.4359,25 ans,12 mois
2012-10-01,1412.16,-0.0198,9722.7404,11176.7884,25 ans,12 mois
2012-11-01,1416.1801,0.0028,9750.4183,11208.6056,25 ans,12 mois
2012-12-01,1426.1899,0.0071,9819.3365,11287.8306,25 ans,12 mois
2013-01-01,1498.11,0.0504,10314.5069,11857.0544,25 ans,12 mois
2013-02-01,1514.6801,0.0111,10428.5921,11988.2011,25 ans,12 mois
2013-03-01,1569.1899,0.036,10803.8934,12419.6292,25 ans,12 mois
2013-04-01,1597.5699,0.0181,10999.2901,12644.2477,25 ans,12 mois
2013-05-01,1630.74,0.0208,11227.6663,12906.7779,25 ans,12 mois
2013-06-01,1606.28,-0.015,11059.2591,12713.1852,25 ans,12 mois
2013-07-01,1685.73,0.0495,11606.2731,13342.0058,25 ans,12 mois
2013-08-01,1632.97,-0.0313,11243.0197,12924.4274,25 ans,12 mois
2013-09-01,1681.55,0.0297,11577.4942,13308.923,25 ans,12 mois
2013-10-01,1756.54,0.0446,12093.8012,13902.4444,25 ans,12 mois
2013-11-01,1805.8101,0.028,12433.026,14292.4007,25 ans,12 mois
2013-12-01,1848.36,0.0236,12725.9828,14629.1695,25 ans,12 mois
2014-01-01,1782.59,-0.0356,12273.1553,14108.6212,25 ans,12 mois
2014-02-01,1859.45,0.0431,12802.3373,14716.943,25 ans,12 mois
2014-03-01,1872.34,0.0069,12891.0853,14818.9633,25 ans,12 mois
2014-04-01,1883.95,0.0062,12971.0202,14910.8526,25 ans,12 mois
2014-05-01,1923.5699,0.021,13243.8043,15224.432,25 ans,12 mois
2014-06-01,1960.23,0.0191,13496.2092,15514.5842,25 ans,12 mois
2014-07-01,1930.67,-0.0151,13292.6886,15280.6269,25 ans,12 mois
2014-08-01,2003.37,0.0377,13793.2287,15856.0235,25 ans,12 mois
2014-09-01,1972.29,-0.0155,13579.2428,15610.0357,25 ans,12 mois
2014-10-01,2018.05,0.0232,13894.3011,15972.2113,25 ans,12 mois
2014-11-01,2067.5601,0.0245,14235.1782,16364.067,25 ans,12 mois
2014-12-01,2058.8999,-0.0042,14175.5529,16295.5247,25 ans,12 mois
2015-01-01,1994.99,-0.031,13735.5323,15789.6984,25 ans,12 mois
2015-02-01,2104.5,0.0549,14489.5101,16656.4346,25 ans,12 mois
2015-03-01,2067.8899,-0.0174,14237.4491,16366.6775,25 ans,12 mois
2015-04-01,2085.51,0.0085,14358.7638,16506.135,25 ans,12 mois
2015-05-01,2107.3899,0.0105,14509.4071,16679.3072,25 ans,12 mois
2015-06-01,2063.1101,-0.021,14204.5402,16328.8471,25 ans,12 mois
2015-07-01,2103.8401,0.0197,14484.9666,16651.2116,25 ans,12 mois
2015-08-01,1972.1801,-0.0626,13578.4856,15609.1652,25 ans,12 mois
2015-09-01,1920.03,-0.0264,13219.432,15196.4147,25 ans,12 mois
2015-10-01,2079.3601,0.083,14316.4217,16457.4605,25 ans,12 mois
2015-11-01,2080.4099,0.0005,14323.6496,16465.7694,25 ans,12 mois
2015-12-01,2043.9399,-0.0175,14072.5533,16177.1214,25 ans,12 mois
2016-01-01,1940.24,-0.0507,13358.5778,15356.3699,25 ans,12 mois
2016-02-01,1932.23,-0.0041,13303.4288,15292.9733,25 ans,12 mois
2016-03-01,2059.74,0.066,14181.3369,16302.1737,25 ans,12 mois
2016-04-01,2065.3,0.0027,14219.618,16346.1797,25 ans,12 mois
2016-05-01,2096.95,0.0153,14437.528,16596.6784,25 ans,12 mois
2016-06-01,2098.8601,0.0009,14450.6794,16611.7967,25 ans,12 mois
2016-07-01,2173.6001,0.0356,14965.2652,17203.3395,25 ans,12 mois
2016-08-01,2170.95,-0.0012,14947.0189,17182.3644,25 ans,12 mois
2016-09-01,2168.27,-0.0012,14928.5676,17161.1536,25 ans,12 mois
2016-10-01,2126.1499,-0.0194,14638.57,16827.7866,25 ans,12 mois
2016-11-01,2198.8101,0.0342,15138.8361,17402.8681,25 ans,12 mois
2016-12-01,2238.8301,0.0182,15414.3745,17719.6136,25 ans,12 mois
2017-01-01,2278.8701,0.0179,15690.0507,18036.5175,25 ans,12 mois
2017-02-01,2363.6399,0.0372,16273.6917,18707.4428,25 ans,12 mois
2017-03-01,2362.72,-0.0004,16267.358,18700.1619,25 ans,12 mois
2017-04-01,2384.2,0.0091,16415.248,18870.169,25 ans,12 mois
2017-05-01,2411.8,0.0116,16605.275,19088.6148,25 ans,12 mois
2017-06-01,2423.4099,0.0048,16685.2091,19180.5031,25 ans,12 mois
2017-07-01,2470.3,0.0193,17008.0483,19551.6233,25 ans,12 mois
2017-08-01,2471.6499,0.0005,17017.342,19562.307,25 ans,12 mois
2017-09-01,2519.3601,0.0193,17345.8274,19939.9178,25 ans,12 mois
2017-10-01,2575.26,0.0222,17730.699,20382.3474,25 ans,12 mois
2017-11-01,2647.5801,0.0281,18228.6236,20954.7372,25 ans,12 mois
2017-12-01,2673.6101,0.0098,18407.8407,21160.7565,25 ans,12 mois
2018-01-01,2823.8101,0.0562,19441.9693,22349.5403,25 ans,12 mois
2018-02-01,2713.8301,-0.0389,18684.7557,21479.0845,25 ans,12 mois
2018-03-01,2640.8701,-0.0269,18182.4254,20901.6301,25 ans,12 mois
2018-04-01,2648.05,0.0027,18231.8594,20958.4569,25 ans,12 mois
2018-05-01,2705.27,0.0216,18625.8196,21411.3344,25 ans,12 mois
2018-06-01,2718.3701,0.0048,18716.014,21515.0174,25 ans,12 mois
2018-07-01,2816.29,0.036,19390.1939,22290.0218,25 ans,12 mois
2018-08-01,2901.52,0.0303,19977.0035,22964.5895,25 ans,12 mois
2018-09-01,2913.98,0.0043,20062.7904,23063.206,25 ans,12 mois
2018-10-01,2711.74,-0.0694,18670.3655,21462.5421,25 ans,12 mois
2018-11-01,2760.1699,0.0179,19003.8062,21845.8493,25 ans,12 mois
2018-12-01,2506.8501,-0.0918,17259.6959,19840.9051,25 ans,12 mois
2019-01-01,2704.1001,0.0787,18617.7647,21402.0748,25 ans,12 mois
2019-02-01,2784.49,0.0297,19171.2502,22038.3348,25 ans,12 mois
2019-03-01,2834.3999,0.0179,19514.8806,22433.3555,25 ans,12 mois
2019-04-01,2945.8301,0.0393,20282.0788,23315.2892,25 ans,12 mois
2019-05-01,2752.0601,-0.0658,18947.9697,21781.6624,25 ans,12 mois
2019-06-01,2941.76,0.0689,20254.0563,23283.0759,25 ans,12 mois
2019-07-01,2980.3799,0.0131,20519.9546,23588.7397,25 ans,12 mois
2019-08-01,2926.46,-0.0181,20148.7153,23161.981,25 ans,12 mois
2019-09-01,2976.74,0.0172,20494.8939,23559.9311,25 ans,12 mois
2019-10-01,3037.5601,0.0204,20913.6409,24041.3022,25 ans,12 mois
2019-11-01,3140.98,0.034,21625.6884,24859.8374,25 ans,12 mois
2019-12-01,3230.78,0.0286,22243.9629,25570.5756,25 ans,12 mois
2020-01-01,3225.52,-0.0016,22207.7477,25528.9443,25 ans,12 mois
2020-02-01,2954.22,-0.0841,20339.8433,23381.6925,25 ans,12 mois
2020-03-01,2584.5901,-0.1251,17794.9367,20456.1919,25 ans,12 mois
2020-04-01,2912.4299,0.1268,20052.1183,23050.9379,25 ans,12 mois
2020-05-01,3044.3101,0.0453,20960.1147,24094.7263,25 ans,12 mois
2020-06-01,3100.29,0.0184,21345.5376,24537.7897,25 ans,12 mois
2020-07-01,3271.1201,0.0551,22521.705,25889.8543,25 ans,12 mois
2020-08-01,3500.3101,0.0701,24099.6807,27703.8183,25 ans,12 mois
2020-09-01,3363.0,-0.0392,23154.2992,26617.0538,25 ans,12 mois
2020-10-01,3269.96,-0.0277,22513.7173,25880.672,25 ans,12 mois
2020-11-01,3621.6299,0.1075,24934.9693,28664.0254,25 ans,12 mois
2020-12-01,3756.0701,0.0371,25860.5918,29728.0758,25 ans,12 mois
2021-01-01,3714.24,-0.0111,25572.5911,29397.0043,25 ans,12 mois
2021-02-01,3811.1499,0.0261,26239.8171,30164.0148,25 ans,12 mois
2021-03-01,3972.8899,0.0424,27353.3991,31444.1344,25 ans,12 mois
2021-04-01,4181.1699,0.0524,28787.4098,33092.6032,25 ans,12 mois
2021-05-01,4204.1099,0.0055,28945.3516,33274.1654,25 ans,12 mois
2021-06-01,4297.5,0.0222,29588.344,34013.318,25 ans,12 mois
2021-07-01,4395.2598,0.0227,30261.4212,34787.0549,25 ans,12 mois
2021-08-01,4522.6802,0.029,31138.7124,35795.5461,25 ans,12 mois
2021-09-01,4307.54,-0.0476,29657.4698,34092.7817,25 ans,12 mois
2021-10-01,4605.3799,0.0691,31708.101,36450.0874,25 ans,12 mois
2021-11-01,4567.0,-0.0083,31443.855,36146.3231,25 ans,12 mois
2021-12-01,4766.1802,0.0436,32815.2131,37722.7695,25 ans,12 mois
2022-01-01,4515.5498,-0.0526,31089.6197,35739.1115,25 ans,12 mois
2022-02-01,4373.9399,-0.0314,30114.634,34618.3154,25 ans,12 mois
2022-03-01,4530.4102,0.0358,31191.9334,35856.7263,25 ans,12 mois
2022-04-01,4131.9302,-0.088,28448.3935,32702.8866,25 ans,12 mois
2022-05-01,4132.1499,0.0001,28449.9064,32704.6257,25 ans,12 mois
2022-06-01,3785.3799,-0.0839,26062.3902,29960.0535,25 ans,12 mois
2022-07-01,4130.29,0.0911,28437.1012,32689.9055,25 ans,12 mois
2022-08-01,3955.0,-0.0424,27230.227,31302.5417,25 ans,12 mois
2022-09-01,3585.6201,-0.0934,24687.0416,28379.0198,25 ans,12 mois
2022-10-01,3871.98,0.0799,26658.633,30645.4652,25 ans,12 mois
2022-11-01,4080.1101,0.0538,28091.6117,32292.7476,25 ans,12 mois
2022-12-01,3839.5,-0.059,26435.0079,30388.3966,25 ans,12 mois
2023-01-01,4076.6001,0.0618,28067.4452,32264.967,25 ans,12 mois
2023-02-01,3970.1499,-0.0261,27334.5342,31422.4482,25 ans,12 mois
2023-03-01,4109.3101,0.0351,28292.6537,32523.8557,25 ans,12 mois
2023-04-01,4169.48,0.0146,28706.9244,33000.0811,25 ans,12 mois
2023-05-01,4179.8301,0.0025,28778.185,33081.9988,25 ans,12 mois
2023-06-01,4450.3799,0.0647,30640.924,35223.3127,25 ans,12 mois
2023-07-01,4588.96,0.0311,31595.0496,36320.1291,25 ans,12 mois
2023-08-01,4507.6602,-0.0177,31035.2994,35676.6675,25 ans,12 mois
2023-09-01,4288.0498,-0.0487,29523.2792,33938.5228,25 ans,12 mois
2023-10-01,4193.7998,-0.022,28874.3667,33192.5646,25 ans,12 mois
2023-11-01,4567.7998,0.0892,31449.3617,36152.6533,25 ans,12 mois
2023-12-01,4769.8301,0.0442,32840.3427,37751.6573,25 ans,12 mois
2024-01-01,4845.6499,0.0159,33362.3632,38351.7466,25 ans,12 mois
2024-02-01,5096.27,0.0517,35087.886,40335.3236,25 ans,12 mois
2024-03-01,5254.3501,0.031,36176.2694,41586.4761,25 ans,12 mois
2024-04-01,5035.6899,-0.0416,34670.7914,39855.8519,25 ans,12 mois
2024-05-01,5277.5098,0.048,36335.7241,41769.7773,25 ans,12 mois
2024-06-01,5460.48,0.0347,37595.4764,43217.9272,25 ans,12 mois
2024-07-01,5522.2998,0.0113,38021.1067,43707.2111,25 ans,12 mois
2024-08-01,5648.3999,0.0228,38889.3075,44705.2524,25 ans,12 mois
2024-09-01,5762.48,0.0202,39674.7504,45608.1592,25 ans,12 mois
2024-10-01,5705.4502,-0.0099,39282.0995,45156.787,25 ans,12 mois
2024-11-01,6032.3799,0.0573,41533.0147,47744.3294,25 ans,12 mois
2024-12-01,5881.6299,-0.025,40495.099,46551.192,25 ans,12 mois
2025-01-01,6040.5298,0.027,41589.1269,47808.8332,25 ans,12 mois
2025-02-01,5954.5,-0.0142,40996.8107,47127.9354,25 ans,12 mois
2025-03-01,5611.8501,-0.0575,38637.6616,44415.9726,25 ans,12 mois
2025-04-01,5363.3599,-0.0443,36926.8031,42449.253,25 ans,12 mois
2005-05-01,1191.5,0.03,10299.5205,858.2934,20 ans,12 mois
2005-06-01,1191.33,-0.0001,10298.0506,1691.5078,20 ans,12 mois
2005-07-01,1234.1801,0.036,10668.4538,2554.8147,20 ans,12 mois
2005-08-01,1220.33,-0.0112,10548.7313,3378.7963,20 ans,12 mois
2005-09-01,1228.8101,0.0069,10622.0347,4217.9204,20 ans,12 mois
2005-10-01,1207.01,-0.0177,10433.5915,5036.4698,20 ans,12 mois
2005-11-01,1249.48,0.0352,10800.7089,5899.1249,20 ans,12 mois
2005-12-01,1248.29,-0.001,10790.4228,6731.6646,20 ans,12 mois
2006-01-01,1280.08,0.0255,11065.2201,7586.2202,20 ans,12 mois
2006-02-01,1280.66,0.0005,11070.2344,8419.9312,20 ans,12 mois
2006-03-01,1294.87,0.0111,11193.0676,9262.511,20 ans,12 mois
2006-04-01,1310.61,0.0122,11329.1266,10105.9741,20 ans,12 mois
2006-05-01,1270.09,-0.0309,10978.865,9793.5285,20 ans,12 mois
2006-06-01,1270.2,0.0001,10979.8157,9794.3766,20 ans,12 mois
2006-07-01,1276.66,0.0051,11035.6577,9844.1896,20 ans,12 mois
2006-08-01,1303.8199,0.0213,11270.4324,10053.6168,20 ans,12 mois
2006-09-01,1335.85,0.0246,11547.3052,10300.597,20 ans,12 mois
2006-10-01,1377.9399,0.0315,11911.1377,10625.1482,20 ans,12 mois
2006-11-01,1400.63,0.0165,12107.2744,10800.1089,20 ans,12 mois
2006-12-01,1418.3,0.0126,12260.0171,10936.3607,20 ans,12 mois
2007-01-01,1438.24,0.0141,12432.3812,11090.1155,20 ans,12 mois
2007-02-01,1406.8199,-0.0218,12160.7812,10847.8388,20 ans,12 mois
2007-03-01,1420.86,0.01,12282.1456,10956.1001,20 ans,12 mois
2007-04-01,1482.37,0.0433,12813.8482,11430.3972,20 ans,12 mois
2007-05-01,1530.62,0.0325,13230.9291,11802.4478,20 ans,12 mois
2007-06-01,1503.35,-0.0178,12995.2026,11592.1716,20 ans,12 mois
2007-07-01,1455.27,-0.032,12579.5916,11221.4322,20 ans,12 mois
2007-08-01,1473.99,0.0129,12741.41,11365.7799,20 ans,12 mois
2007-09-01,1526.75,0.0358,13197.4762,11772.6067,20 ans,12 mois
2007-10-01,1549.38,0.0148,13393.0936,11947.1043,20 ans,12 mois
2007-11-01,1481.14,-0.044,12803.216,11420.913,20 ans,12 mois
2007-12-01,1468.36,-0.0086,12692.7434,11322.3675,20 ans,12 mois
2008-01-01,1378.55,-0.0612,11916.4116,10629.8527,20 ans,12 mois
2008-02-01,1330.63,-0.0348,11502.1829,10260.3463,20 ans,12 mois
2008-03-01,1322.7,-0.006,11433.6343,10199.1985,20 ans,12 mois
2008-04-01,1385.59,0.0475,11977.2658,10684.1367,20 ans,12 mois
2008-05-01,1400.38,0.0107,12105.1133,10798.1811,20 ans,12 mois
2008-06-01,1280.0,-0.086,11064.5289,9869.9437,20 ans,12 mois
2008-07-01,1267.38,-0.0099,10955.4396,9772.6323,20 ans,12 mois
2008-08-01,1282.83,0.0122,11088.9915,9891.7652,20 ans,12 mois
2008-09-01,1166.36,-0.0908,10082.2061,8993.6777,20 ans,12 mois
2008-10-01,968.75,-0.1694,8374.0331,7469.9281,20 ans,12 mois
2008-11-01,896.24,-0.0748,7747.2448,6910.8112,20 ans,12 mois
2008-12-01,903.25,0.0078,7807.8404,6964.8646,20 ans,12 mois
2009-01-01,825.88,-0.0857,7139.0416,6368.2728,20 ans,12 mois
2009-02-01,735.09,-0.1099,6354.2382,5668.2009,20 ans,12 mois
2009-03-01,797.87,0.0854,6896.9185,6152.2906,20 ans,12 mois
2009-04-01,872.81,0.0939,7544.7121,6730.145,20 ans,12 mois
2009-05-01,919.14,0.0531,7945.1963,7087.3908,20 ans,12 mois
2009-06-01,919.32,0.0002,7946.7522,7088.7787,20 ans,12 mois
2009-07-01,987.48,0.0741,8535.9381,7614.353,20 ans,12 mois
2009-08-01,1020.62,0.0336,8822.4058,7869.8921,20 ans,12 mois
2009-09-01,1057.08,0.0357,9137.5717,8151.031,20 ans,12 mois
2009-10-01,1036.1899,-0.0198,8956.995,7989.9503,20 ans,12 mois
2009-11-01,1095.63,0.0574,9470.8046,8448.2863,20 ans,12 mois
2009-12-01,1115.1,0.0178,9639.1062,8598.4172,20 ans,12 mois
2010-01-01,1073.87,-0.037,9282.7075,8280.4972,20 ans,12 mois
2010-02-01,1104.49,0.0285,9547.3917,8516.6047,20 ans,12 mois
2010-03-01,1169.4301,0.0588,10108.7442,9017.3507,20 ans,12 mois
2010-04-01,1186.6899,0.0148,10257.9415,9150.4398,20 ans,12 mois
2010-05-01,1089.41,-0.082,9417.0381,8400.3248,20 ans,12 mois
2010-06-01,1030.71,-0.0539,8909.6251,7947.6948,20 ans,12 mois
2010-07-01,1101.6,0.0688,9522.41,8494.3201,20 ans,12 mois
2010-08-01,1049.33,-0.0474,9070.5794,8091.2716,20 ans,12 mois
2010-09-01,1141.2,0.0876,9864.7186,8799.6713,20 ans,12 mois
2010-10-01,1183.26,0.0369,10228.2926,9123.992,20 ans,12 mois
2010-11-01,1180.55,-0.0023,10204.8673,9103.0958,20 ans,12 mois
2010-12-01,1257.64,0.0653,10871.2455,9697.5283,20 ans,12 mois
2011-01-01,1286.12,0.0226,11117.4311,9917.1344,20 ans,12 mois
2011-02-01,1327.22,0.032,11472.706,10234.0519,20 ans,12 mois
2011-03-01,1325.83,-0.001,11460.6905,10223.3337,20 ans,12 mois
2011-04-01,1363.61,0.0285,11787.2673,10514.6514,20 ans,12 mois
2011-05-01,1345.2,-0.0135,11628.1279,10372.6936,20 ans,12 mois
2011-06-01,1320.64,-0.0183,11415.8278,10183.3146,20 ans,12 mois
2011-07-01,1292.28,-0.0215,11170.6795,9964.6337,20 ans,12 mois
2011-08-01,1218.89,-0.0568,10536.2842,9398.7312,20 ans,12 mois
2011-09-01,1131.42,-0.0718,9780.1795,8724.2595,20 ans,12 mois
2011-10-01,1253.3,0.1077,10833.7302,9664.0633,20 ans,12 mois
2011-11-01,1246.96,-0.0051,10778.9254,9615.1755,20 ans,12 mois
2011-12-01,1257.6,0.0085,10870.8994,9697.2195,20 ans,12 mois
2012-01-01,1312.41,0.0436,11344.6865,10119.8541,20 ans,12 mois
2012-02-01,1365.6801,0.0406,11805.1613,10530.6135,20 ans,12 mois
2012-03-01,1408.47,0.0313,12175.0443,10860.562,20 ans,12 mois
2012-04-01,1397.91,-0.0075,12083.7625,10779.1355,20 ans,12 mois
2012-05-01,1310.33,-0.0627,11326.706,10103.8148,20 ans,12 mois
2012-06-01,1362.16,0.0396,11774.7337,10503.471,20 ans,12 mois
2012-07-01,1379.3199,0.0126,11923.0667,10635.7893,20 ans,12 mois
2012-08-01,1406.58,0.0198,12158.7067,10845.9883,20 ans,12 mois
2012-09-01,1440.67,0.0242,12453.387,11108.8533,20 ans,12 mois
2012-10-01,1412.16,-0.0198,12206.9418,10889.0157,20 ans,12 mois
2012-11-01,1416.1801,0.0028,12241.6915,10920.0136,20 ans,12 mois
2012-12-01,1426.1899,0.0071,12328.2186,10997.1988,20 ans,12 mois
2013-01-01,1498.11,0.0504,12949.9072,11551.7666,20 ans,12 mois
2013-02-01,1514.6801,0.0111,13093.1416,11679.5367,20 ans,12 mois
2013-03-01,1569.1899,0.036,13564.334,12099.8566,20 ans,12 mois
2013-04-01,1597.5699,0.0181,13809.6554,12318.6918,20 ans,12 mois
2013-05-01,1630.74,0.0208,14096.3826,12574.4625,20 ans,12 mois
2013-06-01,1606.28,-0.015,13884.9467,12385.8543,20 ans,12 mois
2013-07-01,1685.73,0.0495,14571.7251,12998.4844,20 ans,12 mois
2013-08-01,1632.97,-0.0313,14115.6589,12591.6576,20 ans,12 mois
2013-09-01,1681.55,0.0297,14535.5931,12966.2534,20 ans,12 mois
2013-10-01,1756.54,0.0446,15183.8188,13544.4933,20 ans,12 mois
2013-11-01,1805.8101,0.028,15609.7169,13924.4091,20 ans,12 mois
2013-12-01,1848.36,0.0236,15977.5254,14252.5071,20 ans,12 mois
2014-01-01,1782.59,-0.0356,15408.9986,13745.3615,20 ans,12 mois
2014-02-01,1859.45,0.0431,16073.3889,14338.0206,20 ans,12 mois
2014-03-01,1872.34,0.0069,16184.8123,14437.4142,20 ans,12 mois
2014-04-01,1883.95,0.0062,16285.1709,14526.9375,20 ans,12 mois
2014-05-01,1923.5699,0.021,16627.6526,14832.4431,20 ans,12 mois
2014-06-01,1960.23,0.0191,16944.5479,15115.1247,20 ans,12 mois
2014-07-01,1930.67,-0.0151,16689.027,14887.1912,20 ans,12 mois
2014-08-01,2003.37,0.0377,17317.4572,15447.7728,20 ans,12 mois
2014-09-01,1972.29,-0.0155,17048.797,15208.1185,20 ans,12 mois
2014-10-01,2018.05,0.0232,17444.354,15560.9691,20 ans,12 mois
2014-11-01,2067.5601,0.0245,17872.3266,15942.7355,20 ans,12 mois
2014-12-01,2058.8999,-0.0042,17797.4668,15875.958,20 ans,12 mois
2015-01-01,1994.99,-0.031,17245.0191,15383.1554,20 ans,12 mois
2015-02-01,2104.5,0.0549,18191.6415,16227.5755,20 ans,12 mois
2015-03-01,2067.8899,-0.0174,17875.1777,15945.2788,20 ans,12 mois
2015-04-01,2085.51,0.0085,18027.4889,16081.1457,20 ans,12 mois
2015-05-01,2107.3899,0.0105,18216.6222,16249.8591,20 ans,12 mois
2015-06-01,2063.1101,-0.021,17833.8605,15908.4224,20 ans,12 mois
2015-07-01,2103.8401,0.0197,18185.9371,16222.487,20 ans,12 mois
2015-08-01,1972.1801,-0.0626,17047.8463,15207.2705,20 ans,12 mois
2015-09-01,1920.03,-0.0264,16597.0529,14805.1472,20 ans,12 mois
2015-10-01,2079.3601,0.083,17974.3281,16033.7244,20 ans,12 mois
2015-11-01,2080.4099,0.0005,17983.4028,16041.8194,20 ans,12 mois
2015-12-01,2043.9399,-0.0175,17668.1504,15760.6033,20 ans,12 mois
2016-01-01,1940.24,-0.0507,16771.7511,14960.984,20 ans,12 mois
2016-02-01,1932.23,-0.0041,16702.5113,14899.2197,20 ans,12 mois
2016-03-01,2059.74,0.066,17804.7286,15882.4358,20 ans,12 mois
2016-04-01,2065.3,0.0027,17852.7907,15925.3088,20 ans,12 mois
2016-05-01,2096.95,0.0153,18126.3776,16169.3579,20 ans,12 mois
2016-06-01,2098.8601,0.0009,18142.8893,16184.0869,20 ans,12 mois
2016-07-01,2173.6001,0.0356,18788.954,16760.399,20 ans,12 mois
2016-08-01,2170.95,-0.0012,18766.0457,16739.964,20 ans,12 mois
2016-09-01,2168.27,-0.0012,18742.8799,16719.2993,20 ans,12 mois
2016-10-01,2126.1499,-0.0194,18378.7868,16394.5156,20 ans,12 mois
2016-11-01,2198.8101,0.0342,19006.873,16954.7903,20 ans,12 mois
2016-12-01,2238.8301,0.0182,19352.8126,17263.3804,20 ans,12 mois
2017-01-01,2278.8701,0.0179,19698.9252,17572.1249,20 ans,12 mois
2017-02-01,2363.6399,0.0372,20431.689,18225.7756,20 ans,12 mois
2017-03-01,2362.72,-0.0004,20423.737,18218.6822,20 ans,12 mois
2017-04-01,2384.2,0.0091,20609.4135,18384.312,20 ans,12 mois
2017-05-01,2411.8,0.0116,20847.9933,18597.1334,20 ans,12 mois
2017-06-01,2423.4099,0.0048,20948.3508,18686.6559,20 ans,12 mois
2017-07-01,2470.3,0.0193,21353.6768,19048.2207,20 ans,12 mois
2017-08-01,2471.6499,0.0005,21365.3452,19058.6293,20 ans,12 mois
2017-09-01,2519.3601,0.0193,21777.76,19426.5176,20 ans,12 mois
2017-10-01,2575.26,0.0222,22260.9678,19857.5558,20 ans,12 mois
2017-11-01,2647.5801,0.0281,22886.1143,20415.2081,20 ans,12 mois
2017-12-01,2673.6101,0.0098,23111.1221,20615.9229,20 ans,12 mois
2018-01-01,2823.8101,0.0562,24409.475,21774.0988,20 ans,12 mois
2018-02-01,2713.8301,-0.0389,23458.7901,20926.0548,20 ans,12 mois
2018-03-01,2640.8701,-0.0269,22828.1123,20363.4684,20 ans,12 mois
2018-04-01,2648.05,0.0027,22890.1768,20418.832,20 ans,12 mois
2018-05-01,2705.27,0.0216,23384.7956,20860.0491,20 ans,12 mois
2018-06-01,2718.3701,0.0048,23498.035,20961.0626,20 ans,12 mois
2018-07-01,2816.29,0.036,24344.4707,21716.1127,20 ans,12 mois
2018-08-01,2901.52,0.0303,25081.2126,22373.312,20 ans,12 mois
2018-09-01,2913.98,0.0043,25188.9185,22469.3894,20 ans,12 mois
2018-10-01,2711.74,-0.0694,23440.7231,20909.9384,20 ans,12 mois
2018-11-01,2760.1699,0.0179,23859.3593,21283.3764,20 ans,12 mois
2018-12-01,2506.8501,-0.0918,21669.6214,19330.0542,20 ans,12 mois
2019-01-01,2704.1001,0.0787,23374.6826,20851.028,20 ans,12 mois
2019-02-01,2784.49,0.0297,24069.5859,21470.9059,20 ans,12 mois
2019-03-01,2834.3999,0.0179,24501.0154,21855.7559,20 ans,12 mois
2019-04-01,2945.8301,0.0393,25464.236,22714.9821,20 ans,12 mois
2019-05-01,2752.0601,-0.0658,23789.2563,21220.8422,20 ans,12 mois
2019-06-01,2941.76,0.0689,25429.0537,22683.5983,20 ans,12 mois
2019-07-01,2980.3799,0.0131,25762.8901,22981.392,20 ans,12 mois
2019-08-01,2926.46,-0.0181,25296.7975,22565.6212,20 ans,12 mois
2019-09-01,2976.74,0.0172,25731.4263,22953.3252,20 ans,12 mois
2019-10-01,3037.5601,0.0204,26257.1649,23422.3023,20 ans,12 mois
2019-11-01,3140.98,0.034,27151.1436,24219.7623,20 ans,12 mois
2019-12-01,3230.78,0.0286,27927.3899,24912.2009,20 ans,12 mois
2020-01-01,3225.52,-0.0016,27881.9215,24871.6415,20 ans,12 mois
2020-02-01,2954.22,-0.0841,25536.7596,22779.6757,20 ans,12 mois
2020-03-01,2584.5901,-0.1251,22341.6186,19929.499,20 ans,12 mois
2020-04-01,2912.4299,0.1268,25175.5197,22457.4372,20 ans,12 mois
2020-05-01,3044.3101,0.0453,26315.513,23474.3508,20 ans,12 mois
2020-06-01,3100.29,0.0184,26799.4131,23906.0065,20 ans,12 mois
2020-07-01,3271.1201,0.0551,28276.0962,25223.259,20 ans,12 mois
2020-08-01,3500.3101,0.0701,30257.2514,26990.5183,20 ans,12 mois
2020-09-01,3363.0,-0.0392,29070.3209,25931.735,20 ans,12 mois
2020-10-01,3269.96,-0.0277,28266.0676,25214.3132,20 ans,12 mois
2020-11-01,3621.6299,0.1075,31305.9598,27926.0025,20 ans,12 mois
2020-12-01,3756.0701,0.0371,32468.0827,28962.6565,20 ans,12 mois
2021-01-01,3714.24,-0.0111,32106.4967,28640.1092,20 ans,12 mois
2021-02-01,3811.1499,0.0261,32944.2018,29387.3712,20 ans,12 mois
2021-03-01,3972.8899,0.0424,34342.3087,30634.531,20 ans,12 mois
2021-04-01,4181.1699,0.0524,36142.7152,32240.5562,20 ans,12 mois
2021-05-01,4204.1099,0.0055,36341.0118,32417.4436,20 ans,12 mois
2021-06-01,4297.5,0.0222,37148.2914,33137.565,20 ans,12 mois
2021-07-01,4395.2598,0.0227,37993.3428,33891.3802,20 ans,12 mois
2021-08-01,4522.6802,0.029,39094.7856,34873.9054,20 ans,12 mois
2021-09-01,4307.54,-0.0476,37235.0791,33214.9827,20 ans,12 mois
2021-10-01,4605.3799,0.0691,39809.6554,35511.594,20 ans,12 mois
2021-11-01,4567.0,-0.0083,39477.8934,35215.6508,20 ans,12 mois
2021-12-01,4766.1802,0.0436,41199.6393,36751.508,20 ans,12 mois
2022-01-01,4515.5498,-0.0526,39033.1495,34818.9239,20 ans,12 mois
2022-02-01,4373.9399,-0.0314,37809.0507,33726.9853,20 ans,12 mois
2022-03-01,4530.4102,0.0358,39161.6048,34933.5105,20 ans,12 mois
2022-04-01,4131.9302,-0.088,35717.0788,31860.8737,20 ans,12 mois
2022-05-01,4132.1499,0.0001,35718.9782,31862.568,20 ans,12 mois
2022-06-01,3785.3799,-0.0839,32721.4415,29188.6613,20 ans,12 mois
2022-07-01,4130.29,0.0911,35702.9012,31848.2268,20 ans,12 mois
2022-08-01,3955.0,-0.0424,34187.6655,30496.584,20 ans,12 mois
2022-09-01,3585.6201,-0.0934,30994.6855,27648.335,20 ans,12 mois
2022-10-01,3871.98,0.0799,33470.0269,29856.4255,20 ans,12 mois
2022-11-01,4080.1101,0.0538,35269.1377,31461.2947,20 ans,12 mois
2022-12-01,3839.5,-0.059,33189.2646,29605.9758,20 ans,12 mois
2023-01-01,4076.6001,0.0618,35238.7966,31434.2294,20 ans,12 mois
2023-02-01,3970.1499,-0.0261,34318.6237,30613.4033,20 ans,12 mois
2023-03-01,4109.3101,0.0351,35521.5468,31686.4524,20 ans,12 mois
2023-04-01,4169.48,0.0146,36041.6655,32150.4163,20 ans,12 mois
2023-05-01,4179.8301,0.0025,36131.1334,32230.2248,20 ans,12 mois
2023-06-01,4450.3799,0.0647,38469.8101,34316.4055,20 ans,12 mois
2023-07-01,4588.96,0.0311,39667.7189,35384.9818,20 ans,12 mois
2023-08-01,4507.6602,-0.0177,38964.9501,34758.0876,20 ans,12 mois
2023-09-01,4288.0498,-0.0487,37066.6024,33064.6956,20 ans,12 mois
2023-10-01,4193.7998,-0.022,36251.89,32337.9439,20 ans,12 mois
2023-11-01,4567.7998,0.0892,39484.807,35221.8181,20 ans,12 mois
2023-12-01,4769.8301,0.0442,41231.1897,36779.652,20 ans,12 mois
2024-01-01,4845.6499,0.0159,41886.5886,37364.2906,20 ans,12 mois
2024-02-01,5096.27,0.0517,44052.9898,39296.7956,20 ans,12 mois
2024-03-01,5254.3501,0.031,45419.4598,40515.7343,20 ans,12 mois
2024-04-01,5035.6899,-0.0416,43529.3257,38829.6691,20 ans,12 mois
2024-05-01,5277.5098,0.048,45619.6558,40694.316,20 ans,12 mois
2024-06-01,5460.48,0.0347,47201.2802,42105.1799,20 ans,12 mois
2024-07-01,5522.2998,0.0113,47735.6608,42581.8659,20 ans,12 mois
2024-08-01,5648.3999,0.0228,48825.6906,43554.2104,20 ans,12 mois
2024-09-01,5762.48,0.0202,49811.8175,44433.8697,20 ans,12 mois
2024-10-01,5705.4502,-0.0099,49318.8427,43994.1191,20 ans,12 mois
2024-11-01,6032.3799,0.0573,52144.8763,46515.0391,20 ans,12 mois
2024-12-01,5881.6299,-0.025,50841.7687,45352.6219,20 ans,12 mois
2025-01-01,6040.5298,0.027,52215.3253,46577.8822,20 ans,12 mois
2025-02-01,5954.5,-0.0142,51471.6698,45914.5156,20 ans,12 mois
2025-03-01,5611.8501,-0.0575,48509.7482,43272.3787,20 ans,12 mois
2025-04-01,5363.3599,-0.0443,46361.758,41356.297,20 ans,12 mois
2010-05-01,1089.41,-0.082,9180.2416,765.0201,15 ans,12 mois
2010-06-01,1030.71,-0.0539,8685.5877,1553.4514,15 ans,12 mois
2010-07-01,1101.6,0.0688,9282.9638,2444.0996,15 ans,12 mois
2010-08-01,1049.33,-0.0474,8842.4947,3237.892,15 ans,12 mois
2010-09-01,1141.2,0.0876,9616.6649,4144.1846,15 ans,12 mois
2010-10-01,1183.26,0.0369,9971.0966,5008.2312,15 ans,12 mois
2010-11-01,1180.55,-0.0023,9948.2603,5839.656,15 ans,12 mois
2010-12-01,1257.64,0.0653,10597.8821,6727.4061,15 ans,12 mois
2011-01-01,1286.12,0.0226,10837.8773,7579.6107,15 ans,12 mois
2011-02-01,1327.22,0.032,11184.2186,8439.5745,15 ans,12 mois
2011-03-01,1325.83,-0.001,11172.5052,9272.0351,15 ans,12 mois
2011-04-01,1363.61,0.0285,11490.87,10129.1146,15 ans,12 mois
2011-05-01,1345.2,-0.0135,11335.7323,9992.3619,15 ans,12 mois
2011-06-01,1320.64,-0.0183,11128.7706,9809.9267,15 ans,12 mois
2011-07-01,1292.28,-0.0215,10889.7867,9599.2642,15 ans,12 mois
2011-08-01,1218.89,-0.0568,10271.3436,9054.1113,15 ans,12 mois
2011-09-01,1131.42,-0.0718,9534.2516,8404.3703,15 ans,12 mois
2011-10-01,1253.3,0.1077,10561.3101,9309.7146,15 ans,12 mois
2011-11-01,1246.96,-0.0051,10507.8835,9262.6194,15 ans,12 mois
2011-12-01,1257.6,0.0085,10597.5447,9341.6551,15 ans,12 mois
2012-01-01,1312.41,0.0436,11059.4182,9748.7931,15 ans,12 mois
2012-02-01,1365.6801,0.0406,11508.3141,10144.4914,15 ans,12 mois
2012-03-01,1408.47,0.0313,11868.8962,10462.3418,15 ans,12 mois
2012-04-01,1397.91,-0.0075,11779.9097,10383.9008,15 ans,12 mois
2012-05-01,1310.33,-0.0627,11041.8898,9733.3419,15 ans,12 mois
2012-06-01,1362.16,0.0396,11478.6516,10118.3441,15 ans,12 mois
2012-07-01,1379.3199,0.0126,11623.2547,10245.8107,15 ans,12 mois
2012-08-01,1406.58,0.0198,11852.9694,10448.3024,15 ans,12 mois
2012-09-01,1440.67,0.0242,12140.2398,10701.5291,15 ans,12 mois
2012-10-01,1412.16,-0.0198,11899.9916,10489.7521,15 ans,12 mois
2012-11-01,1416.1801,0.0028,11933.8675,10519.6135,15 ans,12 mois
2012-12-01,1426.1899,0.0071,12018.2188,10593.9686,15 ans,12 mois
2013-01-01,1498.11,0.0504,12624.2747,11128.2022,15 ans,12 mois
2013-02-01,1514.6801,0.0111,12763.9074,11251.2874,15 ans,12 mois
2013-03-01,1569.1899,0.036,13223.2514,11656.1956,15 ans,12 mois
2013-04-01,1597.5699,0.0181,13462.404,11867.0068,15 ans,12 mois
2013-05-01,1630.74,0.0208,13741.9214,12113.3993,15 ans,12 mois
2013-06-01,1606.28,-0.015,13535.8022,11931.7067,15 ans,12 mois
2013-07-01,1685.73,0.0495,14205.3111,12521.8738,15 ans,12 mois
2013-08-01,1632.97,-0.0313,13760.713,12129.9639,15 ans,12 mois
2013-09-01,1681.55,0.0297,14170.0877,12490.8246,15 ans,12 mois
2013-10-01,1756.54,0.0446,14802.0134,13047.8623,15 ans,12 mois
2013-11-01,1805.8101,0.028,15217.202,13413.8479,15 ans,12 mois
2013-12-01,1848.36,0.0236,15575.7618,13729.9156,15 ans,12 mois
2014-01-01,1782.59,-0.0356,15021.5309,13241.3653,15 ans,12 mois
2014-02-01,1859.45,0.0431,15669.2147,13812.2937,15 ans,12 mois
2014-03-01,1872.34,0.0069,15777.8363,13908.0428,15 ans,12 mois
2014-04-01,1883.95,0.0062,15875.6714,13994.2836,15 ans,12 mois
2014-05-01,1923.5699,0.021,16209.5412,14288.5873,15 ans,12 mois
2014-06-01,1960.23,0.0191,16518.468,14560.904,15 ans,12 mois
2014-07-01,1930.67,-0.0151,16269.3723,14341.328,15 ans,12 mois
2014-08-01,2003.37,0.0377,16882.0003,14881.3549,15 ans,12 mois
2014-09-01,1972.29,-0.0155,16620.0957,14650.488,15 ans,12 mois
2014-10-01,2018.05,0.0232,17005.7062,14990.4007,15 ans,12 mois
2014-11-01,2067.5601,0.0245,17422.9172,15358.1691,15 ans,12 mois
2014-12-01,2058.8999,-0.0042,17349.9398,15293.84,15 ans,12 mois
2015-01-01,1994.99,-0.031,16811.3837,14819.1069,15 ans,12 mois
2015-02-01,2104.5,0.0549,17734.2027,15632.5649,15 ans,12 mois
2015-03-01,2067.8899,-0.0174,17425.6966,15360.6191,15 ans,12 mois
2015-04-01,2085.51,0.0085,17574.1779,15491.5042,15 ans,12 mois
2015-05-01,2107.3899,0.0105,17758.5553,15654.0315,15 ans,12 mois
2015-06-01,2063.1101,-0.021,17385.4183,15325.1141,15 ans,12 mois
2015-07-01,2103.8401,0.0197,17728.6418,15627.663,15 ans,12 mois
2015-08-01,1972.1801,-0.0626,16619.1689,14649.671,15 ans,12 mois
2015-09-01,1920.03,-0.0264,16179.711,14262.2923,15 ans,12 mois
2015-10-01,2079.3601,0.083,17522.3539,15445.8217,15 ans,12 mois
2015-11-01,2080.4099,0.0005,17531.2004,15453.6198,15 ans,12 mois
2015-12-01,2043.9399,-0.0175,17223.8752,15182.715,15 ans,12 mois
2016-01-01,1940.24,-0.0507,16350.0163,14412.4151,15 ans,12 mois
2016-02-01,1932.23,-0.0041,16282.5176,14352.9155,15 ans,12 mois
2016-03-01,2059.74,0.066,17357.019,15300.0803,15 ans,12 mois
2016-04-01,2065.3,0.0027,17403.8725,15341.3814,15 ans,12 mois
2016-05-01,2096.95,0.0153,17670.58,15576.4819,15 ans,12 mois
2016-06-01,2098.8601,0.0009,17686.6765,15590.6709,15 ans,12 mois
2016-07-01,2173.6001,0.0356,18316.4955,16145.8516,15 ans,12 mois
2016-08-01,2170.95,-0.0012,18294.1632,16126.1658,15 ans,12 mois
2016-09-01,2168.27,-0.0012,18271.58,16106.2589,15 ans,12 mois
2016-10-01,2126.1499,-0.0194,17916.6422,15793.3839,15 ans,12 mois
2016-11-01,2198.8101,0.0342,18528.9348,16333.1152,15 ans,12 mois
2016-12-01,2238.8301,0.0182,18866.1756,16630.3904,15 ans,12 mois
2017-01-01,2278.8701,0.0179,19203.585,16927.8142,15 ans,12 mois
2017-02-01,2363.6399,0.0372,19917.923,17557.4978,15 ans,12 mois
2017-03-01,2362.72,-0.0004,19910.171,17550.6644,15 ans,12 mois
2017-04-01,2384.2,0.0091,20091.1786,17710.2212,15 ans,12 mois
2017-05-01,2411.8,0.0116,20323.7591,17915.2392,15 ans,12 mois
2017-06-01,2423.4099,0.0048,20421.5931,18001.4791,15 ans,12 mois
2017-07-01,2470.3,0.0193,20816.727,18349.7866,15 ans,12 mois
2017-08-01,2471.6499,0.0005,20828.1019,18359.8135,15 ans,12 mois
2017-09-01,2519.3601,0.0193,21230.1463,18714.2126,15 ans,12 mois
2017-10-01,2575.26,0.0222,21701.2037,19129.4461,15 ans,12 mois
2017-11-01,2647.5801,0.0281,22310.6305,19666.6512,15 ans,12 mois
2017-12-01,2673.6101,0.0098,22529.9804,19860.0064,15 ans,12 mois
2018-01-01,2823.8101,0.0562,23795.6855,20975.7159,15 ans,12 mois
2018-02-01,2713.8301,-0.0389,22868.9061,20158.7668,15 ans,12 mois
2018-03-01,2640.8701,-0.0269,22254.087,19616.8085,15 ans,12 mois
2018-04-01,2648.05,0.0027,22314.5908,19670.1422,15 ans,12 mois
2018-05-01,2705.27,0.0216,22796.7721,20095.1814,15 ans,12 mois
2018-06-01,2718.3701,0.0048,22907.1641,20192.491,15 ans,12 mois
2018-07-01,2816.29,0.036,23732.3158,20919.8559,15 ans,12 mois
2018-08-01,2901.52,0.0303,24450.5318,21552.958,15 ans,12 mois
2018-09-01,2913.98,0.0043,24555.5295,21645.5126,15 ans,12 mois
2018-10-01,2711.74,-0.0694,22851.2933,20143.2413,15 ans,12 mois
2018-11-01,2760.1699,0.0179,23259.4027,20502.9867,15 ans,12 mois
2018-12-01,2506.8501,-0.0918,21124.7269,18621.2862,15 ans,12 mois
2019-01-01,2704.1001,0.0787,22786.9134,20086.491,15 ans,12 mois
2019-02-01,2784.49,0.0297,23464.3431,20683.6401,15 ans,12 mois
2019-03-01,2834.3999,0.0179,23884.924,21054.3789,15 ans,12 mois
2019-04-01,2945.8301,0.0393,24823.9239,21882.1002,15 ans,12 mois
2019-05-01,2752.0601,-0.0658,23191.0625,20442.7453,15 ans,12 mois
2019-06-01,2941.76,0.0689,24789.6262,21851.8671,15 ans,12 mois
2019-07-01,2980.3799,0.0131,25115.0682,22138.7417,15 ans,12 mois
2019-08-01,2926.46,-0.0181,24660.6958,21738.2159,15 ans,12 mois
2019-09-01,2976.74,0.0172,25084.3956,22111.704,15 ans,12 mois
2019-10-01,3037.5601,0.0204,25596.9142,22563.4853,15 ans,12 mois
2019-11-01,3140.98,0.034,26468.4133,23331.7051,15 ans,12 mois
2019-12-01,3230.78,0.0286,27225.1404,23998.7543,15 ans,12 mois
2020-01-01,3225.52,-0.0016,27180.8154,23959.6821,15 ans,12 mois
2020-02-01,2954.22,-0.0841,24894.6238,21944.4217,15 ans,12 mois
2020-03-01,2584.5901,-0.1251,21779.8264,19198.7514,15 ans,12 mois
2020-04-01,2912.4299,0.1268,24542.4675,21633.9985,15 ans,12 mois
2020-05-01,3044.3101,0.0453,25653.7951,22613.6254,15 ans,12 mois
2020-06-01,3100.29,0.0184,26125.5272,23029.4537,15 ans,12 mois
2020-07-01,3271.1201,0.0551,27565.0783,24298.407,15 ans,12 mois
2020-08-01,3500.3101,0.0701,29496.4163,26000.8668,15 ans,12 mois
2020-09-01,3363.0,-0.0392,28339.3318,24980.9056,15 ans,12 mois
2020-10-01,3269.96,-0.0277,27555.3019,24289.7892,15 ans,12 mois
2020-11-01,3621.6299,0.1075,30518.7544,26902.05,15 ans,12 mois
2020-12-01,3756.0701,0.0371,31651.6551,27900.6933,15 ans,12 mois
2021-01-01,3714.24,-0.0111,31299.1613,27589.9728,15 ans,12 mois
2021-02-01,3811.1499,0.0261,32115.8019,28309.8352,15 ans,12 mois
2021-03-01,3972.8899,0.0424,33478.7526,29511.2659,15 ans,12 mois
2021-04-01,4181.1699,0.0524,35233.8869,31058.4035,15 ans,12 mois
2021-05-01,4204.1099,0.0055,35427.1973,31228.8051,15 ans,12 mois
2021-06-01,4297.5,0.0222,36214.1774,31922.5221,15 ans,12 mois
2021-07-01,4395.2598,0.0227,37037.9794,32648.6973,15 ans,12 mois
2021-08-01,4522.6802,0.029,38111.7259,33595.1967,15 ans,12 mois
2021-09-01,4307.54,-0.0476,36298.7828,31997.1011,15 ans,12 mois
2021-10-01,4605.3799,0.0691,38808.6199,34209.5034,15 ans,12 mois
2021-11-01,4567.0,-0.0083,38485.2002,33924.4115,15 ans,12 mois
2021-12-01,4766.1802,0.0436,40163.6519,35403.9539,15 ans,12 mois
2022-01-01,4515.5498,-0.0526,38051.6397,33542.2311,15 ans,12 mois
2022-02-01,4373.9399,-0.0314,36858.3215,32490.3303,15 ans,12 mois
2022-03-01,4530.4102,0.0358,38176.8649,33652.6162,15 ans,12 mois
2022-04-01,4131.9302,-0.088,34818.9534,30692.6427,15 ans,12 mois
2022-05-01,4132.1499,0.0001,34820.805,30694.2749,15 ans,12 mois
2022-06-01,3785.3799,-0.0839,31898.643,28118.4114,15 ans,12 mois
2022-07-01,4130.29,0.0911,34805.1323,30680.4595,15 ans,12 mois
2022-08-01,3955.0,-0.0424,33327.998,29378.3769,15 ans,12 mois
2022-09-01,3585.6201,-0.0934,30215.3072,26634.5636,15 ans,12 mois
2022-10-01,3871.98,0.0799,32628.4048,28761.6908,15 ans,12 mois
2022-11-01,4080.1101,0.0538,34382.276,30307.7149,15 ans,12 mois
2022-12-01,3839.5,-0.059,32354.7025,28520.4243,15 ans,12 mois
2023-01-01,4076.6001,0.0618,34352.6978,30281.642,15 ans,12 mois
2023-02-01,3970.1499,-0.0261,33455.6632,29490.9128,15 ans,12 mois
2023-03-01,4109.3101,0.0351,34628.3382,30524.6169,15 ans,12 mois
2023-04-01,4169.48,0.0146,35135.3781,30971.5687,15 ans,12 mois
2023-05-01,4179.8301,0.0025,35222.5963,31048.4509,15 ans,12 mois
2023-06-01,4450.3799,0.0647,37502.4657,33058.1384,15 ans,12 mois
2023-07-01,4588.96,0.0311,38670.2524,34087.5336,15 ans,12 mois
2023-08-01,4507.6602,-0.0177,37985.1552,33483.6255,15 ans,12 mois
2023-09-01,4288.0498,-0.0487,36134.5424,31852.3245,15 ans,12 mois
2023-10-01,4193.7998,-0.022,35340.3164,31152.2203,15 ans,12 mois
2023-11-01,4567.7998,0.0892,38491.94,33930.3525,15 ans,12 mois
2023-12-01,4769.8301,0.0442,40194.4089,35431.0659,15 ans,12 mois
2024-01-01,4845.6499,0.0159,40833.3275,35994.2678,15 ans,12 mois
2024-02-01,5096.27,0.0517,42945.2534,37855.9144,15 ans,12 mois
2024-03-01,5254.3501,0.031,44277.3627,39030.1587,15 ans,12 mois
2024-04-01,5035.6899,-0.0416,42434.7571,37405.9158,15 ans,12 mois
2024-05-01,5277.5098,0.048,44472.5246,39202.1924,15 ans,12 mois
2024-06-01,5460.48,0.0347,46014.3782,40561.3246,15 ans,12 mois
2024-07-01,5522.2998,0.0113,46535.3216,41020.5322,15 ans,12 mois
2024-08-01,5648.3999,0.0228,47597.942,41957.2241,15 ans,12 mois
2024-09-01,5762.48,0.0202,48559.2721,42804.6293,15 ans,12 mois
2024-10-01,5705.4502,-0.0099,48078.6935,42381.0028,15 ans,12 mois
2024-11-01,6032.3799,0.0573,50833.6649,44809.4892,15 ans,12 mois
2024-12-01,5881.6299,-0.025,49563.3247,43689.6939,15 ans,12 mois
2025-01-01,6040.5298,0.027,50902.3425,44870.028,15 ans,12 mois
2025-02-01,5954.5,-0.0142,50177.3866,44230.9849,15 ans,12 mois
2025-03-01,5611.8501,-0.0575,47289.9441,41685.7262,15 ans,12 mois
2025-04-01,5363.3599,-0.0443,45195.9663,39839.9008,15 ans,12 mois
2015-05-01,2107.3899,0.0105,10104.9138,842.0762,10 ans,12 mois
2015-06-01,2063.1101,-0.021,9892.5927,1657.8998,10 ans,12 mois
2015-07-01,2103.8401,0.0197,10087.8925,2507.6848,10 ans,12 mois
2015-08-01,1972.1801,-0.0626,9456.584,3288.8674,10 ans,12 mois
2015-09-01,1920.03,-0.0264,9206.5251,4100.1651,10 ans,12 mois
2015-10-01,2079.3601,0.083,9970.5113,5002.651,10 ans,12 mois
2015-11-01,2080.4099,0.0005,9975.5451,5836.4051,10 ans,12 mois
2015-12-01,2043.9399,-0.0175,9800.6719,6655.1299,10 ans,12 mois
2016-01-01,1940.24,-0.0507,9303.4317,7446.1838,10 ans,12 mois
2016-02-01,1932.23,-0.0041,9265.0238,8276.0768,10 ans,12 mois
2016-03-01,2059.74,0.066,9876.433,9164.4028,10 ans,12 mois
2016-04-01,2065.3,0.0027,9903.0934,9999.9856,10 ans,12 mois
2016-05-01,2096.95,0.0153,10054.8544,10153.2314,10 ans,12 mois
2016-06-01,2098.8601,0.0009,10064.0136,10162.4802,10 ans,12 mois
2016-07-01,2173.6001,0.0356,10422.3911,10524.3641,10 ans,12 mois
2016-08-01,2170.95,-0.0012,10409.6837,10511.5323,10 ans,12 mois
2016-09-01,2168.27,-0.0012,10396.8334,10498.5564,10 ans,12 mois
2016-10-01,2126.1499,-0.0194,10194.8679,10294.6148,10 ans,12 mois
2016-11-01,2198.8101,0.0342,10543.2726,10646.4283,10 ans,12 mois
2016-12-01,2238.8301,0.0182,10735.1682,10840.2014,10 ans,12 mois
2017-01-01,2278.8701,0.0179,10927.1598,11034.0715,10 ans,12 mois
2017-02-01,2363.6399,0.0372,11333.6301,11444.5186,10 ans,12 mois
2017-03-01,2362.72,-0.0004,11329.219,11440.0645,10 ans,12 mois
2017-04-01,2384.2,0.0091,11432.2153,11544.0685,10 ans,12 mois
2017-05-01,2411.8,0.0116,11564.5575,11677.7055,10 ans,12 mois
2017-06-01,2423.4099,0.0048,11620.2267,11733.9194,10 ans,12 mois
2017-07-01,2470.3,0.0193,11845.0645,11960.9569,10 ans,12 mois
2017-08-01,2471.6499,0.0005,11851.537,11967.4928,10 ans,12 mois
2017-09-01,2519.3601,0.0193,12080.307,12198.501,10 ans,12 mois
2017-10-01,2575.26,0.0222,12348.3464,12469.163,10 ans,12 mois
2017-11-01,2647.5801,0.0281,12695.1205,12819.3299,10 ans,12 mois
2017-12-01,2673.6101,0.0098,12819.9342,12945.3648,10 ans,12 mois
2018-01-01,2823.8101,0.0562,13540.1415,13672.6186,10 ans,12 mois
2018-02-01,2713.8301,-0.0389,13012.7886,13140.1061,10 ans,12 mois
2018-03-01,2640.8701,-0.0269,12662.9463,12786.8409,10 ans,12 mois
2018-04-01,2648.05,0.0027,12697.374,12821.6054,10 ans,12 mois
2018-05-01,2705.27,0.0216,12971.7432,13098.6591,10 ans,12 mois
2018-06-01,2718.3701,0.0048,13034.558,13162.0885,10 ans,12 mois
2018-07-01,2816.29,0.036,13504.0831,13636.2074,10 ans,12 mois
2018-08-01,2901.52,0.0303,13912.76,14048.8828,10 ans,12 mois
2018-09-01,2913.98,0.0043,13972.5054,14109.2128,10 ans,12 mois
2018-10-01,2711.74,-0.0694,13002.7666,13129.9861,10 ans,12 mois
2018-11-01,2760.1699,0.0179,13234.9876,13364.4792,10 ans,12 mois
2018-12-01,2506.8501,-0.0918,12020.3216,12137.9288,10 ans,12 mois
2019-01-01,2704.1001,0.0787,12966.1334,13092.9944,10 ans,12 mois
2019-02-01,2784.49,0.0297,13351.6021,13482.2346,10 ans,12 mois
2019-03-01,2834.3999,0.0179,13590.9197,13723.8936,10 ans,12 mois
2019-04-01,2945.8301,0.0393,14125.2263,14263.4279,10 ans,12 mois
2019-05-01,2752.0601,-0.0658,13196.1009,13325.212,10 ans,12 mois
2019-06-01,2941.76,0.0689,14105.7103,14243.721,10 ans,12 mois
2019-07-01,2980.3799,0.0131,14290.8922,14430.7148,10 ans,12 mois
2019-08-01,2926.46,-0.0181,14032.3468,14169.6397,10 ans,12 mois
2019-09-01,2976.74,0.0172,14273.439,14413.0908,10 ans,12 mois
2019-10-01,3037.5601,0.0204,14565.0706,14707.5757,10 ans,12 mois
2019-11-01,3140.98,0.034,15060.9681,15208.3251,10 ans,12 mois
2019-12-01,3230.78,0.0286,15491.5585,15643.1284,10 ans,12 mois
2020-01-01,3225.52,-0.0016,15466.3368,15617.6599,10 ans,12 mois
2020-02-01,2954.22,-0.0841,14165.4557,14304.051,10 ans,12 mois
2020-03-01,2584.5901,-0.1251,12393.0841,12514.3384,10 ans,12 mois
2020-04-01,2912.4299,0.1268,13965.0729,14101.7076,10 ans,12 mois
2020-05-01,3044.3101,0.0453,14597.4368,14740.2586,10 ans,12 mois
2020-06-01,3100.29,0.0184,14865.8603,15011.3083,10 ans,12 mois
2020-07-01,3271.1201,0.0551,15684.9888,15838.4512,10 ans,12 mois
2020-08-01,3500.3101,0.0701,16783.9523,16948.167,10 ans,12 mois
2020-09-01,3363.0,-0.0392,16125.5519,16283.3248,10 ans,12 mois
2020-10-01,3269.96,-0.0277,15679.4259,15832.8339,10 ans,12 mois
2020-11-01,3621.6299,0.1075,17365.6797,17535.586,10 ans,12 mois
2020-12-01,3756.0701,0.0371,18010.3191,18186.5326,10 ans,12 mois
2021-01-01,3714.24,-0.0111,17809.7442,17983.9953,10 ans,12 mois
2021-02-01,3811.1499,0.0261,18274.4263,18453.2239,10 ans,12 mois
2021-03-01,3972.8899,0.0424,19049.968,19236.3535,10 ans,12 mois
2021-04-01,4181.1699,0.0524,20048.6687,20244.8255,10 ans,12 mois
2021-05-01,4204.1099,0.0055,20158.6655,20355.8985,10 ans,12 mois
2021-06-01,4297.5,0.0222,20606.4703,20808.0846,10 ans,12 mois
2021-07-01,4395.2598,0.0227,21075.2274,21281.428,10 ans,12 mois
2021-08-01,4522.6802,0.029,21686.207,21898.3855,10 ans,12 mois
2021-09-01,4307.54,-0.0476,20654.6122,20856.6975,10 ans,12 mois
2021-10-01,4605.3799,0.0691,22082.7513,22298.8096,10 ans,12 mois
2021-11-01,4567.0,-0.0083,21898.7201,22112.9779,10 ans,12 mois
2021-12-01,4766.1802,0.0436,22853.7871,23077.3892,10 ans,12 mois
2022-01-01,4515.5498,-0.0526,21652.0169,21863.8609,10 ans,12 mois
2022-02-01,4373.9399,-0.0314,20972.999,21178.1995,10 ans,12 mois
2022-03-01,4530.4102,0.0358,21723.2722,21935.8133,10 ans,12 mois
2022-04-01,4131.9302,-0.088,19812.5646,20006.4113,10 ans,12 mois
2022-05-01,4132.1499,0.0001,19813.6182,20007.4752,10 ans,12 mois
2022-06-01,3785.3799,-0.0839,18150.8593,18328.4479,10 ans,12 mois
2022-07-01,4130.29,0.0911,19804.7001,19998.4699,10 ans,12 mois
2022-08-01,3955.0,-0.0424,18964.1861,19149.7323,10 ans,12 mois
2022-09-01,3585.6201,-0.0934,17193.0132,17361.2302,10 ans,12 mois
2022-10-01,3871.98,0.0799,18566.106,18747.7573,10 ans,12 mois
2022-11-01,4080.1101,0.0538,19564.0879,19755.5035,10 ans,12 mois
2022-12-01,3839.5,-0.059,18410.3648,18590.4923,10 ans,12 mois
2023-01-01,4076.6001,0.0618,19547.2574,19738.5084,10 ans,12 mois
2023-02-01,3970.1499,-0.0261,19036.8298,19223.0867,10 ans,12 mois
2023-03-01,4109.3101,0.0351,19704.1013,19896.8869,10 ans,12 mois
2023-04-01,4169.48,0.0146,19992.6155,20188.2239,10 ans,12 mois
2023-05-01,4179.8301,0.0025,20042.2441,20238.3381,10 ans,12 mois
2023-06-01,4450.3799,0.0647,21339.5278,21548.3144,10 ans,12 mois
2023-07-01,4588.96,0.0311,22004.0179,22219.3059,10 ans,12 mois
2023-08-01,4507.6602,-0.0177,21614.1861,21825.66,10 ans,12 mois
2023-09-01,4288.0498,-0.0487,20561.1567,20762.3276,10 ans,12 mois
2023-10-01,4193.7998,-0.022,20109.2288,20305.9782,10 ans,12 mois
2023-11-01,4567.7998,0.0892,21902.5552,22116.8504,10 ans,12 mois
2023-12-01,4769.8301,0.0442,22871.2883,23095.0617,10 ans,12 mois
2024-01-01,4845.6499,0.0159,23234.8437,23462.1741,10 ans,12 mois
2024-02-01,5096.27,0.0517,24436.5647,24675.6527,10 ans,12 mois
2024-03-01,5254.3501,0.031,25194.5571,25441.0614,10 ans,12 mois
2024-04-01,5035.6899,-0.0416,24146.0838,24382.3298,10 ans,12 mois
2024-05-01,5277.5098,0.048,25305.6075,25553.1983,10 ans,12 mois
2024-06-01,5460.48,0.0347,26182.9478,26439.1226,10 ans,12 mois
2024-07-01,5522.2998,0.0113,26479.3733,26738.4483,10 ans,12 mois
2024-08-01,5648.3999,0.0228,27084.022,27349.0129,10 ans,12 mois
2024-09-01,5762.48,0.0202,27631.0349,27901.3778,10 ans,12 mois
2024-10-01,5705.4502,-0.0099,27357.5776,27625.245,10 ans,12 mois
2024-11-01,6032.3799,0.0573,28925.2023,29208.2073,10 ans,12 mois
2024-12-01,5881.6299,-0.025,28202.3575,28478.2902,10 ans,12 mois
2025-01-01,6040.5298,0.027,28964.281,29247.6684,10 ans,12 mois
2025-02-01,5954.5,-0.0142,28551.769,28831.1204,10 ans,12 mois
2025-03-01,5611.8501,-0.0575,26908.7661,27172.0422,10 ans,12 mois
2025-04-01,5363.3599,-0.0443,25717.2578,25968.8763,10 ans,12 mois
2020-05-01,3044.3101,0.0453,10452.8182,871.0682,5 ans,12 mois
2020-06-01,3100.29,0.0184,10645.0288,1719.7252,5 ans,12 mois
2020-07-01,3271.1201,0.0551,11231.5839,2598.9763,5 ans,12 mois
2020-08-01,3500.3101,0.0701,12018.5211,3490.6968,5 ans,12 mois
2020-09-01,3363.0,-0.0392,11547.0589,4291.3402,5 ans,12 mois
2020-10-01,3269.96,-0.0277,11227.6004,5101.6187,5 ans,12 mois
2020-11-01,3621.6299,0.1075,12435.0799,6024.5734,5 ans,12 mois
2020-12-01,3756.0701,0.0371,12896.6882,6888.8413,5 ans,12 mois
2021-01-01,3714.24,-0.0111,12753.0621,7712.8941,5 ans,12 mois
2021-02-01,3811.1499,0.0261,13085.808,8567.9703,5 ans,12 mois
2021-03-01,3972.8899,0.0424,13641.1518,9436.6691,5 ans,12 mois
2021-04-01,4181.1699,0.0524,14356.2936,10313.6902,5 ans,12 mois
2021-05-01,4204.1099,0.0055,14435.0593,10370.2762,5 ans,12 mois
2021-06-01,4297.5,0.0222,14755.7198,10600.6416,5 ans,12 mois
2021-07-01,4395.2598,0.0227,15091.3837,10841.7856,5 ans,12 mois
2021-08-01,4522.6802,0.029,15528.8892,11156.0935,5 ans,12 mois
2021-09-01,4307.54,-0.0476,14790.1929,10625.4074,5 ans,12 mois
2021-10-01,4605.3799,0.0691,15812.8435,11360.0888,5 ans,12 mois
2021-11-01,4567.0,-0.0083,15681.0639,11265.4171,5 ans,12 mois
2021-12-01,4766.1802,0.0436,16364.9608,11756.7348,5 ans,12 mois
2022-01-01,4515.5498,-0.0526,15504.4067,11138.505,5 ans,12 mois
2022-02-01,4373.9399,-0.0314,15018.1808,10789.196,5 ans,12 mois
2022-03-01,4530.4102,0.0358,15555.4306,11175.161,5 ans,12 mois
2022-04-01,4131.9302,-0.088,14187.226,10192.2306,5 ans,12 mois
2022-05-01,4132.1499,0.0001,14187.9805,10192.7726,5 ans,12 mois
2022-06-01,3785.3799,-0.0839,12997.3252,9337.3951,5 ans,12 mois
2022-07-01,4130.29,0.0911,14181.5945,10188.1849,5 ans,12 mois
2022-08-01,3955.0,-0.0424,13579.7258,9755.797,5 ans,12 mois
2022-09-01,3585.6201,-0.0934,12311.4382,8844.6478,5 ans,12 mois
2022-10-01,3871.98,0.0799,13294.6717,9551.0115,5 ans,12 mois
2022-11-01,4080.1101,0.0538,14009.2988,10064.406,5 ans,12 mois
2022-12-01,3839.5,-0.059,13183.1498,9470.8932,5 ans,12 mois
2023-01-01,4076.6001,0.0618,13997.2469,10055.7479,5 ans,12 mois
2023-02-01,3970.1499,-0.0261,13631.7439,9793.1672,5 ans,12 mois
2023-03-01,4109.3101,0.0351,14109.5585,10136.4335,5 ans,12 mois
2023-04-01,4169.48,0.0146,14316.1555,10284.8547,5 ans,12 mois
2023-05-01,4179.8301,0.0025,14351.6932,10310.3852,5 ans,12 mois
2023-06-01,4450.3799,0.0647,15280.6419,10977.7503,5 ans,12 mois
2023-07-01,4588.96,0.0311,15756.4648,11319.5858,5 ans,12 mois
2023-08-01,4507.6602,-0.0177,15477.3171,11119.0436,5 ans,12 mois
2023-09-01,4288.0498,-0.0487,14723.272,10577.3308,5 ans,12 mois
2023-10-01,4193.7998,-0.022,14399.6591,10344.8444,5 ans,12 mois
2023-11-01,4567.7998,0.0892,15683.8101,11267.39,5 ans,12 mois
2023-12-01,4769.8301,0.0442,16377.493,11765.738,5 ans,12 mois
2024-01-01,4845.6499,0.0159,16637.8248,11952.7628,5 ans,12 mois
2024-02-01,5096.27,0.0517,17498.3438,12570.9673,5 ans,12 mois
2024-03-01,5254.3501,0.031,18041.1211,12960.9034,5 ans,12 mois
2024-04-01,5035.6899,-0.0416,17290.3385,12421.5344,5 ans,12 mois
2024-05-01,5277.5098,0.048,18120.6411,13018.0313,5 ans,12 mois
2024-06-01,5460.48,0.0347,18748.8802,13469.3639,5 ans,12 mois
2024-07-01,5522.2998,0.0113,18961.1422,13621.8548,5 ans,12 mois
2024-08-01,5648.3999,0.0228,19394.1143,13932.9059,5 ans,12 mois
2024-09-01,5762.48,0.0202,19785.815,14214.3072,5 ans,12 mois
2024-10-01,5705.4502,-0.0099,19589.9999,14073.6318,5 ans,12 mois
2024-11-01,6032.3799,0.0573,20712.5322,14880.0691,5 ans,12 mois
2024-12-01,5881.6299,-0.025,20194.9232,14508.2142,5 ans,12 mois
2025-01-01,6040.5298,0.027,20740.5154,14900.1725,5 ans,12 mois
2025-02-01,5954.5,-0.0142,20445.1271,14687.9629,5 ans,12 mois
2025-03-01,5611.8501,-0.0575,19268.6184,13842.7485,5 ans,12 mois
2025-04-01,5363.3599,-0.0443,18415.4125,13229.7977,5 ans,12 mois
2000-05-01,1420.6,-0.0219,9780.8495,407.5354,25 ans,24 mois
2000-06-01,1454.6,0.0239,10014.9399,834.1744,25 ans,24 mois
2000-07-01,1430.83,-0.0163,9851.283,1244.0322,25 ans,24 mois
2000-08-01,1517.6801,0.0607,10449.2471,1685.9901,25 ans,24 mois
2000-09-01,1436.51,-0.0535,9890.3903,2080.3722,25 ans,24 mois
2000-10-01,1429.4,-0.0049,9841.4379,2494.9766,25 ans,24 mois
2000-11-01,1314.95,-0.0801,9053.4477,2878.2814,25 ans,24 mois
2000-12-01,1320.28,0.0041,9090.1453,3296.637,25 ans,24 mois
2001-01-01,1366.01,0.0346,9404.9969,3727.7355,25 ans,24 mois
2001-02-01,1239.9399,-0.0923,8537.0028,4105.9477,25 ans,24 mois
2001-03-01,1160.33,-0.0642,7988.887,4495.8624,25 ans,24 mois
2001-04-01,1249.46,0.0768,8602.5482,4944.5351,25 ans,24 mois
2001-05-01,1255.8199,0.0051,8646.3368,5363.3227,25 ans,24 mois
2001-06-01,1224.38,-0.025,8429.8724,5769.5579,25 ans,24 mois
2001-07-01,1211.23,-0.0107,8339.3343,6181.7495,25 ans,24 mois
2001-08-01,1133.58,-0.0641,7804.7129,6571.7043,25 ans,24 mois
2001-09-01,1040.9399,-0.0817,7166.8852,6954.3196,25 ans,24 mois
2001-10-01,1059.78,0.0181,7296.5994,7378.5276,25 ans,24 mois
2001-11-01,1139.45,0.0752,7845.1279,7826.5175,25 ans,24 mois
2001-12-01,1148.08,0.0076,7904.5456,8246.34,25 ans,24 mois
2002-01-01,1130.2,-0.0156,7781.4415,8656.5175,25 ans,24 mois
2002-02-01,1106.73,-0.0208,7619.8505,9064.5316,25 ans,24 mois
2002-03-01,1147.39,0.0367,7899.7953,9496.5061,25 ans,24 mois
2002-04-01,1076.92,-0.0614,7414.6086,9887.5821,25 ans,24 mois
2002-05-01,1067.14,-0.0091,7347.273,9797.7882,25 ans,24 mois
2002-06-01,989.82,-0.0725,6814.9238,9087.886,25 ans,24 mois
2002-07-01,911.62,-0.079,6276.5156,8369.9042,25 ans,24 mois
2002-08-01,916.07,0.0049,6307.154,8410.7613,25 ans,24 mois
2002-09-01,815.28,-0.11,5613.2137,7485.373,25 ans,24 mois
2002-10-01,885.76,0.0864,6098.4693,8132.4745,25 ans,24 mois
2002-11-01,936.31,0.0571,6446.5066,8596.5918,25 ans,24 mois
2002-12-01,879.82,-0.0603,6057.5723,8077.9373,25 ans,24 mois
2003-01-01,855.7,-0.0274,5891.5058,7856.4831,25 ans,24 mois
2003-02-01,841.15,-0.017,5791.329,7722.8946,25 ans,24 mois
2003-03-01,848.18,0.0084,5839.7304,7787.4392,25 ans,24 mois
2003-04-01,916.92,0.081,6313.0061,8418.5652,25 ans,24 mois
2003-05-01,963.59,0.0509,6634.33,8847.0593,25 ans,24 mois
2003-06-01,974.5,0.0113,6709.4453,8947.2276,25 ans,24 mois
2003-07-01,990.31,0.0162,6818.2973,9092.3848,25 ans,24 mois
2003-08-01,1008.01,0.0179,6940.1622,9254.8948,25 ans,24 mois
2003-09-01,995.97,-0.0119,6857.2663,9144.351,25 ans,24 mois
2003-10-01,1050.71,0.055,7234.1519,9646.9381,25 ans,24 mois
2003-11-01,1058.2,0.0071,7285.7206,9715.7064,25 ans,24 mois
2003-12-01,1111.92,0.0508,7655.5841,10208.9295,25 ans,24 mois
2004-01-01,1131.13,0.0173,7787.8449,10385.3029,25 ans,24 mois
2004-02-01,1144.9399,0.0122,7882.9265,10512.0968,25 ans,24 mois
2004-03-01,1126.21,-0.0164,7753.9704,10340.1302,25 ans,24 mois
2004-04-01,1107.3,-0.0168,7623.7754,10166.5116,25 ans,24 mois
2004-05-01,1120.6801,0.0121,7715.8969,10289.3582,25 ans,24 mois
2004-06-01,1140.84,0.018,7854.6982,10474.4534,25 ans,24 mois
2004-07-01,1101.72,-0.0343,7585.3565,10115.279,25 ans,24 mois
2004-08-01,1104.24,0.0023,7602.7068,10138.4162,25 ans,24 mois
2004-09-01,1114.58,0.0094,7673.8976,10233.351,25 ans,24 mois
2004-10-01,1130.2,0.014,7781.4415,10376.7637,25 ans,24 mois
2004-11-01,1173.8199,0.0386,8081.7658,10777.2543,25 ans,24 mois
2004-12-01,1211.92,0.0325,8344.0854,11127.0647,25 ans,24 mois
2005-01-01,1181.27,-0.0253,8133.0596,10845.656,25 ans,24 mois
2005-02-01,1203.6,0.0189,8286.8016,11050.6752,25 ans,24 mois
2005-03-01,1180.59,-0.0191,8128.3774,10839.4122,25 ans,24 mois
2005-04-01,1156.85,-0.0201,7964.9273,10621.447,25 ans,24 mois
2005-05-01,1191.5,0.03,8203.4932,10939.581,25 ans,24 mois
2005-06-01,1191.33,-0.0001,8202.3224,10938.0198,25 ans,24 mois
2005-07-01,1234.1801,0.036,8497.3459,11331.4417,25 ans,24 mois
2005-08-01,1220.33,-0.0112,8401.9878,11204.279,25 ans,24 mois
2005-09-01,1228.8101,0.0069,8460.3734,11282.1378,25 ans,24 mois
2005-10-01,1207.01,-0.0177,8310.2798,11081.9839,25 ans,24 mois
2005-11-01,1249.48,0.0352,8602.6861,11471.9157,25 ans,24 mois
2005-12-01,1248.29,-0.001,8594.4933,11460.9904,25 ans,24 mois
2006-01-01,1280.08,0.0255,8813.3673,11752.8648,25 ans,24 mois
2006-02-01,1280.66,0.0005,8817.3612,11758.1907,25 ans,24 mois
2006-03-01,1294.87,0.0111,8915.1969,11888.6574,25 ans,24 mois
2006-04-01,1310.61,0.0122,9023.567,12033.1718,25 ans,24 mois
2006-05-01,1270.09,-0.0309,8744.5861,11661.1432,25 ans,24 mois
2006-06-01,1270.2,0.0001,8745.3434,11662.153,25 ans,24 mois
2006-07-01,1276.66,0.0051,8789.8211,11721.4653,25 ans,24 mois
2006-08-01,1303.8199,0.0213,8976.8175,11970.83,25 ans,24 mois
2006-09-01,1335.85,0.0246,9197.3446,12264.909,25 ans,24 mois
2006-10-01,1377.9399,0.0315,9487.1346,12651.3518,25 ans,24 mois
2006-11-01,1400.63,0.0165,9643.356,12859.6773,25 ans,24 mois
2006-12-01,1418.3,0.0126,9765.0145,13021.9122,25 ans,24 mois
2007-01-01,1438.24,0.0141,9902.3012,13204.9878,25 ans,24 mois
2007-02-01,1406.8199,-0.0218,9685.9738,12916.5093,25 ans,24 mois
2007-03-01,1420.86,0.01,9782.6397,13045.4158,25 ans,24 mois
2007-04-01,1482.37,0.0433,10206.1369,13610.1609,25 ans,24 mois
2007-05-01,1530.62,0.0325,10538.3388,14053.1611,25 ans,24 mois
2007-06-01,1503.35,-0.0178,10350.5843,13802.7855,25 ans,24 mois
2007-07-01,1455.27,-0.032,10019.5532,13361.3465,25 ans,24 mois
2007-08-01,1473.99,0.0129,10148.4404,13533.2211,25 ans,24 mois
2007-09-01,1526.75,0.0358,10511.6938,14017.6293,25 ans,24 mois
2007-10-01,1549.38,0.0148,10667.5017,14225.4034,25 ans,24 mois
2007-11-01,1481.14,-0.044,10197.6685,13598.868,25 ans,24 mois
2007-12-01,1468.36,-0.0086,10109.6778,13481.5301,25 ans,24 mois
2008-01-01,1378.55,-0.0612,9491.3352,12656.9534,25 ans,24 mois
2008-02-01,1330.63,-0.0348,9161.4051,12216.9826,25 ans,24 mois
2008-03-01,1322.7,-0.006,9106.8065,12144.174,25 ans,24 mois
2008-04-01,1385.59,0.0475,9539.8051,12721.5894,25 ans,24 mois
2008-05-01,1400.38,0.0107,9641.6347,12857.3819,25 ans,24 mois
2008-06-01,1280.0,-0.086,8812.8168,11752.1307,25 ans,24 mois
2008-07-01,1267.38,-0.0099,8725.928,11636.2621,25 ans,24 mois
2008-08-01,1282.83,0.0122,8832.3011,11778.1135,25 ans,24 mois
2008-09-01,1166.36,-0.0908,8030.4038,10708.7617,25 ans,24 mois
2008-10-01,968.75,-0.1694,6669.8565,8894.4349,25 ans,24 mois
2008-11-01,896.24,-0.0748,6170.6241,8228.6949,25 ans,24 mois
2008-12-01,903.25,0.0078,6218.8881,8293.0563,25 ans,24 mois
2009-01-01,825.88,-0.0857,5686.1947,7582.6951,25 ans,24 mois
2009-02-01,735.09,-0.1099,5061.1045,6749.1204,25 ans,24 mois
2009-03-01,797.87,0.0854,5493.3454,7325.5254,25 ans,24 mois
2009-04-01,872.81,0.0939,6009.3083,8013.5759,25 ans,24 mois
2009-05-01,919.14,0.0531,6328.2911,8438.9481,25 ans,24 mois
2009-06-01,919.32,0.0002,6329.5303,8440.6007,25 ans,24 mois
2009-07-01,987.48,0.0741,6798.8126,9066.4014,25 ans,24 mois
2009-08-01,1020.62,0.0336,7026.9821,9370.6716,25 ans,24 mois
2009-09-01,1057.08,0.0357,7278.0094,9705.4233,25 ans,24 mois
2009-10-01,1036.1899,-0.0198,7134.1814,9513.6247,25 ans,24 mois
2009-11-01,1095.63,0.0574,7543.427,10059.3649,25 ans,24 mois
2009-12-01,1115.1,0.0178,7677.478,10238.1255,25 ans,24 mois
2010-01-01,1073.87,-0.037,7393.609,9859.5786,25 ans,24 mois
2010-02-01,1104.49,0.0285,7604.4281,10140.7115,25 ans,24 mois
2010-03-01,1169.4301,0.0588,8051.5413,10736.9491,25 ans,24 mois
2010-04-01,1186.6899,0.0148,8170.3758,10895.4182,25 ans,24 mois
2010-05-01,1089.41,-0.082,7500.6024,10002.2571,25 ans,24 mois
2010-06-01,1030.71,-0.0539,7096.4516,9463.3111,25 ans,24 mois
2010-07-01,1101.6,0.0688,7584.5303,10114.1773,25 ans,24 mois
2010-08-01,1049.33,-0.0474,7224.6505,9634.2678,25 ans,24 mois
2010-09-01,1141.2,0.0876,7857.1767,10477.7586,25 ans,24 mois
2010-10-01,1183.26,0.0369,8146.7607,10863.9268,25 ans,24 mois
2010-11-01,1180.55,-0.0023,8128.1026,10839.0457,25 ans,24 mois
2010-12-01,1257.64,0.0653,8658.868,11546.8358,25 ans,24 mois
2011-01-01,1286.12,0.0226,8854.9531,11808.3205,25 ans,24 mois
2011-02-01,1327.22,0.032,9137.9269,12185.6739,25 ans,24 mois
2011-03-01,1325.83,-0.001,9128.3567,12172.9117,25 ans,24 mois
2011-04-01,1363.61,0.0285,9388.4727,12519.7834,25 ans,24 mois
2011-05-01,1345.2,-0.0135,9261.7193,12350.7544,25 ans,24 mois
2011-06-01,1320.64,-0.0183,9092.6238,12125.261,25 ans,24 mois
2011-07-01,1292.28,-0.0215,8897.365,11864.878,25 ans,24 mois
2011-08-01,1218.89,-0.0568,8392.0738,11191.0584,25 ans,24 mois
2011-09-01,1131.42,-0.0718,7789.8419,10387.9658,25 ans,24 mois
2011-10-01,1253.3,0.1077,8628.9873,11506.9891,25 ans,24 mois
2011-11-01,1246.96,-0.0051,8585.3357,11448.7785,25 ans,24 mois
2011-12-01,1257.6,0.0085,8658.5924,11546.4682,25 ans,24 mois
2012-01-01,1312.41,0.0436,9035.9603,12049.6986,25 ans,24 mois
2012-02-01,1365.6801,0.0406,9402.7251,12538.7895,25 ans,24 mois
2012-03-01,1408.47,0.0313,9697.3343,12931.6587,25 ans,24 mois
2012-04-01,1397.91,-0.0075,9624.6289,12834.7043,25 ans,24 mois
2012-05-01,1310.33,-0.0627,9021.639,12030.6007,25 ans,24 mois
2012-06-01,1362.16,0.0396,9378.4897,12506.4709,25 ans,24 mois
2012-07-01,1379.3199,0.0126,9496.6359,12664.0221,25 ans,24 mois
2012-08-01,1406.58,0.0198,9684.3215,12914.3059,25 ans,24 mois
2012-09-01,1440.67,0.0242,9919.0322,13227.299,25 ans,24 mois
2012-10-01,1412.16,-0.0198,9722.7404,12965.5385,25 ans,24 mois
2012-11-01,1416.1801,0.0028,9750.4183,13002.4477,25 ans,24 mois
2012-12-01,1426.1899,0.0071,9819.3365,13094.352,25 ans,24 mois
2013-01-01,1498.11,0.0504,10314.5069,13754.6753,25 ans,24 mois
2013-02-01,1514.6801,0.0111,10428.5921,13906.8109,25 ans,24 mois
2013-03-01,1569.1899,0.036,10803.8934,14407.2854,25 ans,24 mois
2013-04-01,1597.5699,0.0181,10999.2901,14667.8522,25 ans,24 mois
2013-05-01,1630.74,0.0208,11227.6663,14972.3981,25 ans,24 mois
2013-06-01,1606.28,-0.015,11059.2591,14747.8225,25 ans,24 mois
2013-07-01,1685.73,0.0495,11606.2731,15477.2805,25 ans,24 mois
2013-08-01,1632.97,-0.0313,11243.0197,14992.8723,25 ans,24 mois
2013-09-01,1681.55,0.0297,11577.4942,15438.9031,25 ans,24 mois
2013-10-01,1756.54,0.0446,12093.8012,16127.4126,25 ans,24 mois
2013-11-01,1805.8101,0.028,12433.026,16579.778,25 ans,24 mois
2013-12-01,1848.36,0.0236,12725.9828,16970.4439,25 ans,24 mois
2014-01-01,1782.59,-0.0356,12273.1553,16366.5862,25 ans,24 mois
2014-02-01,1859.45,0.0431,12802.3373,17072.2647,25 ans,24 mois
2014-03-01,1872.34,0.0069,12891.0853,17190.6125,25 ans,24 mois
2014-04-01,1883.95,0.0062,12971.0202,17297.2079,25 ans,24 mois
2014-05-01,1923.5699,0.021,13243.8043,17660.973,25 ans,24 mois
2014-06-01,1960.23,0.0191,13496.2092,17997.5617,25 ans,24 mois
2014-07-01,1930.67,-0.0151,13292.6886,17726.1615,25 ans,24 mois
2014-08-01,2003.37,0.0377,13793.2287,18393.6453,25 ans,24 mois
2014-09-01,1972.29,-0.0155,13579.2428,18108.2893,25 ans,24 mois
2014-10-01,2018.05,0.0232,13894.3011,18528.4281,25 ans,24 mois
2014-11-01,2067.5601,0.0245,14235.1782,18982.9969,25 ans,24 mois
2014-12-01,2058.8999,-0.0042,14175.5529,18903.485,25 ans,24 mois
2015-01-01,1994.99,-0.031,13735.5323,18316.7056,25 ans,24 mois
2015-02-01,2104.5,0.0549,14489.5101,19322.1555,25 ans,24 mois
2015-03-01,2067.8899,-0.0174,14237.4491,18986.0252,25 ans,24 mois
2015-04-01,2085.51,0.0085,14358.7638,19147.8017,25 ans,24 mois
2015-05-01,2107.3899,0.0105,14509.4071,19348.6887,25 ans,24 mois
2015-06-01,2063.1101,-0.021,14204.5402,18942.1404,25 ans,24 mois
2015-07-01,2103.8401,0.0197,14484.9666,19316.0966,25 ans,24 mois
2015-08-01,1972.1801,-0.0626,13578.4856,18107.2795,25 ans,24 mois
2015-09-01,1920.03,-0.0264,13219.432,17628.4718,25 ans,24 mois
2015-10-01,2079.3601,0.083,14316.4217,19091.3373,25 ans,24 mois
2015-11-01,2080.4099,0.0005,14323.6496,19100.976,25 ans,24 mois
2015-12-01,2043.9399,-0.0175,14072.5533,18766.1323,25 ans,24 mois
2016-01-01,1940.24,-0.0507,13358.5778,17814.0265,25 ans,24 mois
2016-02-01,1932.23,-0.0041,13303.4288,17740.4838,25 ans,24 mois
2016-03-01,2059.74,0.066,14181.3369,18911.1981,25 ans,24 mois
2016-04-01,2065.3,0.0027,14219.618,18962.247,25 ans,24 mois
2016-05-01,2096.95,0.0153,14437.528,19252.8359,25 ans,24 mois
2016-06-01,2098.8601,0.0009,14450.6794,19270.3737,25 ans,24 mois
2016-07-01,2173.6001,0.0356,14965.2652,19956.5879,25 ans,24 mois
2016-08-01,2170.95,-0.0012,14947.0189,19932.2559,25 ans,24 mois
2016-09-01,2168.27,-0.0012,14928.5676,19907.6505,25 ans,24 mois
2016-10-01,2126.1499,-0.0194,14638.57,19520.9309,25 ans,24 mois
2016-11-01,2198.8101,0.0342,15138.8361,20188.0494,25 ans,24 mois
2016-12-01,2238.8301,0.0182,15414.3745,20555.4873,25 ans,24 mois
2017-01-01,2278.8701,0.0179,15690.0507,20923.109,25 ans,24 mois
2017-02-01,2363.6399,0.0372,16273.6917,21701.4101,25 ans,24 mois
2017-03-01,2362.72,-0.0004,16267.358,21692.964,25 ans,24 mois
2017-04-01,2384.2,0.0091,16415.248,21890.1793,25 ans,24 mois
2017-05-01,2411.8,0.0116,16605.275,22143.5855,25 ans,24 mois
2017-06-01,2423.4099,0.0048,16685.2091,22250.1797,25 ans,24 mois
2017-07-01,2470.3,0.0193,17008.0483,22680.6946,25 ans,24 mois
2017-08-01,2471.6499,0.0005,17017.342,22693.0881,25 ans,24 mois
2017-09-01,2519.3601,0.0193,17345.8274,23131.1323,25 ans,24 mois
2017-10-01,2575.26,0.0222,17730.699,23644.3689,25 ans,24 mois
2017-11-01,2647.5801,0.0281,18228.6236,24308.365,25 ans,24 mois
2017-12-01,2673.6101,0.0098,18407.8407,24547.3558,25 ans,24 mois
2018-01-01,2823.8101,0.0562,19441.9693,25926.3945,25 ans,24 mois
2018-02-01,2713.8301,-0.0389,18684.7557,24916.6295,25 ans,24 mois
2018-03-01,2640.8701,-0.0269,18182.4254,24246.7584,25 ans,24 mois
2018-04-01,2648.05,0.0027,18231.8594,24312.6799,25 ans,24 mois
2018-05-01,2705.27,0.0216,18625.8196,24838.0366,25 ans,24 mois
2018-06-01,2718.3701,0.0048,18716.014,24958.3132,25 ans,24 mois
2018-07-01,2816.29,0.036,19390.1939,25857.3505,25 ans,24 mois
2018-08-01,2901.52,0.0303,19977.0035,26639.877,25 ans,24 mois
2018-09-01,2913.98,0.0043,20062.7904,26754.2763,25 ans,24 mois
2018-10-01,2711.74,-0.0694,18670.3655,24897.4397,25 ans,24 mois
2018-11-01,2760.1699,0.0179,19003.8062,25342.092,25 ans,24 mois
2018-12-01,2506.8501,-0.0918,17259.6959,23016.2735,25 ans,24 mois
2019-01-01,2704.1001,0.0787,18617.7647,24827.2952,25 ans,24 mois
2019-02-01,2784.49,0.0297,19171.2502,25565.3831,25 ans,24 mois
2019-03-01,2834.3999,0.0179,19514.8806,26023.6235,25 ans,24 mois
2019-04-01,2945.8301,0.0393,20282.0788,27046.7032,25 ans,24 mois
2019-05-01,2752.0601,-0.0658,18947.9697,25267.6324,25 ans,24 mois
2019-06-01,2941.76,0.0689,20254.0563,27009.3345,25 ans,24 mois
2019-07-01,2980.3799,0.0131,20519.9546,27363.9172,25 ans,24 mois
2019-08-01,2926.46,-0.0181,20148.7153,26868.8594,25 ans,24 mois
2019-09-01,2976.74,0.0172,20494.8939,27330.498,25 ans,24 mois
2019-10-01,3037.5601,0.0204,20913.6409,27888.9085,25 ans,24 mois
2019-11-01,3140.98,0.034,21625.6884,28838.4432,25 ans,24 mois
2019-12-01,3230.78,0.0286,22243.9629,29662.9291,25 ans,24 mois
2020-01-01,3225.52,-0.0016,22207.7477,29614.6351,25 ans,24 mois
2020-02-01,2954.22,-0.0841,20339.8433,27123.7338,25 ans,24 mois
2020-03-01,2584.5901,-0.1251,17794.9367,23730.0317,25 ans,24 mois
2020-04-01,2912.4299,0.1268,20052.1183,26740.0447,25 ans,24 mois
2020-05-01,3044.3101,0.0453,20960.1147,27950.8826,25 ans,24 mois
2020-06-01,3100.29,0.0184,21345.5376,28464.8545,25 ans,24 mois
2020-07-01,3271.1201,0.0551,22521.705,30033.3056,25 ans,24 mois
2020-08-01,3500.3101,0.0701,24099.6807,32137.5792,25 ans,24 mois
2020-09-01,3363.0,-0.0392,23154.2992,30876.8872,25 ans,24 mois
2020-10-01,3269.96,-0.0277,22513.7173,30022.6538,25 ans,24 mois
2020-11-01,3621.6299,0.1075,24934.9693,33251.4592,25 ans,24 mois
2020-12-01,3756.0701,0.0371,25860.5918,34485.8019,25 ans,24 mois
2021-01-01,3714.24,-0.0111,25572.5911,34101.7452,25 ans,24 mois
2021-02-01,3811.1499,0.0261,26239.8171,34991.5092,25 ans,24 mois
2021-03-01,3972.8899,0.0424,27353.3991,36476.501,25 ans,24 mois
2021-04-01,4181.1699,0.0524,28787.4098,38388.7933,25 ans,24 mois
2021-05-01,4204.1099,0.0055,28945.3516,38599.413,25 ans,24 mois
2021-06-01,4297.5,0.0222,29588.344,39456.8607,25 ans,24 mois
2021-07-01,4395.2598,0.0227,30261.4212,40354.4276,25 ans,24 mois
2021-08-01,4522.6802,0.029,31138.7124,41524.3192,25 ans,24 mois
2021-09-01,4307.54,-0.0476,29657.4698,39549.0419,25 ans,24 mois
2021-10-01,4605.3799,0.0691,31708.101,42283.6143,25 ans,24 mois
2021-11-01,4567.0,-0.0083,31443.855,41931.2351,25 ans,24 mois
2021-12-01,4766.1802,0.0436,32815.2131,43759.9785,25 ans,24 mois
2022-01-01,4515.5498,-0.0526,31089.6197,41458.8528,25 ans,24 mois
2022-02-01,4373.9399,-0.0314,30114.634,40158.6827,25 ans,24 mois
2022-03-01,4530.4102,0.0358,31191.9334,41595.2909,25 ans,24 mois
2022-04-01,4131.9302,-0.088,28448.3935,37936.7059,25 ans,24 mois
2022-05-01,4132.1499,0.0001,28449.9064,37938.7233,25 ans,24 mois
2022-06-01,3785.3799,-0.0839,26062.3902,34754.9056,25 ans,24 mois
2022-07-01,4130.29,0.0911,28437.1012,37921.6472,25 ans,24 mois
2022-08-01,3955.0,-0.0424,27230.227,36312.2476,25 ans,24 mois
2022-09-01,3585.6201,-0.0934,24687.0416,32920.8409,25 ans,24 mois
2022-10-01,3871.98,0.0799,26658.633,35550.0116,25 ans,24 mois
2022-11-01,4080.1101,0.0538,28091.6117,37460.9276,25 ans,24 mois
2022-12-01,3839.5,-0.059,26435.0079,35251.8015,25 ans,24 mois
2023-01-01,4076.6001,0.0618,28067.4452,37428.7009,25 ans,24 mois
2023-02-01,3970.1499,-0.0261,27334.5342,36451.3442,25 ans,24 mois
2023-03-01,4109.3101,0.0351,28292.6537,37729.0226,25 ans,24 mois
2023-04-01,4169.48,0.0146,28706.9244,38281.4639,25 ans,24 mois
2023-05-01,4179.8301,0.0025,28778.185,38376.4917,25 ans,24 mois
2023-06-01,4450.3799,0.0647,30640.924,40860.5048,25 ans,24 mois
2023-07-01,4588.96,0.0311,31595.0496,42132.8573,25 ans,24 mois
2023-08-01,4507.6602,-0.0177,31035.2994,41386.4151,25 ans,24 mois
2023-09-01,4288.0498,-0.0487,29523.2792,39370.0952,25 ans,24 mois
2023-10-01,4193.7998,-0.022,28874.3667,38504.7527,25 ans,24 mois
2023-11-01,4567.7998,0.0892,31449.3617,41938.5784,25 ans,24 mois
2023-12-01,4769.8301,0.0442,32840.3427,43793.4895,25 ans,24 mois
2024-01-01,4845.6499,0.0159,33362.3632,44489.618,25 ans,24 mois
2024-02-01,5096.27,0.0517,35087.886,46790.6495,25 ans,24 mois
2024-03-01,5254.3501,0.031,36176.2694,48242.0384,25 ans,24 mois
2024-04-01,5035.6899,-0.0416,34670.7914,46234.4425,25 ans,24 mois
2024-05-01,5277.5098,0.048,36335.7241,48454.6755,25 ans,24 mois
2024-06-01,5460.48,0.0347,37595.4764,50134.5894,25 ans,24 mois
2024-07-01,5522.2998,0.0113,38021.1067,50702.179,25 ans,24 mois
2024-08-01,5648.3999,0.0228,38889.3075,51859.9484,25 ans,24 mois
2024-09-01,5762.48,0.0202,39674.7504,52907.3578,25 ans,24 mois
2024-10-01,5705.4502,-0.0099,39282.0995,52383.7472,25 ans,24 mois
2024-11-01,6032.3799,0.0573,41533.0147,55385.4038,25 ans,24 mois
2024-12-01,5881.6299,-0.025,40495.099,54001.315,25 ans,24 mois
2025-01-01,6040.5298,0.027,41589.1269,55460.2309,25 ans,24 mois
2025-02-01,5954.5,-0.0142,40996.8107,54670.3612,25 ans,24 mois
2025-03-01,5611.8501,-0.0575,38637.6616,51524.3718,25 ans,24 mois
2025-04-01,5363.3599,-0.0443,36926.8031,49242.8954,25 ans,24 mois
2005-05-01,1191.5,0.03,10299.5205,429.1467,20 ans,24 mois
2005-06-01,1191.33,-0.0001,10298.0506,845.7539,20 ans,24 mois
2005-07-01,1234.1801,0.036,10668.4538,1277.4073,20 ans,24 mois
2005-08-01,1220.33,-0.0112,10548.7313,1689.3981,20 ans,24 mois
2005-09-01,1228.8101,0.0069,10622.0347,2108.9602,20 ans,24 mois
2005-10-01,1207.01,-0.0177,10433.5915,2518.2349,20 ans,24 mois
2005-11-01,1249.48,0.0352,10800.7089,2949.5624,20 ans,24 mois
2005-12-01,1248.29,-0.001,10790.4228,3365.8323,20 ans,24 mois
2006-01-01,1280.08,0.0255,11065.2201,3793.1101,20 ans,24 mois
2006-02-01,1280.66,0.0005,11070.2344,4209.9656,20 ans,24 mois
2006-03-01,1294.87,0.0111,11193.0676,4631.2555,20 ans,24 mois
2006-04-01,1310.61,0.0122,11329.1266,5052.987,20 ans,24 mois
2006-05-01,1270.09,-0.0309,10978.865,5456.7717,20 ans,24 mois
2006-06-01,1270.2,0.0001,10979.8157,5873.4744,20 ans,24 mois
2006-07-01,1276.66,0.0051,11035.6577,6292.2602,20 ans,24 mois
2006-08-01,1303.8199,0.0213,11270.4324,6717.7911,20 ans,24 mois
2006-09-01,1335.85,0.0246,11547.3052,7144.6937,20 ans,24 mois
2006-10-01,1377.9399,0.0315,11911.1377,7574.4887,20 ans,24 mois
2006-11-01,1400.63,0.0165,12107.2744,7998.0165,20 ans,24 mois
2006-12-01,1418.3,0.0126,12260.0171,8419.9397,20 ans,24 mois
2007-01-01,1438.24,0.0141,12432.3812,8842.4643,20 ans,24 mois
2007-02-01,1406.8199,-0.0218,12160.7812,9250.0284,20 ans,24 mois
2007-03-01,1420.86,0.01,12282.1456,9670.8534,20 ans,24 mois
2007-04-01,1482.37,0.0433,12813.8482,10105.5579,20 ans,24 mois
2007-05-01,1530.62,0.0325,13230.9291,10434.486,20 ans,24 mois
2007-06-01,1503.35,-0.0178,12995.2026,10248.5818,20 ans,24 mois
2007-07-01,1455.27,-0.032,12579.5916,9920.8129,20 ans,24 mois
2007-08-01,1473.99,0.0129,12741.41,10048.43,20 ans,24 mois
2007-09-01,1526.75,0.0358,13197.4762,10408.1036,20 ans,24 mois
2007-10-01,1549.38,0.0148,13393.0936,10562.376,20 ans,24 mois
2007-11-01,1481.14,-0.044,12803.216,10097.1729,20 ans,24 mois
2007-12-01,1468.36,-0.0086,12692.7434,10010.0494,20 ans,24 mois
2008-01-01,1378.55,-0.0612,11916.4116,9397.8004,20 ans,24 mois
2008-02-01,1330.63,-0.0348,11502.1829,9071.1216,20 ans,24 mois
2008-03-01,1322.7,-0.006,11433.6343,9017.0612,20 ans,24 mois
2008-04-01,1385.59,0.0475,11977.2658,9445.7927,20 ans,24 mois
2008-05-01,1400.38,0.0107,12105.1133,9546.6188,20 ans,24 mois
2008-06-01,1280.0,-0.086,11064.5289,8725.9686,20 ans,24 mois
2008-07-01,1267.38,-0.0099,10955.4396,8639.9361,20 ans,24 mois
2008-08-01,1282.83,0.0122,11088.9915,8745.2609,20 ans,24 mois
2008-09-01,1166.36,-0.0908,10082.2061,7951.2661,20 ans,24 mois
2008-10-01,968.75,-0.1694,8374.0331,6604.1267,20 ans,24 mois
2008-11-01,896.24,-0.0748,7747.2448,6109.8141,20 ans,24 mois
2008-12-01,903.25,0.0078,7807.8404,6157.6025,20 ans,24 mois
2009-01-01,825.88,-0.0857,7139.0416,5630.1586,20 ans,24 mois
2009-02-01,735.09,-0.1099,6354.2382,5011.2285,20 ans,24 mois
2009-03-01,797.87,0.0854,6896.9185,5439.2098,20 ans,24 mois
2009-04-01,872.81,0.0939,7544.7121,5950.088,20 ans,24 mois
2009-05-01,919.14,0.0531,7945.1963,6265.9273,20 ans,24 mois
2009-06-01,919.32,0.0002,7946.7522,6267.1543,20 ans,24 mois
2009-07-01,987.48,0.0741,8535.9381,6731.812,20 ans,24 mois
2009-08-01,1020.62,0.0336,8822.4058,6957.7329,20 ans,24 mois
2009-09-01,1057.08,0.0357,9137.5717,7206.2864,20 ans,24 mois
2009-10-01,1036.1899,-0.0198,8956.995,7063.8757,20 ans,24 mois
2009-11-01,1095.63,0.0574,9470.8046,7469.0883,20 ans,24 mois
2009-12-01,1115.1,0.0178,9639.1062,7601.8183,20 ans,24 mois
2010-01-01,1073.87,-0.037,9282.7075,7320.7468,20 ans,24 mois
2010-02-01,1104.49,0.0285,9547.3917,7529.4883,20 ans,24 mois
2010-03-01,1169.4301,0.0588,10108.7442,7972.1953,20 ans,24 mois
2010-04-01,1186.6899,0.0148,10257.9415,8089.8588,20 ans,24 mois
2010-05-01,1089.41,-0.082,9417.0381,7426.6858,20 ans,24 mois
2010-06-01,1030.71,-0.0539,8909.6251,7026.5178,20 ans,24 mois
2010-07-01,1101.6,0.0688,9522.41,7509.7866,20 ans,24 mois
2010-08-01,1049.33,-0.0474,9070.5794,7153.4534,20 ans,24 mois
2010-09-01,1141.2,0.0876,9864.7186,7779.7461,20 ans,24 mois
2010-10-01,1183.26,0.0369,10228.2926,8066.4764,20 ans,24 mois
2010-11-01,1180.55,-0.0023,10204.8673,8048.0021,20 ans,24 mois
2010-12-01,1257.64,0.0653,10871.2455,8573.537,20 ans,24 mois
2011-01-01,1286.12,0.0226,11117.4311,8767.6896,20 ans,24 mois
2011-02-01,1327.22,0.032,11472.706,9047.8749,20 ans,24 mois
2011-03-01,1325.83,-0.001,11460.6905,9038.3989,20 ans,24 mois
2011-04-01,1363.61,0.0285,11787.2673,9295.9515,20 ans,24 mois
2011-05-01,1345.2,-0.0135,11628.1279,9170.4473,20 ans,24 mois
2011-06-01,1320.64,-0.0183,11415.8278,9003.0182,20 ans,24 mois
2011-07-01,1292.28,-0.0215,11170.6795,8809.6836,20 ans,24 mois
2011-08-01,1218.89,-0.0568,10536.2842,8309.3719,20 ans,24 mois
2011-09-01,1131.42,-0.0718,9780.1795,7713.0749,20 ans,24 mois
2011-10-01,1253.3,0.1077,10833.7302,8543.9507,20 ans,24 mois
2011-11-01,1246.96,-0.0051,10778.9254,8500.7293,20 ans,24 mois
2011-12-01,1257.6,0.0085,10870.8994,8573.264,20 ans,24 mois
2012-01-01,1312.41,0.0436,11344.6865,8946.9131,20 ans,24 mois
2012-02-01,1365.6801,0.0406,11805.1613,9310.0635,20 ans,24 mois
2012-03-01,1408.47,0.0313,12175.0443,9601.7694,20 ans,24 mois
2012-04-01,1397.91,-0.0075,12083.7625,9529.7806,20 ans,24 mois
2012-05-01,1310.33,-0.0627,11326.706,8932.7329,20 ans,24 mois
2012-06-01,1362.16,0.0396,11774.7337,9286.067,20 ans,24 mois
2012-07-01,1379.3199,0.0126,11923.0667,9403.0489,20 ans,24 mois
2012-08-01,1406.58,0.0198,12158.7067,9588.8848,20 ans,24 mois
2012-09-01,1440.67,0.0242,12453.387,9821.2825,20 ans,24 mois
2012-10-01,1412.16,-0.0198,12206.9418,9626.9251,20 ans,24 mois
2012-11-01,1416.1801,0.0028,12241.6915,9654.3303,20 ans,24 mois
2012-12-01,1426.1899,0.0071,12328.2186,9722.5693,20 ans,24 mois
2013-01-01,1498.11,0.0504,12949.9072,10212.86,20 ans,24 mois
2013-02-01,1514.6801,0.0111,13093.1416,10325.8208,20 ans,24 mois
2013-03-01,1569.1899,0.036,13564.334,10697.4236,20 ans,24 mois
2013-04-01,1597.5699,0.0181,13809.6554,10890.8947,20 ans,24 mois
2013-05-01,1630.74,0.0208,14096.3826,11117.0203,20 ans,24 mois
2013-06-01,1606.28,-0.015,13884.9467,10950.2728,20 ans,24 mois
2013-07-01,1685.73,0.0495,14571.7251,11491.8961,20 ans,24 mois
2013-08-01,1632.97,-0.0313,14115.6589,11132.2225,20 ans,24 mois
2013-09-01,1681.55,0.0297,14535.5931,11463.4008,20 ans,24 mois
2013-10-01,1756.54,0.0446,15183.8188,11974.6198,20 ans,24 mois
2013-11-01,1805.8101,0.028,15609.7169,12310.5015,20 ans,24 mois
2013-12-01,1848.36,0.0236,15977.5254,12600.5713,20 ans,24 mois
2014-01-01,1782.59,-0.0356,15408.9986,12152.2064,20 ans,24 mois
2014-02-01,1859.45,0.0431,16073.3889,12676.1734,20 ans,24 mois
2014-03-01,1872.34,0.0069,16184.8123,12764.0467,20 ans,24 mois
2014-04-01,1883.95,0.0062,16285.1709,12843.1939,20 ans,24 mois
2014-05-01,1923.5699,0.021,16627.6526,13113.2899,20 ans,24 mois
2014-06-01,1960.23,0.0191,16944.5479,13363.2073,20 ans,24 mois
2014-07-01,1930.67,-0.0151,16689.027,13161.6924,20 ans,24 mois
2014-08-01,2003.37,0.0377,17317.4572,13657.2998,20 ans,24 mois
2014-09-01,1972.29,-0.0155,17048.797,13445.4227,20 ans,24 mois
2014-10-01,2018.05,0.0232,17444.354,13757.3761,20 ans,24 mois
2014-11-01,2067.5601,0.0245,17872.3266,14094.8939,20 ans,24 mois
2014-12-01,2058.8999,-0.0042,17797.4668,14035.8562,20 ans,24 mois
2015-01-01,1994.99,-0.031,17245.0191,13600.172,20 ans,24 mois
2015-02-01,2104.5,0.0549,18191.6415,14346.7195,20 ans,24 mois
2015-03-01,2067.8899,-0.0174,17875.1777,14097.1425,20 ans,24 mois
2015-04-01,2085.51,0.0085,18027.4889,14217.2617,20 ans,24 mois
2015-05-01,2107.3899,0.0105,18216.6222,14366.4204,20 ans,24 mois
2015-06-01,2063.1101,-0.021,17833.8605,14064.5579,20 ans,24 mois
2015-07-01,2103.8401,0.0197,18185.9371,14342.2208,20 ans,24 mois
2015-08-01,1972.1801,-0.0626,17047.8463,13444.6729,20 ans,24 mois
2015-09-01,1920.03,-0.0264,16597.0529,13089.1577,20 ans,24 mois
2015-10-01,2079.3601,0.083,17974.3281,14175.3368,20 ans,24 mois
2015-11-01,2080.4099,0.0005,17983.4028,14182.4935,20 ans,24 mois
2015-12-01,2043.9399,-0.0175,17668.1504,13933.8717,20 ans,24 mois
2016-01-01,1940.24,-0.0507,16771.7511,13226.9323,20 ans,24 mois
2016-02-01,1932.23,-0.0041,16702.5113,13172.3267,20 ans,24 mois
2016-03-01,2059.74,0.066,17804.7286,14041.5833,20 ans,24 mois
2016-04-01,2065.3,0.0027,17852.7907,14079.4871,20 ans,24 mois
2016-05-01,2096.95,0.0153,18126.3776,14295.2496,20 ans,24 mois
2016-06-01,2098.8601,0.0009,18142.8893,14308.2715,20 ans,24 mois
2016-07-01,2173.6001,0.0356,18788.954,14817.7862,20 ans,24 mois
2016-08-01,2170.95,-0.0012,18766.0457,14799.7197,20 ans,24 mois
2016-09-01,2168.27,-0.0012,18742.8799,14781.4502,20 ans,24 mois
2016-10-01,2126.1499,-0.0194,18378.7868,14494.3105,20 ans,24 mois
2016-11-01,2198.8101,0.0342,19006.873,14989.6466,20 ans,24 mois
2016-12-01,2238.8301,0.0182,19352.8126,15262.4696,20 ans,24 mois
2017-01-01,2278.8701,0.0179,19698.9252,15535.4291,20 ans,24 mois
2017-02-01,2363.6399,0.0372,20431.689,16113.3184,20 ans,24 mois
2017-03-01,2362.72,-0.0004,20423.737,16107.0472,20 ans,24 mois
2017-04-01,2384.2,0.0091,20609.4135,16253.4797,20 ans,24 mois
2017-05-01,2411.8,0.0116,20847.9933,16441.6341,20 ans,24 mois
2017-06-01,2423.4099,0.0048,20948.3508,16520.7804,20 ans,24 mois
2017-07-01,2470.3,0.0193,21353.6768,16840.4381,20 ans,24 mois
2017-08-01,2471.6499,0.0005,21365.3452,16849.6403,20 ans,24 mois
2017-09-01,2519.3601,0.0193,21777.76,17174.8885,20 ans,24 mois
2017-10-01,2575.26,0.0222,22260.9678,17555.9673,20 ans,24 mois
2017-11-01,2647.5801,0.0281,22886.1143,18048.985,20 ans,24 mois
2017-12-01,2673.6101,0.0098,23111.1221,18226.4359,20 ans,24 mois
2018-01-01,2823.8101,0.0562,24409.475,19250.3735,20 ans,24 mois
2018-02-01,2713.8301,-0.0389,23458.7901,18500.622,20 ans,24 mois
2018-03-01,2640.8701,-0.0269,22828.1123,18003.2421,20 ans,24 mois
2018-04-01,2648.05,0.0027,22890.1768,18052.1888,20 ans,24 mois
2018-05-01,2705.27,0.0216,23384.7956,18442.2667,20 ans,24 mois
2018-06-01,2718.3701,0.0048,23498.035,18531.5722,20 ans,24 mois
2018-07-01,2816.29,0.036,24344.4707,19199.1083,20 ans,24 mois
2018-08-01,2901.52,0.0303,25081.2126,19780.1349,20 ans,24 mois
2018-09-01,2913.98,0.0043,25188.9185,19865.0765,20 ans,24 mois
2018-10-01,2711.74,-0.0694,23440.7231,18486.3735,20 ans,24 mois
2018-11-01,2760.1699,0.0179,23859.3593,18816.5283,20 ans,24 mois
2018-12-01,2506.8501,-0.0918,21669.6214,17089.6057,20 ans,24 mois
2019-01-01,2704.1001,0.0787,23374.6826,18434.2911,20 ans,24 mois
2019-02-01,2784.49,0.0297,24069.5859,18982.3221,20 ans,24 mois
2019-03-01,2834.3999,0.0179,24501.0154,19322.5662,20 ans,24 mois
2019-04-01,2945.8301,0.0393,25464.236,20082.2038,20 ans,24 mois
2019-05-01,2752.0601,-0.0658,23789.2563,18761.242,20 ans,24 mois
2019-06-01,2941.76,0.0689,25429.0537,20054.4575,20 ans,24 mois
2019-07-01,2980.3799,0.0131,25762.8901,20317.7355,20 ans,24 mois
2019-08-01,2926.46,-0.0181,25296.7975,19950.1546,20 ans,24 mois
2019-09-01,2976.74,0.0172,25731.4263,20292.9217,20 ans,24 mois
2019-10-01,3037.5601,0.0204,26257.1649,20707.5421,20 ans,24 mois
2019-11-01,3140.98,0.034,27151.1436,21412.5725,20 ans,24 mois
2019-12-01,3230.78,0.0286,27927.3899,22024.7541,20 ans,24 mois
2020-01-01,3225.52,-0.0016,27881.9215,21988.8957,20 ans,24 mois
2020-02-01,2954.22,-0.0841,25536.7596,20139.3991,20 ans,24 mois
2020-03-01,2584.5901,-0.1251,22341.6186,17619.5719,20 ans,24 mois
2020-04-01,2912.4299,0.1268,25175.5197,19854.5096,20 ans,24 mois
2020-05-01,3044.3101,0.0453,26315.513,20753.5579,20 ans,24 mois
2020-06-01,3100.29,0.0184,26799.4131,21135.1826,20 ans,24 mois
2020-07-01,3271.1201,0.0551,28276.0962,22299.759,20 ans,24 mois
2020-08-01,3500.3101,0.0701,30257.2514,23862.1842,20 ans,24 mois
2020-09-01,3363.0,-0.0392,29070.3209,22926.1192,20 ans,24 mois
2020-10-01,3269.96,-0.0277,28266.0676,22291.8501,20 ans,24 mois
2020-11-01,3621.6299,0.1075,31305.9598,24689.2412,20 ans,24 mois
2020-12-01,3756.0701,0.0371,32468.0827,25605.7419,20 ans,24 mois
2021-01-01,3714.24,-0.0111,32106.4967,25320.5794,20 ans,24 mois
2021-02-01,3811.1499,0.0261,32944.2018,25981.2301,20 ans,24 mois
2021-03-01,3972.8899,0.0424,34342.3087,27083.838,20 ans,24 mois
2021-04-01,4181.1699,0.0524,36142.7152,28503.7169,20 ans,24 mois
2021-05-01,4204.1099,0.0055,36341.0118,28660.1022,20 ans,24 mois
2021-06-01,4297.5,0.0222,37148.2914,29296.758,20 ans,24 mois
2021-07-01,4395.2598,0.0227,37993.3428,29963.2023,20 ans,24 mois
2021-08-01,4522.6802,0.029,39094.7856,30831.848,20 ans,24 mois
2021-09-01,4307.54,-0.0476,37235.0791,29365.2026,20 ans,24 mois
2021-10-01,4605.3799,0.0691,39809.6554,31395.6254,20 ans,24 mois
2021-11-01,4567.0,-0.0083,39477.8934,31133.9834,20 ans,24 mois
2021-12-01,4766.1802,0.0436,41199.6393,32491.8272,20 ans,24 mois
2022-01-01,4515.5498,-0.0526,39033.1495,30783.2391,20 ans,24 mois
2022-02-01,4373.9399,-0.0314,37809.0507,29817.8615,20 ans,24 mois
2022-03-01,4530.4102,0.0358,39161.6048,30884.5445,20 ans,24 mois
2022-04-01,4131.9302,-0.088,35717.0788,28168.0415,20 ans,24 mois
2022-05-01,4132.1499,0.0001,35718.9782,28169.5394,20 ans,24 mois
2022-06-01,3785.3799,-0.0839,32721.4415,25805.5517,20 ans,24 mois
2022-07-01,4130.29,0.0911,35702.9012,28156.8604,20 ans,24 mois
2022-08-01,3955.0,-0.0424,34187.6655,26961.8797,20 ans,24 mois
2022-09-01,3585.6201,-0.0934,30994.6855,24443.7568,20 ans,24 mois
2022-10-01,3871.98,0.0799,33470.0269,26395.9187,20 ans,24 mois
2022-11-01,4080.1101,0.0538,35269.1377,27814.7757,20 ans,24 mois
2022-12-01,3839.5,-0.059,33189.2646,26174.4974,20 ans,24 mois
2023-01-01,4076.6001,0.0618,35238.7966,27790.8474,20 ans,24 mois
2023-02-01,3970.1499,-0.0261,34318.6237,27065.159,20 ans,24 mois
2023-03-01,4109.3101,0.0351,35521.5468,28013.8365,20 ans,24 mois
2023-04-01,4169.48,0.0146,36041.6655,28424.0247,20 ans,24 mois
2023-05-01,4179.8301,0.0025,36131.1334,28494.583,20 ans,24 mois
2023-06-01,4450.3799,0.0647,38469.8101,30338.9651,20 ans,24 mois
2023-07-01,4588.96,0.0311,39667.7189,31283.6881,20 ans,24 mois
2023-08-01,4507.6602,-0.0177,38964.9501,30729.454,20 ans,24 mois
2023-09-01,4288.0498,-0.0487,37066.6024,29232.3345,20 ans,24 mois
2023-10-01,4193.7998,-0.022,36251.89,28589.8169,20 ans,24 mois
2023-11-01,4567.7998,0.0892,39484.807,31139.4358,20 ans,24 mois
2023-12-01,4769.8301,0.0442,41231.1897,32516.7091,20 ans,24 mois
2024-01-01,4845.6499,0.0159,41886.5886,33033.5852,20 ans,24 mois
2024-02-01,5096.27,0.0517,44052.9898,34742.1034,20 ans,24 mois
2024-03-01,5254.3501,0.031,45419.4598,35819.7611,20 ans,24 mois
2024-04-01,5035.6899,-0.0416,43529.3257,34329.1192,20 ans,24 mois
2024-05-01,5277.5098,0.048,45619.6558,35977.6443,20 ans,24 mois
2024-06-01,5460.48,0.0347,47201.2802,37224.9821,20 ans,24 mois
2024-07-01,5522.2998,0.0113,47735.6608,37646.4179,20 ans,24 mois
2024-08-01,5648.3999,0.0228,48825.6906,38506.0628,20 ans,24 mois
2024-09-01,5762.48,0.0202,49811.8175,39283.7653,20 ans,24 mois
2024-10-01,5705.4502,-0.0099,49318.8427,38894.984,20 ans,24 mois
2024-11-01,6032.3799,0.0573,52144.8763,41123.717,20 ans,24 mois
2024-12-01,5881.6299,-0.025,50841.7687,40096.0296,20 ans,24 mois
2025-01-01,6040.5298,0.027,52215.3253,41179.2762,20 ans,24 mois
2025-02-01,5954.5,-0.0142,51471.6698,40592.7971,20 ans,24 mois
2025-03-01,5611.8501,-0.0575,48509.7482,38256.8969,20 ans,24 mois
2025-04-01,5363.3599,-0.0443,46361.758,36562.8984,20 ans,24 mois
2010-05-01,1089.41,-0.082,9180.2416,382.5101,15 ans,24 mois
2010-06-01,1030.71,-0.0539,8685.5877,776.7257,15 ans,24 mois
2010-07-01,1101.6,0.0688,9282.9638,1222.0498,15 ans,24 mois
2010-08-01,1049.33,-0.0474,8842.4947,1618.946,15 ans,24 mois
2010-09-01,1141.2,0.0876,9616.6649,2072.0923,15 ans,24 mois
2010-10-01,1183.26,0.0369,9971.0966,2504.1156,15 ans,24 mois
2010-11-01,1180.55,-0.0023,9948.2603,2919.828,15 ans,24 mois
2010-12-01,1257.64,0.0653,10597.8821,3363.703,15 ans,24 mois
2011-01-01,1286.12,0.0226,10837.8773,3789.8054,15 ans,24 mois
2011-02-01,1327.22,0.032,11184.2186,4219.7873,15 ans,24 mois
2011-03-01,1325.83,-0.001,11172.5052,4636.0175,15 ans,24 mois
2011-04-01,1363.61,0.0285,11490.87,5064.5573,15 ans,24 mois
2011-05-01,1345.2,-0.0135,11335.7323,5475.5986,15 ans,24 mois
2011-06-01,1320.64,-0.0183,11128.7706,5884.6579,15 ans,24 mois
2011-07-01,1292.28,-0.0215,10889.7867,6292.3769,15 ans,24 mois
2011-08-01,1218.89,-0.0568,10271.3436,6685.3806,15 ans,24 mois
2011-09-01,1131.42,-0.0718,9534.2516,7072.1465,15 ans,24 mois
2011-10-01,1253.3,0.1077,10561.3101,7533.6977,15 ans,24 mois
2011-11-01,1246.96,-0.0051,10507.8835,7948.2566,15 ans,24 mois
2011-12-01,1257.6,0.0085,10597.5447,8368.4786,15 ans,24 mois
2012-01-01,1312.41,0.0436,11059.4182,8803.3049,15 ans,24 mois
2012-02-01,1365.6801,0.0406,11508.3141,9236.8838,15 ans,24 mois
2012-03-01,1408.47,0.0313,11868.8962,9666.6056,15 ans,24 mois
2012-04-01,1397.91,-0.0075,11779.9097,10080.1483,15 ans,24 mois
2012-05-01,1310.33,-0.0627,11041.8898,9448.6197,15 ans,24 mois
2012-06-01,1362.16,0.0396,11478.6516,9822.3597,15 ans,24 mois
2012-07-01,1379.3199,0.0126,11623.2547,9946.0976,15 ans,24 mois
2012-08-01,1406.58,0.0198,11852.9694,10142.666,15 ans,24 mois
2012-09-01,1440.67,0.0242,12140.2398,10388.4852,15 ans,24 mois
2012-10-01,1412.16,-0.0198,11899.9916,10182.9032,15 ans,24 mois
2012-11-01,1416.1801,0.0028,11933.8675,10211.8911,15 ans,24 mois
2012-12-01,1426.1899,0.0071,12018.2188,10284.0711,15 ans,24 mois
2013-01-01,1498.11,0.0504,12624.2747,10802.6772,15 ans,24 mois
2013-02-01,1514.6801,0.0111,12763.9074,10922.1618,15 ans,24 mois
2013-03-01,1569.1899,0.036,13223.2514,11315.2256,15 ans,24 mois
2013-04-01,1597.5699,0.0181,13462.404,11519.8701,15 ans,24 mois
2013-05-01,1630.74,0.0208,13741.9214,11759.055,15 ans,24 mois
2013-06-01,1606.28,-0.015,13535.8022,11582.6774,15 ans,24 mois
2013-07-01,1685.73,0.0495,14205.3111,12155.5807,15 ans,24 mois
2013-08-01,1632.97,-0.0313,13760.713,11775.1351,15 ans,24 mois
2013-09-01,1681.55,0.0297,14170.0877,12125.4398,15 ans,24 mois
2013-10-01,1756.54,0.0446,14802.0134,12666.1829,15 ans,24 mois
2013-11-01,1805.8101,0.028,15217.202,13021.4626,15 ans,24 mois
2013-12-01,1848.36,0.0236,15575.7618,13328.2846,15 ans,24 mois
2014-01-01,1782.59,-0.0356,15021.5309,12854.0255,15 ans,24 mois
2014-02-01,1859.45,0.0431,15669.2147,13408.2529,15 ans,24 mois
2014-03-01,1872.34,0.0069,15777.8363,13501.2012,15 ans,24 mois
2014-04-01,1883.95,0.0062,15875.6714,13584.9193,15 ans,24 mois
2014-05-01,1923.5699,0.021,16209.5412,13870.6139,15 ans,24 mois
2014-06-01,1960.23,0.0191,16518.468,14134.9647,15 ans,24 mois
2014-07-01,1930.67,-0.0151,16269.3723,13921.8118,15 ans,24 mois
2014-08-01,2003.37,0.0377,16882.0003,14446.0418,15 ans,24 mois
2014-09-01,1972.29,-0.0155,16620.0957,14221.9282,15 ans,24 mois
2014-10-01,2018.05,0.0232,17005.7062,14551.8977,15 ans,24 mois
2014-11-01,2067.5601,0.0245,17422.9172,14908.908,15 ans,24 mois
2014-12-01,2058.8999,-0.0042,17349.9398,14846.4607,15 ans,24 mois
2015-01-01,1994.99,-0.031,16811.3837,14385.6146,15 ans,24 mois
2015-02-01,2104.5,0.0549,17734.2027,15175.2771,15 ans,24 mois
2015-03-01,2067.8899,-0.0174,17425.6966,14911.2864,15 ans,24 mois
2015-04-01,2085.51,0.0085,17574.1779,15038.3428,15 ans,24 mois
2015-05-01,2107.3899,0.0105,17758.5553,15196.1158,15 ans,24 mois
2015-06-01,2063.1101,-0.021,17385.4183,14876.82,15 ans,24 mois
2015-07-01,2103.8401,0.0197,17728.6418,15170.5186,15 ans,24 mois
2015-08-01,1972.1801,-0.0626,16619.1689,14221.1351,15 ans,24 mois
2015-09-01,1920.03,-0.0264,16179.711,13845.0881,15 ans,24 mois
2015-10-01,2079.3601,0.083,17522.3539,14993.9966,15 ans,24 mois
2015-11-01,2080.4099,0.0005,17531.2004,15001.5666,15 ans,24 mois
2015-12-01,2043.9399,-0.0175,17223.8752,14738.5864,15 ans,24 mois
2016-01-01,1940.24,-0.0507,16350.0163,13990.8195,15 ans,24 mois
2016-02-01,1932.23,-0.0041,16282.5176,13933.0603,15 ans,24 mois
2016-03-01,2059.74,0.066,17357.019,14852.5185,15 ans,24 mois
2016-04-01,2065.3,0.0027,17403.8725,14892.6114,15 ans,24 mois
2016-05-01,2096.95,0.0153,17670.58,15120.8347,15 ans,24 mois
2016-06-01,2098.8601,0.0009,17686.6765,15134.6086,15 ans,24 mois
2016-07-01,2173.6001,0.0356,18316.4955,15673.549,15 ans,24 mois
2016-08-01,2170.95,-0.0012,18294.1632,15654.4391,15 ans,24 mois
2016-09-01,2168.27,-0.0012,18271.58,15635.1145,15 ans,24 mois
2016-10-01,2126.1499,-0.0194,17916.6422,15331.3918,15 ans,24 mois
2016-11-01,2198.8101,0.0342,18528.9348,15855.3348,15 ans,24 mois
2016-12-01,2238.8301,0.0182,18866.1756,16143.9139,15 ans,24 mois
2017-01-01,2278.8701,0.0179,19203.585,16432.6375,15 ans,24 mois
2017-02-01,2363.6399,0.0372,19917.923,17043.9014,15 ans,24 mois
2017-03-01,2362.72,-0.0004,19910.171,17037.2679,15 ans,24 mois
2017-04-01,2384.2,0.0091,20091.1786,17192.1573,15 ans,24 mois
2017-05-01,2411.8,0.0116,20323.7591,17391.178,15 ans,24 mois
2017-06-01,2423.4099,0.0048,20421.5931,17474.8952,15 ans,24 mois
2017-07-01,2470.3,0.0193,20816.727,17813.0139,15 ans,24 mois
2017-08-01,2471.6499,0.0005,20828.1019,17822.7476,15 ans,24 mois
2017-09-01,2519.3601,0.0193,21230.1463,18166.7797,15 ans,24 mois
2017-10-01,2575.26,0.0222,21701.2037,18569.8666,15 ans,24 mois
2017-11-01,2647.5801,0.0281,22310.6305,19091.3573,15 ans,24 mois
2017-12-01,2673.6101,0.0098,22529.9804,19279.0565,15 ans,24 mois
2018-01-01,2823.8101,0.0562,23795.6855,20362.1289,15 ans,24 mois
2018-02-01,2713.8301,-0.0389,22868.9061,19569.0775,15 ans,24 mois
2018-03-01,2640.8701,-0.0269,22254.087,19042.9726,15 ans,24 mois
2018-04-01,2648.05,0.0027,22314.5908,19094.7462,15 ans,24 mois
2018-05-01,2705.27,0.0216,22796.7721,19507.352,15 ans,24 mois
2018-06-01,2718.3701,0.0048,22907.1641,19601.8151,15 ans,24 mois
2018-07-01,2816.29,0.036,23732.3158,20307.903,15 ans,24 mois
2018-08-01,2901.52,0.0303,24450.5318,20922.4853,15 ans,24 mois
2018-09-01,2913.98,0.0043,24555.5295,21012.3325,15 ans,24 mois
2018-10-01,2711.74,-0.0694,22851.2933,19554.0061,15 ans,24 mois
2018-11-01,2760.1699,0.0179,23259.4027,19903.2281,15 ans,24 mois
2018-12-01,2506.8501,-0.0918,21124.7269,18076.5716,15 ans,24 mois
2019-01-01,2704.1001,0.0787,22786.9134,19498.9158,15 ans,24 mois
2019-02-01,2784.49,0.0297,23464.3431,20078.597,15 ans,24 mois
2019-03-01,2834.3999,0.0179,23884.924,20438.4909,15 ans,24 mois
2019-04-01,2945.8301,0.0393,24823.9239,21241.9994,15 ans,24 mois
2019-05-01,2752.0601,-0.0658,23191.0625,19844.7489,15 ans,24 mois
2019-06-01,2941.76,0.0689,24789.6262,21212.6507,15 ans,24 mois
2019-07-01,2980.3799,0.0131,25115.0682,21491.1336,15 ans,24 mois
2019-08-01,2926.46,-0.0181,24660.6958,21102.324,15 ans,24 mois
2019-09-01,2976.74,0.0172,25084.3956,21464.8868,15 ans,24 mois
2019-10-01,3037.5601,0.0204,25596.9142,21903.4525,15 ans,24 mois
2019-11-01,3140.98,0.034,26468.4133,22649.2001,15 ans,24 mois
2019-12-01,3230.78,0.0286,27225.1404,23296.7367,15 ans,24 mois
2020-01-01,3225.52,-0.0016,27180.8154,23258.8074,15 ans,24 mois
2020-02-01,2954.22,-0.0841,24894.6238,21302.4979,15 ans,24 mois
2020-03-01,2584.5901,-0.1251,21779.8264,18637.1446,15 ans,24 mois
2020-04-01,2912.4299,0.1268,24542.4675,21001.1553,15 ans,24 mois
2020-05-01,3044.3101,0.0453,25653.7951,21952.1258,15 ans,24 mois
2020-06-01,3100.29,0.0184,26125.5272,22355.7902,15 ans,24 mois
2020-07-01,3271.1201,0.0551,27565.0783,23587.6238,15 ans,24 mois
2020-08-01,3500.3101,0.0701,29496.4163,25240.2828,15 ans,24 mois
2020-09-01,3363.0,-0.0392,28339.3318,24250.1578,15 ans,24 mois
2020-10-01,3269.96,-0.0277,27555.3019,23579.2581,15 ans,24 mois
2020-11-01,3621.6299,0.1075,30518.7544,26115.1044,15 ans,24 mois
2020-12-01,3756.0701,0.0371,31651.6551,27084.5352,15 ans,24 mois
2021-01-01,3714.24,-0.0111,31299.1613,26782.9039,15 ans,24 mois
2021-02-01,3811.1499,0.0261,32115.8019,27481.7087,15 ans,24 mois
2021-03-01,3972.8899,0.0424,33478.7526,28647.9948,15 ans,24 mois
2021-04-01,4181.1699,0.0524,35233.8869,30149.8752,15 ans,24 mois
2021-05-01,4204.1099,0.0055,35427.1973,30315.2921,15 ans,24 mois
2021-06-01,4297.5,0.0222,36214.1774,30988.7163,15 ans,24 mois
2021-07-01,4395.2598,0.0227,37037.9794,31693.6493,15 ans,24 mois
2021-08-01,4522.6802,0.029,38111.7259,32612.4614,15 ans,24 mois
2021-09-01,4307.54,-0.0476,36298.7828,31061.1137,15 ans,24 mois
2021-10-01,4605.3799,0.0691,38808.6199,33208.7983,15 ans,24 mois
2021-11-01,4567.0,-0.0083,38485.2002,32932.0459,15 ans,24 mois
2021-12-01,4766.1802,0.0436,40163.6519,34368.3084,15 ans,24 mois
2022-01-01,4515.5498,-0.0526,38051.6397,32561.0452,15 ans,24 mois
2022-02-01,4373.9399,-0.0314,36858.3215,31539.9148,15 ans,24 mois
2022-03-01,4530.4102,0.0358,38176.8649,32668.2013,15 ans,24 mois
2022-04-01,4131.9302,-0.088,34818.9534,29794.8137,15 ans,24 mois
2022-05-01,4132.1499,0.0001,34820.805,29796.3982,15 ans,24 mois
2022-06-01,3785.3799,-0.0839,31898.643,27295.8844,15 ans,24 mois
2022-07-01,4130.29,0.0911,34805.1323,29782.9869,15 ans,24 mois
2022-08-01,3955.0,-0.0424,33327.998,28518.9931,15 ans,24 mois
2022-09-01,3585.6201,-0.0934,30215.3072,25855.4426,15 ans,24 mois
2022-10-01,3871.98,0.0799,32628.4048,27920.3465,15 ans,24 mois
2022-11-01,4080.1101,0.0538,34382.276,29421.1459,15 ans,24 mois
2022-12-01,3839.5,-0.059,32354.7025,27686.1376,15 ans,24 mois
2023-01-01,4076.6001,0.0618,34352.6978,29395.8357,15 ans,24 mois
2023-02-01,3970.1499,-0.0261,33455.6632,28628.2371,15 ans,24 mois
2023-03-01,4109.3101,0.0351,34628.3382,29631.703,15 ans,24 mois
2023-04-01,4169.48,0.0146,35135.3781,30065.5805,15 ans,24 mois
2023-05-01,4179.8301,0.0025,35222.5963,30140.2137,15 ans,24 mois
2023-06-01,4450.3799,0.0647,37502.4657,32091.1134,15 ans,24 mois
2023-07-01,4588.96,0.0311,38670.2524,33090.3964,15 ans,24 mois
2023-08-01,4507.6602,-0.0177,37985.1552,32504.154,15 ans,24 mois
2023-09-01,4288.0498,-0.0487,36134.5424,30920.5722,15 ans,24 mois
2023-10-01,4193.7998,-0.022,35340.3164,30240.9476,15 ans,24 mois
2023-11-01,4567.7998,0.0892,38491.94,32937.8132,15 ans,24 mois
2023-12-01,4769.8301,0.0442,40194.4089,34394.6274,15 ans,24 mois
2024-01-01,4845.6499,0.0159,40833.3275,34941.3543,15 ans,24 mois
2024-02-01,5096.27,0.0517,42945.2534,36748.5436,15 ans,24 mois
2024-03-01,5254.3501,0.031,44277.3627,37888.4385,15 ans,24 mois
2024-04-01,5035.6899,-0.0416,42434.7571,36311.7085,15 ans,24 mois
2024-05-01,5277.5098,0.048,44472.5246,38055.4399,15 ans,24 mois
2024-06-01,5460.48,0.0347,46014.3782,39374.8144,15 ans,24 mois
2024-07-01,5522.2998,0.0113,46535.3216,39820.5892,15 ans,24 mois
2024-08-01,5648.3999,0.0228,47597.942,40729.8807,15 ans,24 mois
2024-09-01,5762.48,0.0202,48559.2721,41552.4974,15 ans,24 mois
2024-10-01,5705.4502,-0.0099,48078.6935,41141.263,15 ans,24 mois
2024-11-01,6032.3799,0.0573,50833.6649,43498.7106,15 ans,24 mois
2024-12-01,5881.6299,-0.025,49563.3247,42411.6719,15 ans,24 mois
2025-01-01,6040.5298,0.027,50902.3425,43557.4785,15 ans,24 mois
2025-02-01,5954.5,-0.0142,50177.3866,42937.1289,15 ans,24 mois
2025-03-01,5611.8501,-0.0575,47289.9441,40466.3248,15 ans,24 mois
2025-04-01,5363.3599,-0.0443,45195.9663,38674.4939,15 ans,24 mois
2015-05-01,2107.3899,0.0105,10104.9138,421.0381,10 ans,24 mois
2015-06-01,2063.1101,-0.021,9892.5927,828.9499,10 ans,24 mois
2015-07-01,2103.8401,0.0197,10087.8925,1253.8424,10 ans,24 mois
2015-08-01,1972.1801,-0.0626,9456.584,1644.4337,10 ans,24 mois
2015-09-01,1920.03,-0.0264,9206.5251,2050.0825,10 ans,24 mois
2015-10-01,2079.3601,0.083,9970.5113,2501.3255,10 ans,24 mois
2015-11-01,2080.4099,0.0005,9975.5451,2918.2025,10 ans,24 mois
2015-12-01,2043.9399,-0.0175,9800.6719,3327.565,10 ans,24 mois
2016-01-01,1940.24,-0.0507,9303.4317,3723.0919,10 ans,24 mois
2016-02-01,1932.23,-0.0041,9265.0238,4138.0384,10 ans,24 mois
2016-03-01,2059.74,0.066,9876.433,4582.2014,10 ans,24 mois
2016-04-01,2065.3,0.0027,9903.0934,4999.9928,10 ans,24 mois
2016-05-01,2096.95,0.0153,10054.8544,5423.0447,10 ans,24 mois
2016-06-01,2098.8601,0.0009,10064.0136,5840.0909,10 ans,24 mois
2016-07-01,2173.6001,0.0356,10422.3911,6271.595,10 ans,24 mois
2016-08-01,2170.95,-0.0012,10409.6837,6687.7537,10 ans,24 mois
2016-09-01,2168.27,-0.0012,10396.8334,7103.906,10 ans,24 mois
2016-10-01,2126.1499,-0.0194,10194.8679,7512.4786,10 ans,24 mois
2016-11-01,2198.8101,0.0342,10543.2726,7943.3847,10 ans,24 mois
2016-12-01,2238.8301,0.0182,10735.1682,8367.635,10 ans,24 mois
2017-01-01,2278.8701,0.0179,10927.1598,8791.7535,10 ans,24 mois
2017-02-01,2363.6399,0.0372,11333.6301,9223.9194,10 ans,24 mois
2017-03-01,2362.72,-0.0004,11329.219,9640.4239,10 ans,24 mois
2017-04-01,2384.2,0.0091,11432.2153,10060.8785,10 ans,24 mois
2017-05-01,2411.8,0.0116,11564.5575,10177.3458,10 ans,24 mois
2017-06-01,2423.4099,0.0048,11620.2267,10226.3372,10 ans,24 mois
2017-07-01,2470.3,0.0193,11845.0645,10424.2049,10 ans,24 mois
2017-08-01,2471.6499,0.0005,11851.537,10429.901,10 ans,24 mois
2017-09-01,2519.3601,0.0193,12080.307,10631.2292,10 ans,24 mois
2017-10-01,2575.26,0.0222,12348.3464,10867.1163,10 ans,24 mois
2017-11-01,2647.5801,0.0281,12695.1205,11172.2935,10 ans,24 mois
2017-12-01,2673.6101,0.0098,12819.9342,11282.1353,10 ans,24 mois
2018-01-01,2823.8101,0.0562,13540.1415,11915.9511,10 ans,24 mois
2018-02-01,2713.8301,-0.0389,13012.7886,11451.8561,10 ans,24 mois
2018-03-01,2640.8701,-0.0269,12662.9463,11143.9787,10 ans,24 mois
2018-04-01,2648.05,0.0027,12697.374,11174.2767,10 ans,24 mois
2018-05-01,2705.27,0.0216,12971.7432,11415.7343,10 ans,24 mois
2018-06-01,2718.3701,0.0048,13034.558,11471.0142,10 ans,24 mois
2018-07-01,2816.29,0.036,13504.0831,11884.218,10 ans,24 mois
2018-08-01,2901.52,0.0303,13912.76,12243.8726,10 ans,24 mois
2018-09-01,2913.98,0.0043,13972.5054,12296.4513,10 ans,24 mois
2018-10-01,2711.74,-0.0694,13002.7666,11443.0363,10 ans,24 mois
2018-11-01,2760.1699,0.0179,13234.9876,11647.4016,10 ans,24 mois
2018-12-01,2506.8501,-0.0918,12020.3216,10578.4392,10 ans,24 mois
2019-01-01,2704.1001,0.0787,12966.1334,11410.7974,10 ans,24 mois
2019-02-01,2784.49,0.0297,13351.6021,11750.0277,10 ans,24 mois
2019-03-01,2834.3999,0.0179,13590.9197,11960.6383,10 ans,24 mois
2019-04-01,2945.8301,0.0393,14125.2263,12430.8528,10 ans,24 mois
2019-05-01,2752.0601,-0.0658,13196.1009,11613.1795,10 ans,24 mois
2019-06-01,2941.76,0.0689,14105.7103,12413.6779,10 ans,24 mois
2019-07-01,2980.3799,0.0131,14290.8922,12576.6465,10 ans,24 mois
2019-08-01,2926.46,-0.0181,14032.3468,12349.1145,10 ans,24 mois
2019-09-01,2976.74,0.0172,14273.439,12561.2868,10 ans,24 mois
2019-10-01,3037.5601,0.0204,14565.0706,12817.9362,10 ans,24 mois
2019-11-01,3140.98,0.034,15060.9681,13254.3489,10 ans,24 mois
2019-12-01,3230.78,0.0286,15491.5585,13633.2884,10 ans,24 mois
2020-01-01,3225.52,-0.0016,15466.3368,13611.0921,10 ans,24 mois
2020-02-01,2954.22,-0.0841,14165.4557,12466.2566,10 ans,24 mois
2020-03-01,2584.5901,-0.1251,12393.0841,10906.4875,10 ans,24 mois
2020-04-01,2912.4299,0.1268,13965.0729,12289.9104,10 ans,24 mois
2020-05-01,3044.3101,0.0453,14597.4368,12846.4199,10 ans,24 mois
2020-06-01,3100.29,0.0184,14865.8603,13082.645,10 ans,24 mois
2020-07-01,3271.1201,0.0551,15684.9888,13803.516,10 ans,24 mois
2020-08-01,3500.3101,0.0701,16783.9523,14770.6548,10 ans,24 mois
2020-09-01,3363.0,-0.0392,16125.5519,14191.2319,10 ans,24 mois
2020-10-01,3269.96,-0.0277,15679.4259,13798.6204,10 ans,24 mois
2020-11-01,3621.6299,0.1075,17365.6797,15282.6018,10 ans,24 mois
2020-12-01,3756.0701,0.0371,18010.3191,15849.9142,10 ans,24 mois
2021-01-01,3714.24,-0.0111,17809.7442,15673.3991,10 ans,24 mois
2021-02-01,3811.1499,0.0261,18274.4263,16082.3408,10 ans,24 mois
2021-03-01,3972.8899,0.0424,19049.968,16764.8534,10 ans,24 mois
2021-04-01,4181.1699,0.0524,20048.6687,17643.7562,10 ans,24 mois
2021-05-01,4204.1099,0.0055,20158.6655,17740.5585,10 ans,24 mois
2021-06-01,4297.5,0.0222,20606.4703,18134.6474,10 ans,24 mois
2021-07-01,4395.2598,0.0227,21075.2274,18547.1754,10 ans,24 mois
2021-08-01,4522.6802,0.029,21686.207,19084.8657,10 ans,24 mois
2021-09-01,4307.54,-0.0476,20654.6122,18177.0145,10 ans,24 mois
2021-10-01,4605.3799,0.0691,22082.7513,19433.843,10 ans,24 mois
2021-11-01,4567.0,-0.0083,21898.7201,19271.8871,10 ans,24 mois
2021-12-01,4766.1802,0.0436,22853.7871,20112.3902,10 ans,24 mois
2022-01-01,4515.5498,-0.0526,21652.0169,19054.7769,10 ans,24 mois
2022-02-01,4373.9399,-0.0314,20972.999,18457.2097,10 ans,24 mois
2022-03-01,4530.4102,0.0358,21723.2722,19117.4848,10 ans,24 mois
2022-04-01,4131.9302,-0.088,19812.5646,17435.9737,10 ans,24 mois
2022-05-01,4132.1499,0.0001,19813.6182,17436.9009,10 ans,24 mois
2022-06-01,3785.3799,-0.0839,18150.8593,15973.5962,10 ans,24 mois
2022-07-01,4130.29,0.0911,19804.7001,17429.0526,10 ans,24 mois
2022-08-01,3955.0,-0.0424,18964.1861,16689.3614,10 ans,24 mois
2022-09-01,3585.6201,-0.0934,17193.0132,15130.6473,10 ans,24 mois
2022-10-01,3871.98,0.0799,18566.106,16339.0324,10 ans,24 mois
2022-11-01,4080.1101,0.0538,19564.0879,17217.3027,10 ans,24 mois
2022-12-01,3839.5,-0.059,18410.3648,16201.973,10 ans,24 mois
2023-01-01,4076.6001,0.0618,19547.2574,17202.4911,10 ans,24 mois
2023-02-01,3970.1499,-0.0261,19036.8298,16753.2911,10 ans,24 mois
2023-03-01,4109.3101,0.0351,19704.1013,17340.521,10 ans,24 mois
2023-04-01,4169.48,0.0146,19992.6155,17594.4269,10 ans,24 mois
2023-05-01,4179.8301,0.0025,20042.2441,17638.1023,10 ans,24 mois
2023-06-01,4450.3799,0.0647,21339.5278,18779.772,10 ans,24 mois
2023-07-01,4588.96,0.0311,22004.0179,19364.554,10 ans,24 mois
2023-08-01,4507.6602,-0.0177,21614.1861,19021.484,10 ans,24 mois
2023-09-01,4288.0498,-0.0487,20561.1567,18094.7694,10 ans,24 mois
2023-10-01,4193.7998,-0.022,20109.2288,17697.052,10 ans,24 mois
2023-11-01,4567.7998,0.0892,21902.5552,19275.2621,10 ans,24 mois
2023-12-01,4769.8301,0.0442,22871.2883,20127.7921,10 ans,24 mois
2024-01-01,4845.6499,0.0159,23234.8437,20447.7376,10 ans,24 mois
2024-02-01,5096.27,0.0517,24436.5647,21505.3077,10 ans,24 mois
2024-03-01,5254.3501,0.031,25194.5571,22172.3761,10 ans,24 mois
2024-04-01,5035.6899,-0.0416,24146.0838,21249.6711,10 ans,24 mois
2024-05-01,5277.5098,0.048,25305.6075,22270.1056,10 ans,24 mois
2024-06-01,5460.48,0.0347,26182.9478,23042.2058,10 ans,24 mois
2024-07-01,5522.2998,0.0113,26479.3733,23303.0739,10 ans,24 mois
2024-08-01,5648.3999,0.0228,27084.022,23835.1927,10 ans,24 mois
2024-09-01,5762.48,0.0202,27631.0349,24316.5894,10 ans,24 mois
2024-10-01,5705.4502,-0.0099,27357.5776,24075.9343,10 ans,24 mois
2024-11-01,6032.3799,0.0573,28925.2023,25455.5165,10 ans,24 mois
2024-12-01,5881.6299,-0.025,28202.3575,24819.3797,10 ans,24 mois
2025-01-01,6040.5298,0.027,28964.281,25489.9076,10 ans,24 mois
2025-02-01,5954.5,-0.0142,28551.769,25126.878,10 ans,24 mois
2025-03-01,5611.8501,-0.0575,26908.7661,23680.9594,10 ans,24 mois
2025-04-01,5363.3599,-0.0443,25717.2578,22632.377,10 ans,24 mois
2020-05-01,3044.3101,0.0453,10452.8182,435.5341,5 ans,24 mois
2020-06-01,3100.29,0.0184,10645.0288,859.8626,5 ans,24 mois
2020-07-01,3271.1201,0.0551,11231.5839,1299.4881,5 ans,24 mois
2020-08-01,3500.3101,0.0701,12018.5211,1745.3484,5 ans,24 mois
2020-09-01,3363.0,-0.0392,11547.0589,2145.6701,5 ans,24 mois
2020-10-01,3269.96,-0.0277,11227.6004,2550.8094,5 ans,24 mois
2020-11-01,3621.6299,0.1075,12435.0799,3012.2867,5 ans,24 mois
2020-12-01,3756.0701,0.0371,12896.6882,3444.4206,5 ans,24 mois
2021-01-01,3714.24,-0.0111,12753.0621,3856.447,5 ans,24 mois
2021-02-01,3811.1499,0.0261,13085.808,4283.9851,5 ans,24 mois
2021-03-01,3972.8899,0.0424,13641.1518,4718.3346,5 ans,24 mois
2021-04-01,4181.1699,0.0524,14356.2936,5156.8451,5 ans,24 mois
2021-05-01,4204.1099,0.0055,14435.0593,5575.7978,5 ans,24 mois
2021-06-01,4297.5,0.0222,14755.7198,6001.7203,5 ans,24 mois
2021-07-01,4395.2598,0.0227,15091.3837,6427.8654,5 ans,24 mois
2021-08-01,4522.6802,0.029,15528.8892,6856.6114,5 ans,24 mois
2021-09-01,4307.54,-0.0476,14790.1929,7253.4575,5 ans,24 mois
2021-10-01,4605.3799,0.0691,15812.8435,7698.9341,5 ans,24 mois
2021-11-01,4567.0,-0.0083,15681.0639,8112.1284,5 ans,24 mois
2021-12-01,4766.1802,0.0436,16364.9608,8546.9671,5 ans,24 mois
2022-01-01,4515.5498,-0.0526,15504.4067,8941.7233,5 ans,24 mois
2022-02-01,4373.9399,-0.0314,15018.1808,9345.3231,5 ans,24 mois
2022-03-01,4530.4102,0.0358,15555.4306,9776.8953,5 ans,24 mois
2022-04-01,4131.9302,-0.088,14187.226,10156.9134,5 ans,24 mois
2022-05-01,4132.1499,0.0001,14187.9805,10157.4535,5 ans,24 mois
2022-06-01,3785.3799,-0.0839,12997.3252,9305.04,5 ans,24 mois
2022-07-01,4130.29,0.0911,14181.5945,10152.8816,5 ans,24 mois
2022-08-01,3955.0,-0.0424,13579.7258,9721.992,5 ans,24 mois
2022-09-01,3585.6201,-0.0934,12311.4382,8814.0001,5 ans,24 mois
2022-10-01,3871.98,0.0799,13294.6717,9517.9162,5 ans,24 mois
2022-11-01,4080.1101,0.0538,14009.2988,10029.5317,5 ans,24 mois
2022-12-01,3839.5,-0.059,13183.1498,9438.0755,5 ans,24 mois
2023-01-01,4076.6001,0.0618,13997.2469,10020.9036,5 ans,24 mois
2023-02-01,3970.1499,-0.0261,13631.7439,9759.2328,5 ans,24 mois
2023-03-01,4109.3101,0.0351,14109.5585,10101.3097,5 ans,24 mois
2023-04-01,4169.48,0.0146,14316.1555,10249.2165,5 ans,24 mois
2023-05-01,4179.8301,0.0025,14351.6932,10274.6586,5 ans,24 mois
2023-06-01,4450.3799,0.0647,15280.6419,10939.7112,5 ans,24 mois
2023-07-01,4588.96,0.0311,15756.4648,11280.3621,5 ans,24 mois
2023-08-01,4507.6602,-0.0177,15477.3171,11080.5148,5 ans,24 mois
2023-09-01,4288.0498,-0.0487,14723.272,10540.6792,5 ans,24 mois
2023-10-01,4193.7998,-0.022,14399.6591,10308.9983,5 ans,24 mois
2023-11-01,4567.7998,0.0892,15683.8101,11228.3473,5 ans,24 mois
2023-12-01,4769.8301,0.0442,16377.493,11724.9684,5 ans,24 mois
2024-01-01,4845.6499,0.0159,16637.8248,11911.3451,5 ans,24 mois
2024-02-01,5096.27,0.0517,17498.3438,12527.4075,5 ans,24 mois
2024-03-01,5254.3501,0.031,18041.1211,12915.9924,5 ans,24 mois
2024-04-01,5035.6899,-0.0416,17290.3385,12378.4924,5 ans,24 mois
2024-05-01,5277.5098,0.048,18120.6411,12972.9224,5 ans,24 mois
2024-06-01,5460.48,0.0347,18748.8802,13422.691,5 ans,24 mois
2024-07-01,5522.2998,0.0113,18961.1422,13574.6536,5 ans,24 mois
2024-08-01,5648.3999,0.0228,19394.1143,13884.6268,5 ans,24 mois
2024-09-01,5762.48,0.0202,19785.815,14165.053,5 ans,24 mois
2024-10-01,5705.4502,-0.0099,19589.9999,14024.8651,5 ans,24 mois
2024-11-01,6032.3799,0.0573,20712.5322,14828.508,5 ans,24 mois
2024-12-01,5881.6299,-0.025,20194.9232,14457.9416,5 ans,24 mois
2025-01-01,6040.5298,0.027,20740.5154,14848.5417,5 ans,24 mois
2025-02-01,5954.5,-0.0142,20445.1271,14637.0674,5 ans,24 mois
2025-03-01,5611.8501,-0.0575,19268.6184,13794.7818,5 ans,24 mois
2025-04-01,5363.3599,-0.0443,18415.4125,13183.955,5 ans,24 mois
2000-05-01,1420.6,-0.0219,9780.8495,203.7677,25 ans,48 mois
2000-06-01,1454.6,0.0239,10014.9399,417.0872,25 ans,48 mois
2000-07-01,1430.83,-0.0163,9851.283,622.0161,25 ans,48 mois
2000-08-01,1517.6801,0.0607,10449.2471,842.9951,25 ans,48 mois
2000-09-01,1436.51,-0.0535,9890.3903,1040.1861,25 ans,48 mois
2000-10-01,1429.4,-0.0049,9841.4379,1247.4883,25 ans,48 mois
2000-11-01,1314.95,-0.0801,9053.4477,1439.1407,25 ans,48 mois
2000-12-01,1320.28,0.0041,9090.1453,1648.3185,25 ans,48 mois
2001-01-01,1366.01,0.0346,9404.9969,1863.8678,25 ans,48 mois
2001-02-01,1239.9399,-0.0923,8537.0028,2052.9739,25 ans,48 mois
2001-03-01,1160.33,-0.0642,7988.887,2247.9312,25 ans,48 mois
2001-04-01,1249.46,0.0768,8602.5482,2472.2675,25 ans,48 mois
2001-05-01,1255.8199,0.0051,8646.3368,2681.6613,25 ans,48 mois
2001-06-01,1224.38,-0.025,8429.8724,2884.779,25 ans,48 mois
2001-07-01,1211.23,-0.0107,8339.3343,3090.8748,25 ans,48 mois
2001-08-01,1133.58,-0.0641,7804.7129,3285.8522,25 ans,48 mois
2001-09-01,1040.9399,-0.0817,7166.8852,3477.1598,25 ans,48 mois
2001-10-01,1059.78,0.0181,7296.5994,3689.2638,25 ans,48 mois
2001-11-01,1139.45,0.0752,7845.1279,3913.2588,25 ans,48 mois
2001-12-01,1148.08,0.0076,7904.5456,4123.17,25 ans,48 mois
2002-01-01,1130.2,-0.0156,7781.4415,4328.2588,25 ans,48 mois
2002-02-01,1106.73,-0.0208,7619.8505,4532.2658,25 ans,48 mois
2002-03-01,1147.39,0.0367,7899.7953,4748.2531,25 ans,48 mois
2002-04-01,1076.92,-0.0614,7414.6086,4943.7911,25 ans,48 mois
2002-05-01,1067.14,-0.0091,7347.273,5150.2324,25 ans,48 mois
2002-06-01,989.82,-0.0725,6814.9238,5343.4709,25 ans,48 mois
2002-07-01,911.62,-0.079,6276.5156,5535.345,25 ans,48 mois
2002-08-01,916.07,0.0049,6307.154,5744.6953,25 ans,48 mois
2002-09-01,815.28,-0.11,5613.2137,5930.1069,25 ans,48 mois
2002-10-01,885.76,0.0864,6098.4693,6156.4504,25 ans,48 mois
2002-11-01,936.31,0.0571,6446.5066,6376.6732,25 ans,48 mois
2002-12-01,879.82,-0.0603,6057.5723,6572.4373,25 ans,48 mois
2003-01-01,855.7,-0.0274,5891.5058,6775.0592,25 ans,48 mois
2003-02-01,841.15,-0.017,5791.329,6979.8501,25 ans,48 mois
2003-03-01,848.18,0.0084,5839.7304,7189.9246,25 ans,48 mois
2003-04-01,916.92,0.081,6313.0061,7415.1422,25 ans,48 mois
2003-05-01,963.59,0.0509,6634.33,7634.0794,25 ans,48 mois
2003-06-01,974.5,0.0113,6709.4453,7844.7715,25 ans,48 mois
2003-07-01,990.31,0.0162,6818.2973,8056.4848,25 ans,48 mois
2003-08-01,1008.01,0.0179,6940.1622,8268.5417,25 ans,48 mois
2003-09-01,995.97,-0.0119,6857.2663,8474.3866,25 ans,48 mois
2003-10-01,1050.71,0.055,7234.1519,8694.1703,25 ans,48 mois
2003-11-01,1058.2,0.0071,7285.7206,8903.9887,25 ans,48 mois
2003-12-01,1111.92,0.0508,7655.5841,9122.8982,25 ans,48 mois
2004-01-01,1131.13,0.0173,7787.8449,9334.8308,25 ans,48 mois
2004-02-01,1144.9399,0.0122,7882.9265,9545.7076,25 ans,48 mois
2004-03-01,1126.21,-0.0164,7753.9704,9750.6329,25 ans,48 mois
2004-04-01,1107.3,-0.0168,7623.7754,9955.4681,25 ans,48 mois
2004-05-01,1120.6801,0.0121,7715.8969,10075.7645,25 ans,48 mois
2004-06-01,1140.84,0.018,7854.6982,10257.0174,25 ans,48 mois
2004-07-01,1101.72,-0.0343,7585.3565,9905.299,25 ans,48 mois
2004-08-01,1104.24,0.0023,7602.7068,9927.9559,25 ans,48 mois
2004-09-01,1114.58,0.0094,7673.8976,10020.92,25 ans,48 mois
2004-10-01,1130.2,0.014,7781.4415,10161.3556,25 ans,48 mois
2004-11-01,1173.8199,0.0386,8081.7658,10553.5325,25 ans,48 mois
2004-12-01,1211.92,0.0325,8344.0854,10896.0813,25 ans,48 mois
2005-01-01,1181.27,-0.0253,8133.0596,10620.5143,25 ans,48 mois
2005-02-01,1203.6,0.0189,8286.8016,10821.2776,25 ans,48 mois
2005-03-01,1180.59,-0.0191,8128.3774,10614.4001,25 ans,48 mois
2005-04-01,1156.85,-0.0201,7964.9273,10400.9596,25 ans,48 mois
2005-05-01,1191.5,0.03,8203.4932,10712.4896,25 ans,48 mois
2005-06-01,1191.33,-0.0001,8202.3224,10710.9608,25 ans,48 mois
2005-07-01,1234.1801,0.036,8497.3459,11096.2157,25 ans,48 mois
2005-08-01,1220.33,-0.0112,8401.9878,10971.6928,25 ans,48 mois
2005-09-01,1228.8101,0.0069,8460.3734,11047.9354,25 ans,48 mois
2005-10-01,1207.01,-0.0177,8310.2798,10851.9364,25 ans,48 mois
2005-11-01,1249.48,0.0352,8602.6861,11233.7737,25 ans,48 mois
2005-12-01,1248.29,-0.001,8594.4933,11223.0752,25 ans,48 mois
2006-01-01,1280.08,0.0255,8813.3673,11508.8907,25 ans,48 mois
2006-02-01,1280.66,0.0005,8817.3612,11514.106,25 ans,48 mois
2006-03-01,1294.87,0.0111,8915.1969,11641.8644,25 ans,48 mois
2006-04-01,1310.61,0.0122,9023.567,11783.3788,25 ans,48 mois
2006-05-01,1270.09,-0.0309,8744.5861,11419.0731,25 ans,48 mois
2006-06-01,1270.2,0.0001,8745.3434,11420.0619,25 ans,48 mois
2006-07-01,1276.66,0.0051,8789.8211,11478.143,25 ans,48 mois
2006-08-01,1303.8199,0.0213,8976.8175,11722.3312,25 ans,48 mois
2006-09-01,1335.85,0.0246,9197.3446,12010.3055,25 ans,48 mois
2006-10-01,1377.9399,0.0315,9487.1346,12388.7262,25 ans,48 mois
2006-11-01,1400.63,0.0165,9643.356,12592.7271,25 ans,48 mois
2006-12-01,1418.3,0.0126,9765.0145,12751.5942,25 ans,48 mois
2007-01-01,1438.24,0.0141,9902.3012,12930.8695,25 ans,48 mois
2007-02-01,1406.8199,-0.0218,9685.9738,12648.3794,25 ans,48 mois
2007-03-01,1420.86,0.01,9782.6397,12774.61,25 ans,48 mois
2007-04-01,1482.37,0.0433,10206.1369,13327.6317,25 ans,48 mois
2007-05-01,1530.62,0.0325,10538.3388,13761.4358,25 ans,48 mois
2007-06-01,1503.35,-0.0178,10350.5843,13516.2577,25 ans,48 mois
2007-07-01,1455.27,-0.032,10019.5532,13083.9824,25 ans,48 mois
2007-08-01,1473.99,0.0129,10148.4404,13252.2891,25 ans,48 mois
2007-09-01,1526.75,0.0358,10511.6938,13726.6416,25 ans,48 mois
2007-10-01,1549.38,0.0148,10667.5017,13930.1026,25 ans,48 mois
2007-11-01,1481.14,-0.044,10197.6685,13316.5733,25 ans,48 mois
2007-12-01,1468.36,-0.0086,10109.6778,13201.6711,25 ans,48 mois
2008-01-01,1378.55,-0.0612,9491.3352,12394.2116,25 ans,48 mois
2008-02-01,1330.63,-0.0348,9161.4051,11963.374,25 ans,48 mois
2008-03-01,1322.7,-0.006,9106.8065,11892.0768,25 ans,48 mois
2008-04-01,1385.59,0.0475,9539.8051,12457.5058,25 ans,48 mois
2008-05-01,1400.38,0.0107,9641.6347,12590.4794,25 ans,48 mois
2008-06-01,1280.0,-0.086,8812.8168,11508.1718,25 ans,48 mois
2008-07-01,1267.38,-0.0099,8725.928,11394.7085,25 ans,48 mois
2008-08-01,1282.83,0.0122,8832.3011,11533.6153,25 ans,48 mois
2008-09-01,1166.36,-0.0908,8030.4038,10486.4618,25 ans,48 mois
2008-10-01,968.75,-0.1694,6669.8565,8709.798,25 ans,48 mois
2008-11-01,896.24,-0.0748,6170.6241,8057.878,25 ans,48 mois
2008-12-01,903.25,0.0078,6218.8881,8120.9033,25 ans,48 mois
2009-01-01,825.88,-0.0857,5686.1947,7425.2883,25 ans,48 mois
2009-02-01,735.09,-0.1099,5061.1045,6609.0174,25 ans,48 mois
2009-03-01,797.87,0.0854,5493.3454,7173.457,25 ans,48 mois
2009-04-01,872.81,0.0939,6009.3083,7847.2245,25 ans,48 mois
2009-05-01,919.14,0.0531,6328.2911,8263.7666,25 ans,48 mois
2009-06-01,919.32,0.0002,6329.5303,8265.3848,25 ans,48 mois
2009-07-01,987.48,0.0741,6798.8126,8878.1947,25 ans,48 mois
2009-08-01,1020.62,0.0336,7026.9821,9176.1486,25 ans,48 mois
2009-09-01,1057.08,0.0357,7278.0094,9503.9514,25 ans,48 mois
2009-10-01,1036.1899,-0.0198,7134.1814,9316.1343,25 ans,48 mois
2009-11-01,1095.63,0.0574,7543.427,9850.5456,25 ans,48 mois
2009-12-01,1115.1,0.0178,7677.478,10025.5954,25 ans,48 mois
2010-01-01,1073.87,-0.037,7393.609,9654.9066,25 ans,48 mois
2010-02-01,1104.49,0.0285,7604.4281,9930.2036,25 ans,48 mois
2010-03-01,1169.4301,0.0588,8051.5413,10514.064,25 ans,48 mois
2010-04-01,1186.6899,0.0148,8170.3758,10669.2435,25 ans,48 mois
2010-05-01,1089.41,-0.082,7500.6024,9794.6233,25 ans,48 mois
2010-06-01,1030.71,-0.0539,7096.4516,9266.8651,25 ans,48 mois
2010-07-01,1101.6,0.0688,7584.5303,9904.2201,25 ans,48 mois
2010-08-01,1049.33,-0.0474,7224.6505,9434.273,25 ans,48 mois
2010-09-01,1141.2,0.0876,7857.1767,10260.254,25 ans,48 mois
2010-10-01,1183.26,0.0369,8146.7607,10638.4058,25 ans,48 mois
2010-11-01,1180.55,-0.0023,8128.1026,10614.0412,25 ans,48 mois
2010-12-01,1257.64,0.0653,8658.868,11307.1386,25 ans,48 mois
2011-01-01,1286.12,0.0226,8854.9531,11563.1952,25 ans,48 mois
2011-02-01,1327.22,0.032,9137.9269,11932.7152,25 ans,48 mois
2011-03-01,1325.83,-0.001,9128.3567,11920.2179,25 ans,48 mois
2011-04-01,1363.61,0.0285,9388.4727,12259.8891,25 ans,48 mois
2011-05-01,1345.2,-0.0135,9261.7193,12094.3689,25 ans,48 mois
2011-06-01,1320.64,-0.0183,9092.6238,11873.5564,25 ans,48 mois
2011-07-01,1292.28,-0.0215,8897.365,11618.5786,25 ans,48 mois
2011-08-01,1218.89,-0.0568,8392.0738,10958.7466,25 ans,48 mois
2011-09-01,1131.42,-0.0718,7789.8419,10172.3252,25 ans,48 mois
2011-10-01,1253.3,0.1077,8628.9873,11268.119,25 ans,48 mois
2011-11-01,1246.96,-0.0051,8585.3357,11211.1168,25 ans,48 mois
2011-12-01,1257.6,0.0085,8658.5924,11306.7786,25 ans,48 mois
2012-01-01,1312.41,0.0436,9035.9603,11799.5626,25 ans,48 mois
2012-02-01,1365.6801,0.0406,9402.7251,12278.5005,25 ans,48 mois
2012-03-01,1408.47,0.0313,9697.3343,12663.2144,25 ans,48 mois
2012-04-01,1397.91,-0.0075,9624.6289,12568.2725,25 ans,48 mois
2012-05-01,1310.33,-0.0627,9021.639,11780.8611,25 ans,48 mois
2012-06-01,1362.16,0.0396,9378.4897,12246.8529,25 ans,48 mois
2012-07-01,1379.3199,0.0126,9496.6359,12401.1335,25 ans,48 mois
2012-08-01,1406.58,0.0198,9684.3215,12646.2217,25 ans,48 mois
2012-09-01,1440.67,0.0242,9919.0322,12952.7175,25 ans,48 mois
2012-10-01,1412.16,-0.0198,9722.7404,12696.3909,25 ans,48 mois
2012-11-01,1416.1801,0.0028,9750.4183,12732.5339,25 ans,48 mois
2012-12-01,1426.1899,0.0071,9819.3365,12822.5304,25 ans,48 mois
2013-01-01,1498.11,0.0504,10314.5069,13469.1462,25 ans,48 mois
2013-02-01,1514.6801,0.0111,10428.5921,13618.1237,25 ans,48 mois
2013-03-01,1569.1899,0.036,10803.8934,14108.2089,25 ans,48 mois
2013-04-01,1597.5699,0.0181,10999.2901,14363.3667,25 ans,48 mois
2013-05-01,1630.74,0.0208,11227.6663,14661.5906,25 ans,48 mois
2013-06-01,1606.28,-0.015,11059.2591,14441.677,25 ans,48 mois
2013-07-01,1685.73,0.0495,11606.2731,15155.9924,25 ans,48 mois
2013-08-01,1632.97,-0.0313,11243.0197,14681.6398,25 ans,48 mois
2013-09-01,1681.55,0.0297,11577.4942,15118.4116,25 ans,48 mois
2013-10-01,1756.54,0.0446,12093.8012,15792.6286,25 ans,48 mois
2013-11-01,1805.8101,0.028,12433.026,16235.6034,25 ans,48 mois
2013-12-01,1848.36,0.0236,12725.9828,16618.1596,25 ans,48 mois
2014-01-01,1782.59,-0.0356,12273.1553,16026.8372,25 ans,48 mois
2014-02-01,1859.45,0.0431,12802.3373,16717.8668,25 ans,48 mois
2014-03-01,1872.34,0.0069,12891.0853,16833.7578,25 ans,48 mois
2014-04-01,1883.95,0.0062,12971.0202,16938.1404,25 ans,48 mois
2014-05-01,1923.5699,0.021,13243.8043,17294.3542,25 ans,48 mois
2014-06-01,1960.23,0.0191,13496.2092,17623.9558,25 ans,48 mois
2014-07-01,1930.67,-0.0151,13292.6886,17358.1895,25 ans,48 mois
2014-08-01,2003.37,0.0377,13793.2287,18011.8173,25 ans,48 mois
2014-09-01,1972.29,-0.0155,13579.2428,17732.3849,25 ans,48 mois
2014-10-01,2018.05,0.0232,13894.3011,18143.8021,25 ans,48 mois
2014-11-01,2067.5601,0.0245,14235.1782,18588.9347,25 ans,48 mois
2014-12-01,2058.8999,-0.0042,14175.5529,18511.0733,25 ans,48 mois
2015-01-01,1994.99,-0.031,13735.5323,17936.4747,25 ans,48 mois
2015-02-01,2104.5,0.0549,14489.5101,18921.0528,25 ans,48 mois
2015-03-01,2067.8899,-0.0174,14237.4491,18591.9001,25 ans,48 mois
2015-04-01,2085.51,0.0085,14358.7638,18750.3184,25 ans,48 mois
2015-05-01,2107.3899,0.0105,14509.4071,18947.0351,25 ans,48 mois
2015-06-01,2063.1101,-0.021,14204.5402,18548.9262,25 ans,48 mois
2015-07-01,2103.8401,0.0197,14484.9666,18915.1197,25 ans,48 mois
2015-08-01,1972.1801,-0.0626,13578.4856,17731.396,25 ans,48 mois
2015-09-01,1920.03,-0.0264,13219.432,17262.5277,25 ans,48 mois
2015-10-01,2079.3601,0.083,14316.4217,18695.0261,25 ans,48 mois
2015-11-01,2080.4099,0.0005,14323.6496,18704.4646,25 ans,48 mois
2015-12-01,2043.9399,-0.0175,14072.5533,18376.5719,25 ans,48 mois
2016-01-01,1940.24,-0.0507,13358.5778,17444.2306,25 ans,48 mois
2016-02-01,1932.23,-0.0041,13303.4288,17372.2145,25 ans,48 mois
2016-03-01,2059.74,0.066,14181.3369,18518.6263,25 ans,48 mois
2016-04-01,2065.3,0.0027,14219.618,18568.6155,25 ans,48 mois
2016-05-01,2096.95,0.0153,14437.528,18853.1721,25 ans,48 mois
2016-06-01,2098.8601,0.0009,14450.6794,18870.3459,25 ans,48 mois
2016-07-01,2173.6001,0.0356,14965.2652,19542.3151,25 ans,48 mois
2016-08-01,2170.95,-0.0012,14947.0189,19518.4883,25 ans,48 mois
2016-09-01,2168.27,-0.0012,14928.5676,19494.3937,25 ans,48 mois
2016-10-01,2126.1499,-0.0194,14638.57,19115.7018,25 ans,48 mois
2016-11-01,2198.8101,0.0342,15138.8361,19768.9718,25 ans,48 mois
2016-12-01,2238.8301,0.0182,15414.3745,20128.7822,25 ans,48 mois
2017-01-01,2278.8701,0.0179,15690.0507,20488.7725,25 ans,48 mois
2017-02-01,2363.6399,0.0372,16273.6917,21250.9172,25 ans,48 mois
2017-03-01,2362.72,-0.0004,16267.358,21242.6464,25 ans,48 mois
2017-04-01,2384.2,0.0091,16415.248,21435.7677,25 ans,48 mois
2017-05-01,2411.8,0.0116,16605.275,21683.9135,25 ans,48 mois
2017-06-01,2423.4099,0.0048,16685.2091,21788.295,25 ans,48 mois
2017-07-01,2470.3,0.0193,17008.0483,22209.873,25 ans,48 mois
2017-08-01,2471.6499,0.0005,17017.342,22222.0092,25 ans,48 mois
2017-09-01,2519.3601,0.0193,17345.8274,22650.9601,25 ans,48 mois
2017-10-01,2575.26,0.0222,17730.699,23153.5427,25 ans,48 mois
2017-11-01,2647.5801,0.0281,18228.6236,23803.755,25 ans,48 mois
2017-12-01,2673.6101,0.0098,18407.8407,24037.7847,25 ans,48 mois
2018-01-01,2823.8101,0.0562,19441.9693,25388.1963,25 ans,48 mois
2018-02-01,2713.8301,-0.0389,18684.7557,24399.3928,25 ans,48 mois
2018-03-01,2640.8701,-0.0269,18182.4254,23743.4274,25 ans,48 mois
2018-04-01,2648.05,0.0027,18231.8594,23807.9804,25 ans,48 mois
2018-05-01,2705.27,0.0216,18625.8196,24322.4314,25 ans,48 mois
2018-06-01,2718.3701,0.0048,18716.014,24440.2112,25 ans,48 mois
2018-07-01,2816.29,0.036,19390.1939,25320.5856,25 ans,48 mois
2018-08-01,2901.52,0.0303,19977.0035,26086.8679,25 ans,48 mois
2018-09-01,2913.98,0.0043,20062.7904,26198.8924,25 ans,48 mois
2018-10-01,2711.74,-0.0694,18670.3655,24380.6013,25 ans,48 mois
2018-11-01,2760.1699,0.0179,19003.8062,24816.0232,25 ans,48 mois
2018-12-01,2506.8501,-0.0918,17259.6959,22538.4856,25 ans,48 mois
2019-01-01,2704.1001,0.0787,18617.7647,24311.9129,25 ans,48 mois
2019-02-01,2784.49,0.0297,19171.2502,25034.6791,25 ans,48 mois
2019-03-01,2834.3999,0.0179,19514.8806,25483.4071,25 ans,48 mois
2019-04-01,2945.8301,0.0393,20282.0788,26485.2489,25 ans,48 mois
2019-05-01,2752.0601,-0.0658,18947.9697,24743.1094,25 ans,48 mois
2019-06-01,2941.76,0.0689,20254.0563,26448.6559,25 ans,48 mois
2019-07-01,2980.3799,0.0131,20519.9546,26795.8779,25 ans,48 mois
2019-08-01,2926.46,-0.0181,20148.7153,26311.0969,25 ans,48 mois
2019-09-01,2976.74,0.0172,20494.8939,26763.1525,25 ans,48 mois
2019-10-01,3037.5601,0.0204,20913.6409,27309.9711,25 ans,48 mois
2019-11-01,3140.98,0.034,21625.6884,28239.7947,25 ans,48 mois
2019-12-01,3230.78,0.0286,22243.9629,29047.1654,25 ans,48 mois
2020-01-01,3225.52,-0.0016,22207.7477,28999.8739,25 ans,48 mois
2020-02-01,2954.22,-0.0841,20339.8433,26560.6805,25 ans,48 mois
2020-03-01,2584.5901,-0.1251,17794.9367,23237.4272,25 ans,48 mois
2020-04-01,2912.4299,0.1268,20052.1183,26184.9563,25 ans,48 mois
2020-05-01,3044.3101,0.0453,20960.1147,27370.6587,25 ans,48 mois
2020-06-01,3100.29,0.0184,21345.5376,27873.9613,25 ans,48 mois
2020-07-01,3271.1201,0.0551,22521.705,29409.8534,25 ans,48 mois
2020-08-01,3500.3101,0.0701,24099.6807,31470.4449,25 ans,48 mois
2020-09-01,3363.0,-0.0392,23154.2992,30235.9233,25 ans,48 mois
2020-10-01,3269.96,-0.0277,22513.7173,29399.4227,25 ans,48 mois
2020-11-01,3621.6299,0.1075,24934.9693,32561.2023,25 ans,48 mois
2020-12-01,3756.0701,0.0371,25860.5918,33769.9216,25 ans,48 mois
2021-01-01,3714.24,-0.0111,25572.5911,33393.8375,25 ans,48 mois
2021-02-01,3811.1499,0.0261,26239.8171,34265.1311,25 ans,48 mois
2021-03-01,3972.8899,0.0424,27353.3991,35719.2965,25 ans,48 mois
2021-04-01,4181.1699,0.0524,28787.4098,37591.892,25 ans,48 mois
2021-05-01,4204.1099,0.0055,28945.3516,37798.1395,25 ans,48 mois
2021-06-01,4297.5,0.0222,29588.344,38637.7878,25 ans,48 mois
2021-07-01,4395.2598,0.0227,30261.4212,39516.7223,25 ans,48 mois
2021-08-01,4522.6802,0.029,31138.7124,40662.3285,25 ans,48 mois
2021-09-01,4307.54,-0.0476,29657.4698,38728.0553,25 ans,48 mois
2021-10-01,4605.3799,0.0691,31708.101,41405.8617,25 ans,48 mois
2021-11-01,4567.0,-0.0083,31443.855,41060.7974,25 ans,48 mois
2021-12-01,4766.1802,0.0436,32815.2131,42851.5784,25 ans,48 mois
2022-01-01,4515.5498,-0.0526,31089.6197,40598.2211,25 ans,48 mois
2022-02-01,4373.9399,-0.0314,30114.634,39325.0409,25 ans,48 mois
2022-03-01,4530.4102,0.0358,31191.9334,40731.8269,25 ans,48 mois
2022-04-01,4131.9302,-0.088,28448.3935,37149.1893,25 ans,48 mois
2022-05-01,4132.1499,0.0001,28449.9064,37151.1649,25 ans,48 mois
2022-06-01,3785.3799,-0.0839,26062.3902,34033.4391,25 ans,48 mois
2022-07-01,4130.29,0.0911,28437.1012,37134.4433,25 ans,48 mois
2022-08-01,3955.0,-0.0424,27230.227,35558.4527,25 ans,48 mois
2022-09-01,3585.6201,-0.0934,24687.0416,32237.4471,25 ans,48 mois
2022-10-01,3871.98,0.0799,26658.633,34812.0397,25 ans,48 mois
2022-11-01,4080.1101,0.0538,28091.6117,36683.2876,25 ans,48 mois
2022-12-01,3839.5,-0.059,26435.0079,34520.02,25 ans,48 mois
2023-01-01,4076.6001,0.0618,28067.4452,36651.7299,25 ans,48 mois
2023-02-01,3970.1499,-0.0261,27334.5342,35694.6619,25 ans,48 mois
2023-03-01,4109.3101,0.0351,28292.6537,36945.8173,25 ans,48 mois
2023-04-01,4169.48,0.0146,28706.9244,37486.7906,25 ans,48 mois
2023-05-01,4179.8301,0.0025,28778.185,37579.8458,25 ans,48 mois
2023-06-01,4450.3799,0.0647,30640.924,40012.294,25 ans,48 mois
2023-07-01,4588.96,0.0311,31595.0496,41258.2341,25 ans,48 mois
2023-08-01,4507.6602,-0.0177,31035.2994,40527.2871,25 ans,48 mois
2023-09-01,4288.0498,-0.0487,29523.2792,38552.8233,25 ans,48 mois
2023-10-01,4193.7998,-0.022,28874.3667,37705.4443,25 ans,48 mois
2023-11-01,4567.7998,0.0892,31449.3617,41067.9882,25 ans,48 mois
2023-12-01,4769.8301,0.0442,32840.3427,42884.3938,25 ans,48 mois
2024-01-01,4845.6499,0.0159,33362.3632,43566.0716,25 ans,48 mois
2024-02-01,5096.27,0.0517,35087.886,45819.3367,25 ans,48 mois
2024-03-01,5254.3501,0.031,36176.2694,47240.5966,25 ans,48 mois
2024-04-01,5035.6899,-0.0416,34670.7914,45274.6758,25 ans,48 mois
2024-05-01,5277.5098,0.048,36335.7241,47448.8196,25 ans,48 mois
2024-06-01,5460.48,0.0347,37595.4764,49093.8608,25 ans,48 mois
2024-07-01,5522.2998,0.0113,38021.1067,49649.6679,25 ans,48 mois
2024-08-01,5648.3999,0.0228,38889.3075,50783.4035,25 ans,48 mois
2024-09-01,5762.48,0.0202,39674.7504,51809.07,25 ans,48 mois
2024-10-01,5705.4502,-0.0099,39282.0995,51296.329,25 ans,48 mois
2024-11-01,6032.3799,0.0573,41533.0147,54235.6751,25 ans,48 mois
2024-12-01,5881.6299,-0.025,40495.099,52880.3181,25 ans,48 mois
2025-01-01,6040.5298,0.027,41589.1269,54308.9489,25 ans,48 mois
2025-02-01,5954.5,-0.0142,40996.8107,53535.4758,25 ans,48 mois
2025-03-01,5611.8501,-0.0575,38637.6616,50454.793,25 ans,48 mois
2025-04-01,5363.3599,-0.0443,36926.8031,48220.6772,25 ans,48 mois
2005-05-01,1191.5,0.03,10299.5205,214.5733,20 ans,48 mois
2005-06-01,1191.33,-0.0001,10298.0506,422.8769,20 ans,48 mois
2005-07-01,1234.1801,0.036,10668.4538,638.7037,20 ans,48 mois
2005-08-01,1220.33,-0.0112,10548.7313,844.6991,20 ans,48 mois
2005-09-01,1228.8101,0.0069,10622.0347,1054.4801,20 ans,48 mois
2005-10-01,1207.01,-0.0177,10433.5915,1259.1174,20 ans,48 mois
2005-11-01,1249.48,0.0352,10800.7089,1474.7812,20 ans,48 mois
2005-12-01,1248.29,-0.001,10790.4228,1682.9161,20 ans,48 mois
2006-01-01,1280.08,0.0255,11065.2201,1896.5551,20 ans,48 mois
2006-02-01,1280.66,0.0005,11070.2344,2104.9828,20 ans,48 mois
2006-03-01,1294.87,0.0111,11193.0676,2315.6278,20 ans,48 mois
2006-04-01,1310.61,0.0122,11329.1266,2526.4935,20 ans,48 mois
2006-05-01,1270.09,-0.0309,10978.865,2728.3858,20 ans,48 mois
2006-06-01,1270.2,0.0001,10979.8157,2936.7372,20 ans,48 mois
2006-07-01,1276.66,0.0051,11035.6577,3146.1301,20 ans,48 mois
2006-08-01,1303.8199,0.0213,11270.4324,3358.8956,20 ans,48 mois
2006-09-01,1335.85,0.0246,11547.3052,3572.3469,20 ans,48 mois
2006-10-01,1377.9399,0.0315,11911.1377,3787.2444,20 ans,48 mois
2006-11-01,1400.63,0.0165,12107.2744,3999.0083,20 ans,48 mois
2006-12-01,1418.3,0.0126,12260.0171,4209.9699,20 ans,48 mois
2007-01-01,1438.24,0.0141,12432.3812,4421.2322,20 ans,48 mois
2007-02-01,1406.8199,-0.0218,12160.7812,4625.0142,20 ans,48 mois
2007-03-01,1420.86,0.01,12282.1456,4835.4267,20 ans,48 mois
2007-04-01,1482.37,0.0433,12813.8482,5052.7789,20 ans,48 mois
2007-05-01,1530.62,0.0325,13230.9291,5267.8934,20 ans,48 mois
2007-06-01,1503.35,-0.0178,12995.2026,5472.515,20 ans,48 mois
2007-07-01,1455.27,-0.032,12579.5916,5674.1854,20 ans,48 mois
2007-08-01,1473.99,0.0129,12741.41,5885.1987,20 ans,48 mois
2007-09-01,1526.75,0.0358,13197.4762,6100.9891,20 ans,48 mois
2007-10-01,1549.38,0.0148,13393.0936,6312.4104,20 ans,48 mois
2007-11-01,1481.14,-0.044,12803.216,6511.568,20 ans,48 mois
2007-12-01,1468.36,-0.0086,12692.7434,6718.1037,20 ans,48 mois
2008-01-01,1378.55,-0.0612,11916.4116,6913.6947,20 ans,48 mois
2008-02-01,1330.63,-0.0348,11502.1829,7114.7861,20 ans,48 mois
2008-03-01,1322.7,-0.006,11433.6343,7321.8779,20 ans,48 mois
2008-04-01,1385.59,0.0475,11977.2658,7540.1168,20 ans,48 mois
2008-05-01,1400.38,0.0107,12105.1133,7750.6739,20 ans,48 mois
2008-06-01,1280.0,-0.086,11064.5289,7941.0984,20 ans,48 mois
2008-07-01,1267.38,-0.0099,10955.4396,8147.3777,20 ans,48 mois
2008-08-01,1282.83,0.0122,11088.9915,8358.2507,20 ans,48 mois
2008-09-01,1166.36,-0.0908,10082.2061,8547.6691,20 ans,48 mois
2008-10-01,968.75,-0.1694,8374.0331,8720.7057,20 ans,48 mois
2008-11-01,896.24,-0.0748,7747.2448,8913.4455,20 ans,48 mois
2008-12-01,903.25,0.0078,7807.8404,9123.4083,20 ans,48 mois
2009-01-01,825.88,-0.0857,7139.0416,9313.8964,20 ans,48 mois
2009-02-01,735.09,-0.1099,6354.2382,9499.3274,20 ans,48 mois
2009-03-01,797.87,0.0854,6896.9185,9725.4533,20 ans,48 mois
2009-04-01,872.81,0.0939,7544.7121,9953.3543,20 ans,48 mois
2009-05-01,919.14,0.0531,7945.1963,10481.6928,20 ans,48 mois
2009-06-01,919.32,0.0002,7946.7522,10483.7454,20 ans,48 mois
2009-07-01,987.48,0.0741,8535.9381,11261.0284,20 ans,48 mois
2009-08-01,1020.62,0.0336,8822.4058,11638.9506,20 ans,48 mois
2009-09-01,1057.08,0.0357,9137.5717,12054.7329,20 ans,48 mois
2009-10-01,1036.1899,-0.0198,8956.995,11816.5072,20 ans,48 mois
2009-11-01,1095.63,0.0574,9470.8046,12494.3501,20 ans,48 mois
2009-12-01,1115.1,0.0178,9639.1062,12716.3818,20 ans,48 mois
2010-01-01,1073.87,-0.037,9282.7075,12246.2032,20 ans,48 mois
2010-02-01,1104.49,0.0285,9547.3917,12595.3876,20 ans,48 mois
2010-03-01,1169.4301,0.0588,10108.7442,13335.9514,20 ans,48 mois
2010-04-01,1186.6899,0.0148,10257.9415,13532.7798,20 ans,48 mois
2010-05-01,1089.41,-0.082,9417.0381,12423.4188,20 ans,48 mois
2010-06-01,1030.71,-0.0539,8909.6251,11754.0146,20 ans,48 mois
2010-07-01,1101.6,0.0688,9522.41,12562.4305,20 ans,48 mois
2010-08-01,1049.33,-0.0474,9070.5794,11966.3534,20 ans,48 mois
2010-09-01,1141.2,0.0876,9864.7186,13014.0208,20 ans,48 mois
2010-10-01,1183.26,0.0369,10228.2926,13493.6655,20 ans,48 mois
2010-11-01,1180.55,-0.0023,10204.8673,13462.7616,20 ans,48 mois
2010-12-01,1257.64,0.0653,10871.2455,14341.8805,20 ans,48 mois
2011-01-01,1286.12,0.0226,11117.4311,14666.6606,20 ans,48 mois
2011-02-01,1327.22,0.032,11472.706,15135.3567,20 ans,48 mois
2011-03-01,1325.83,-0.001,11460.6905,15119.5053,20 ans,48 mois
2011-04-01,1363.61,0.0285,11787.2673,15550.3413,20 ans,48 mois
2011-05-01,1345.2,-0.0135,11628.1279,15340.3969,20 ans,48 mois
2011-06-01,1320.64,-0.0183,11415.8278,15060.3202,20 ans,48 mois
2011-07-01,1292.28,-0.0215,11170.6795,14736.9085,20 ans,48 mois
2011-08-01,1218.89,-0.0568,10536.2842,13899.9831,20 ans,48 mois
2011-09-01,1131.42,-0.0718,9780.1795,12902.4927,20 ans,48 mois
2011-10-01,1253.3,0.1077,10833.7302,14292.3884,20 ans,48 mois
2011-11-01,1246.96,-0.0051,10778.9254,14220.0873,20 ans,48 mois
2011-12-01,1257.6,0.0085,10870.8994,14341.4239,20 ans,48 mois
2012-01-01,1312.41,0.0436,11344.6865,14966.4671,20 ans,48 mois
2012-02-01,1365.6801,0.0406,11805.1613,15573.948,20 ans,48 mois
2012-03-01,1408.47,0.0313,12175.0443,16061.9158,20 ans,48 mois
2012-04-01,1397.91,-0.0075,12083.7625,15941.4924,20 ans,48 mois
2012-05-01,1310.33,-0.0627,11326.706,14942.7463,20 ans,48 mois
2012-06-01,1362.16,0.0396,11774.7337,15533.8064,20 ans,48 mois
2012-07-01,1379.3199,0.0126,11923.0667,15729.4946,20 ans,48 mois
2012-08-01,1406.58,0.0198,12158.7067,16040.3625,20 ans,48 mois
2012-09-01,1440.67,0.0242,12453.387,16429.1192,20 ans,48 mois
2012-10-01,1412.16,-0.0198,12206.9418,16103.9966,20 ans,48 mois
2012-11-01,1416.1801,0.0028,12241.6915,16149.8401,20 ans,48 mois
2012-12-01,1426.1899,0.0071,12328.2186,16263.9909,20 ans,48 mois
2013-01-01,1498.11,0.0504,12949.9072,17084.153,20 ans,48 mois
2013-02-01,1514.6801,0.0111,13093.1416,17273.1148,20 ans,48 mois
2013-03-01,1569.1899,0.036,13564.334,17894.7349,20 ans,48 mois
2013-04-01,1597.5699,0.0181,13809.6554,18218.3749,20 ans,48 mois
2013-05-01,1630.74,0.0208,14096.3826,18596.6396,20 ans,48 mois
2013-06-01,1606.28,-0.015,13884.9467,18317.703,20 ans,48 mois
2013-07-01,1685.73,0.0495,14571.7251,19223.7347,20 ans,48 mois
2013-08-01,1632.97,-0.0313,14115.6589,18622.0699,20 ans,48 mois
2013-09-01,1681.55,0.0297,14535.5931,19176.0676,20 ans,48 mois
2013-10-01,1756.54,0.0446,15183.8188,20031.2387,20 ans,48 mois
2013-11-01,1805.8101,0.028,15609.7169,20593.1044,20 ans,48 mois
2013-12-01,1848.36,0.0236,15977.5254,21078.3354,20 ans,48 mois
2014-01-01,1782.59,-0.0356,15408.9986,20328.307,20 ans,48 mois
2014-02-01,1859.45,0.0431,16073.3889,21204.8032,20 ans,48 mois
2014-03-01,1872.34,0.0069,16184.8123,21351.7984,20 ans,48 mois
2014-04-01,1883.95,0.0062,16285.1709,21484.1964,20 ans,48 mois
2014-05-01,1923.5699,0.021,16627.6526,21936.0151,20 ans,48 mois
2014-06-01,1960.23,0.0191,16944.5479,22354.079,20 ans,48 mois
2014-07-01,1930.67,-0.0151,16689.027,22016.9832,20 ans,48 mois
2014-08-01,2003.37,0.0377,17317.4572,22846.0392,20 ans,48 mois
2014-09-01,1972.29,-0.0155,17048.797,22491.6095,20 ans,48 mois
2014-10-01,2018.05,0.0232,17444.354,23013.4477,20 ans,48 mois
2014-11-01,2067.5601,0.0245,17872.3266,23578.0502,20 ans,48 mois
2014-12-01,2058.8999,-0.0042,17797.4668,23479.2914,20 ans,48 mois
2015-01-01,1994.99,-0.031,17245.0191,22750.4753,20 ans,48 mois
2015-02-01,2104.5,0.0549,18191.6415,23999.306,20 ans,48 mois
2015-03-01,2067.8899,-0.0174,17875.1777,23581.8115,20 ans,48 mois
2015-04-01,2085.51,0.0085,18027.4889,23782.7479,20 ans,48 mois
2015-05-01,2107.3899,0.0105,18216.6222,24032.2618,20 ans,48 mois
2015-06-01,2063.1101,-0.021,17833.8605,23527.3038,20 ans,48 mois
2015-07-01,2103.8401,0.0197,18185.9371,23991.7805,20 ans,48 mois
2015-08-01,1972.1801,-0.0626,17047.8463,22490.3553,20 ans,48 mois
2015-09-01,1920.03,-0.0264,16597.0529,21895.6466,20 ans,48 mois
2015-10-01,2079.3601,0.083,17974.3281,23712.6156,20 ans,48 mois
2015-11-01,2080.4099,0.0005,17983.4028,23724.5874,20 ans,48 mois
2015-12-01,2043.9399,-0.0175,17668.1504,23308.691,20 ans,48 mois
2016-01-01,1940.24,-0.0507,16771.7511,22126.117,20 ans,48 mois
2016-02-01,1932.23,-0.0041,16702.5113,22034.7724,20 ans,48 mois
2016-03-01,2059.74,0.066,17804.7286,23488.8716,20 ans,48 mois
2016-04-01,2065.3,0.0027,17852.7907,23552.2774,20 ans,48 mois
2016-05-01,2096.95,0.0153,18126.3776,23913.2067,20 ans,48 mois
2016-06-01,2098.8601,0.0009,18142.8893,23934.9898,20 ans,48 mois
2016-07-01,2173.6001,0.0356,18788.954,24787.31,20 ans,48 mois
2016-08-01,2170.95,-0.0012,18766.0457,24757.0883,20 ans,48 mois
2016-09-01,2168.27,-0.0012,18742.8799,24726.5268,20 ans,48 mois
2016-10-01,2126.1499,-0.0194,18378.7868,24246.1973,20 ans,48 mois
2016-11-01,2198.8101,0.0342,19006.873,25074.7995,20 ans,48 mois
2016-12-01,2238.8301,0.0182,19352.8126,25531.1799,20 ans,48 mois
2017-01-01,2278.8701,0.0179,19698.9252,25987.7887,20 ans,48 mois
2017-02-01,2363.6399,0.0372,20431.689,26954.4866,20 ans,48 mois
2017-03-01,2362.72,-0.0004,20423.737,26943.996,20 ans,48 mois
2017-04-01,2384.2,0.0091,20609.4135,27188.9495,20 ans,48 mois
2017-05-01,2411.8,0.0116,20847.9933,27503.6956,20 ans,48 mois
2017-06-01,2423.4099,0.0048,20948.3508,27636.0922,20 ans,48 mois
2017-07-01,2470.3,0.0193,21353.6768,28170.8182,20 ans,48 mois
2017-08-01,2471.6499,0.0005,21365.3452,28186.2116,20 ans,48 mois
2017-09-01,2519.3601,0.0193,21777.76,28730.2895,20 ans,48 mois
2017-10-01,2575.26,0.0222,22260.9678,29367.761,20 ans,48 mois
2017-11-01,2647.5801,0.0281,22886.1143,30192.4849,20 ans,48 mois
2017-12-01,2673.6101,0.0098,23111.1221,30489.3263,20 ans,48 mois
2018-01-01,2823.8101,0.0562,24409.475,32202.1771,20 ans,48 mois
2018-02-01,2713.8301,-0.0389,23458.7901,30947.9869,20 ans,48 mois
2018-03-01,2640.8701,-0.0269,22828.1123,30115.9658,20 ans,48 mois
2018-04-01,2648.05,0.0027,22890.1768,30197.8444,20 ans,48 mois
2018-05-01,2705.27,0.0216,23384.7956,30850.3697,20 ans,48 mois
2018-06-01,2718.3701,0.0048,23498.035,30999.7607,20 ans,48 mois
2018-07-01,2816.29,0.036,24344.4707,32116.4203,20 ans,48 mois
2018-08-01,2901.52,0.0303,25081.2126,33088.3663,20 ans,48 mois
2018-09-01,2913.98,0.0043,25188.9185,33230.4572,20 ans,48 mois
2018-10-01,2711.74,-0.0694,23440.7231,30924.152,20 ans,48 mois
2018-11-01,2760.1699,0.0179,23859.3593,31476.4374,20 ans,48 mois
2018-12-01,2506.8501,-0.0918,21669.6214,28587.6278,20 ans,48 mois
2019-01-01,2704.1001,0.0787,23374.6826,30837.0281,20 ans,48 mois
2019-02-01,2784.49,0.0297,24069.5859,31753.7787,20 ans,48 mois
2019-03-01,2834.3999,0.0179,24501.0154,32322.9416,20 ans,48 mois
2019-04-01,2945.8301,0.0393,25464.236,33593.6695,20 ans,48 mois
2019-05-01,2752.0601,-0.0658,23789.2563,31383.9542,20 ans,48 mois
2019-06-01,2941.76,0.0689,25429.0537,33547.2553,20 ans,48 mois
2019-07-01,2980.3799,0.0131,25762.8901,33987.6687,20 ans,48 mois
2019-08-01,2926.46,-0.0181,25296.7975,33372.7765,20 ans,48 mois
2019-09-01,2976.74,0.0172,25731.4263,33946.1601,20 ans,48 mois
2019-10-01,3037.5601,0.0204,26257.1649,34639.7403,20 ans,48 mois
2019-11-01,3140.98,0.034,27151.1436,35819.1208,20 ans,48 mois
2019-12-01,3230.78,0.0286,27927.3899,36843.183,20 ans,48 mois
2020-01-01,3225.52,-0.0016,27881.9215,36783.1989,20 ans,48 mois
2020-02-01,2954.22,-0.0841,25536.7596,33689.3462,20 ans,48 mois
2020-03-01,2584.5901,-0.1251,22341.6186,29474.1594,20 ans,48 mois
2020-04-01,2912.4299,0.1268,25175.5197,33212.7808,20 ans,48 mois
2020-05-01,3044.3101,0.0453,26315.513,34716.7159,20 ans,48 mois
2020-06-01,3100.29,0.0184,26799.4131,35355.1007,20 ans,48 mois
2020-07-01,3271.1201,0.0551,28276.0962,37303.2134,20 ans,48 mois
2020-08-01,3500.3101,0.0701,30257.2514,39916.8507,20 ans,48 mois
2020-09-01,3363.0,-0.0392,29070.3209,38350.9936,20 ans,48 mois
2020-10-01,3269.96,-0.0277,28266.0676,37289.9833,20 ans,48 mois
2020-11-01,3621.6299,0.1075,31305.9598,41300.3582,20 ans,48 mois
2020-12-01,3756.0701,0.0371,32468.0827,42833.4878,20 ans,48 mois
2021-01-01,3714.24,-0.0111,32106.4967,42356.4657,20 ans,48 mois
2021-02-01,3811.1499,0.0261,32944.2018,43461.6074,20 ans,48 mois
2021-03-01,3972.8899,0.0424,34342.3087,45306.0586,20 ans,48 mois
2021-04-01,4181.1699,0.0524,36142.7152,47681.2433,20 ans,48 mois
2021-05-01,4204.1099,0.0055,36341.0118,47942.8459,20 ans,48 mois
2021-06-01,4297.5,0.0222,37148.2914,49007.8487,20 ans,48 mois
2021-07-01,4395.2598,0.0227,37993.3428,50122.6819,20 ans,48 mois
2021-08-01,4522.6802,0.029,39094.7856,51575.7593,20 ans,48 mois
2021-09-01,4307.54,-0.0476,37235.0791,49122.3433,20 ans,48 mois
2021-10-01,4605.3799,0.0691,39809.6554,52518.8506,20 ans,48 mois
2021-11-01,4567.0,-0.0083,39477.8934,52081.1739,20 ans,48 mois
2021-12-01,4766.1802,0.0436,41199.6393,54352.5857,20 ans,48 mois
2022-01-01,4515.5498,-0.0526,39033.1495,51494.446,20 ans,48 mois
2022-02-01,4373.9399,-0.0314,37809.0507,49879.5548,20 ans,48 mois
2022-03-01,4530.4102,0.0358,39161.6048,51663.9105,20 ans,48 mois
2022-04-01,4131.9302,-0.088,35717.0788,47119.7228,20 ans,48 mois
2022-05-01,4132.1499,0.0001,35718.9782,47122.2286,20 ans,48 mois
2022-06-01,3785.3799,-0.0839,32721.4415,43167.7311,20 ans,48 mois
2022-07-01,4130.29,0.0911,35702.9012,47101.019,20 ans,48 mois
2022-08-01,3955.0,-0.0424,34187.6655,45102.0458,20 ans,48 mois
2022-09-01,3585.6201,-0.0934,30994.6855,40889.7099,20 ans,48 mois
2022-10-01,3871.98,0.0799,33470.0269,44155.3017,20 ans,48 mois
2022-11-01,4080.1101,0.0538,35269.1377,46528.7769,20 ans,48 mois
2022-12-01,3839.5,-0.059,33189.2646,43784.9064,20 ans,48 mois
2023-01-01,4076.6001,0.0618,35238.7966,46488.7495,20 ans,48 mois
2023-02-01,3970.1499,-0.0261,34318.6237,45274.8123,20 ans,48 mois
2023-03-01,4109.3101,0.0351,35521.5468,46861.7675,20 ans,48 mois
2023-04-01,4169.48,0.0146,36041.6655,47547.9335,20 ans,48 mois
2023-05-01,4179.8301,0.0025,36131.1334,47665.964,20 ans,48 mois
2023-06-01,4450.3799,0.0647,38469.8101,50751.261,20 ans,48 mois
2023-07-01,4588.96,0.0311,39667.7189,52331.601,20 ans,48 mois
2023-08-01,4507.6602,-0.0177,38964.9501,51404.474,20 ans,48 mois
2023-09-01,4288.0498,-0.0487,37066.6024,48900.0805,20 ans,48 mois
2023-10-01,4193.7998,-0.022,36251.89,47825.272,20 ans,48 mois
2023-11-01,4567.7998,0.0892,39484.807,52090.2948,20 ans,48 mois
2023-12-01,4769.8301,0.0442,41231.1897,54394.2085,20 ans,48 mois
2024-01-01,4845.6499,0.0159,41886.5886,55258.8429,20 ans,48 mois
2024-02-01,5096.27,0.0517,44052.9898,58116.8656,20 ans,48 mois
2024-03-01,5254.3501,0.031,45419.4598,59919.5799,20 ans,48 mois
2024-04-01,5035.6899,-0.0416,43529.3257,57426.0223,20 ans,48 mois
2024-05-01,5277.5098,0.048,45619.6558,60183.6882,20 ans,48 mois
2024-06-01,5460.48,0.0347,47201.2802,62270.2447,20 ans,48 mois
2024-07-01,5522.2998,0.0113,47735.6608,62975.2259,20 ans,48 mois
2024-08-01,5648.3999,0.0228,48825.6906,64413.2467,20 ans,48 mois
2024-09-01,5762.48,0.0202,49811.8175,65714.1936,20 ans,48 mois
2024-10-01,5705.4502,-0.0099,49318.8427,65063.8371,20 ans,48 mois
2024-11-01,6032.3799,0.0573,52144.8763,68792.0793,20 ans,48 mois
2024-12-01,5881.6299,-0.025,50841.7687,67072.9558,20 ans,48 mois
2025-01-01,6040.5298,0.027,52215.3253,68885.0192,20 ans,48 mois
2025-02-01,5954.5,-0.0142,51471.6698,67903.9523,20 ans,48 mois
2025-03-01,5611.8501,-0.0575,48509.7482,63996.4399,20 ans,48 mois
2025-04-01,5363.3599,-0.0443,46361.758,61162.7059,20 ans,48 mois
2010-05-01,1089.41,-0.082,9180.2416,191.255,15 ans,48 mois
2010-06-01,1030.71,-0.0539,8685.5877,388.3629,15 ans,48 mois
2010-07-01,1101.6,0.0688,9282.9638,611.0249,15 ans,48 mois
2010-08-01,1049.33,-0.0474,8842.4947,809.473,15 ans,48 mois
2010-09-01,1141.2,0.0876,9616.6649,1036.0461,15 ans,48 mois
2010-10-01,1183.26,0.0369,9971.0966,1252.0578,15 ans,48 mois
2010-11-01,1180.55,-0.0023,9948.2603,1459.914,15 ans,48 mois
2010-12-01,1257.64,0.0653,10597.8821,1681.8515,15 ans,48 mois
2011-01-01,1286.12,0.0226,10837.8773,1894.9027,15 ans,48 mois
2011-02-01,1327.22,0.032,11184.2186,2109.8936,15 ans,48 mois
2011-03-01,1325.83,-0.001,11172.5052,2318.0088,15 ans,48 mois
2011-04-01,1363.61,0.0285,11490.87,2532.2786,15 ans,48 mois
2011-05-01,1345.2,-0.0135,11335.7323,2737.7993,15 ans,48 mois
2011-06-01,1320.64,-0.0183,11128.7706,2942.329,15 ans,48 mois
2011-07-01,1292.28,-0.0215,10889.7867,3146.1885,15 ans,48 mois
2011-08-01,1218.89,-0.0568,10271.3436,3342.6903,15 ans,48 mois
2011-09-01,1131.42,-0.0718,9534.2516,3536.0732,15 ans,48 mois
2011-10-01,1253.3,0.1077,10561.3101,3766.8489,15 ans,48 mois
2011-11-01,1246.96,-0.0051,10507.8835,3974.1283,15 ans,48 mois
2011-12-01,1257.6,0.0085,10597.5447,4184.2393,15 ans,48 mois
2012-01-01,1312.41,0.0436,11059.4182,4401.6524,15 ans,48 mois
2012-02-01,1365.6801,0.0406,11508.3141,4618.4419,15 ans,48 mois
2012-03-01,1408.47,0.0313,11868.8962,4833.3028,15 ans,48 mois
2012-04-01,1397.91,-0.0075,11779.9097,5040.0742,15 ans,48 mois
2012-05-01,1310.33,-0.0627,11041.8898,5235.3553,15 ans,48 mois
2012-06-01,1362.16,0.0396,11478.6516,5451.9292,15 ans,48 mois
2012-07-01,1379.3199,0.0126,11623.2547,5662.8871,15 ans,48 mois
2012-08-01,1406.58,0.0198,11852.9694,5875.3378,15 ans,48 mois
2012-09-01,1440.67,0.0242,12140.2398,6088.7203,15 ans,48 mois
2012-10-01,1412.16,-0.0198,11899.9916,6292.9308,15 ans,48 mois
2012-11-01,1416.1801,0.0028,11933.8675,6501.8572,15 ans,48 mois
2012-12-01,1426.1899,0.0071,12018.2188,6711.6631,15 ans,48 mois
2013-01-01,1498.11,0.0504,12624.2747,6930.5023,15 ans,48 mois
2013-02-01,1514.6801,0.0111,12763.9074,7141.1399,15 ans,48 mois
2013-03-01,1569.1899,0.036,13223.2514,7356.9707,15 ans,48 mois
2013-04-01,1597.5699,0.0181,13462.404,7569.0719,15 ans,48 mois
2013-05-01,1630.74,0.0208,13741.9214,7781.7308,15 ans,48 mois
2013-06-01,1606.28,-0.015,13535.8022,7986.9393,15 ans,48 mois
2013-07-01,1685.73,0.0495,14205.3111,8205.5772,15 ans,48 mois
2013-08-01,1632.97,-0.0313,13760.713,8407.3901,15 ans,48 mois
2013-09-01,1681.55,0.0297,14170.0877,8621.9213,15 ans,48 mois
2013-10-01,1756.54,0.0446,14802.0134,8839.5454,15 ans,48 mois
2013-11-01,1805.8101,0.028,15217.202,9053.7224,15 ans,48 mois
2013-12-01,1848.36,0.0236,15575.7618,9266.9646,15 ans,48 mois
2014-01-01,1782.59,-0.0356,15021.5309,9467.8849,15 ans,48 mois
2014-02-01,1859.45,0.0431,15669.2147,9685.2009,15 ans,48 mois
2014-03-01,1872.34,0.0069,15777.8363,9894.9784,15 ans,48 mois
2014-04-01,1883.95,0.0062,15875.6714,10104.6036,15 ans,48 mois
2014-05-01,1923.5699,0.021,16209.5412,10317.1063,15 ans,48 mois
2014-06-01,1960.23,0.0191,16518.468,10513.7331,15 ans,48 mois
2014-07-01,1930.67,-0.0151,16269.3723,10355.1878,15 ans,48 mois
2014-08-01,2003.37,0.0377,16882.0003,10745.1154,15 ans,48 mois
2014-09-01,1972.29,-0.0155,16620.0957,10578.4175,15 ans,48 mois
2014-10-01,2018.05,0.0232,17005.7062,10823.8522,15 ans,48 mois
2014-11-01,2067.5601,0.0245,17422.9172,11089.4001,15 ans,48 mois
2014-12-01,2058.8999,-0.0042,17349.9398,11042.9512,15 ans,48 mois
2015-01-01,1994.99,-0.031,16811.3837,10700.1691,15 ans,48 mois
2015-02-01,2104.5,0.0549,17734.2027,11287.5283,15 ans,48 mois
2015-03-01,2067.8899,-0.0174,17425.6966,11091.1692,15 ans,48 mois
2015-04-01,2085.51,0.0085,17574.1779,11185.6751,15 ans,48 mois
2015-05-01,2107.3899,0.0105,17758.5553,11303.0282,15 ans,48 mois
2015-06-01,2063.1101,-0.021,17385.4183,11065.5327,15 ans,48 mois
2015-07-01,2103.8401,0.0197,17728.6418,11283.9888,15 ans,48 mois
2015-08-01,1972.1801,-0.0626,16619.1689,10577.8275,15 ans,48 mois
2015-09-01,1920.03,-0.0264,16179.711,10298.1198,15 ans,48 mois
2015-10-01,2079.3601,0.083,17522.3539,11152.6899,15 ans,48 mois
2015-11-01,2080.4099,0.0005,17531.2004,11158.3206,15 ans,48 mois
2015-12-01,2043.9399,-0.0175,17223.8752,10962.7132,15 ans,48 mois
2016-01-01,1940.24,-0.0507,16350.0163,10406.5164,15 ans,48 mois
2016-02-01,1932.23,-0.0041,16282.5176,10363.5545,15 ans,48 mois
2016-03-01,2059.74,0.066,17357.019,11047.457,15 ans,48 mois
2016-04-01,2065.3,0.0027,17403.8725,11077.2785,15 ans,48 mois
2016-05-01,2096.95,0.0153,17670.58,11247.0334,15 ans,48 mois
2016-06-01,2098.8601,0.0009,17686.6765,11257.2786,15 ans,48 mois
2016-07-01,2173.6001,0.0356,18316.4955,11658.148,15 ans,48 mois
2016-08-01,2170.95,-0.0012,18294.1632,11643.9339,15 ans,48 mois
2016-09-01,2168.27,-0.0012,18271.58,11629.56,15 ans,48 mois
2016-10-01,2126.1499,-0.0194,17916.6422,11403.6479,15 ans,48 mois
2016-11-01,2198.8101,0.0342,18528.9348,11793.3622,15 ans,48 mois
2016-12-01,2238.8301,0.0182,18866.1756,12008.0103,15 ans,48 mois
2017-01-01,2278.8701,0.0179,19203.585,12222.7659,15 ans,48 mois
2017-02-01,2363.6399,0.0372,19917.923,12677.4303,15 ans,48 mois
2017-03-01,2362.72,-0.0004,19910.171,12672.4963,15 ans,48 mois
2017-04-01,2384.2,0.0091,20091.1786,12787.7046,15 ans,48 mois
2017-05-01,2411.8,0.0116,20323.7591,12935.7383,15 ans,48 mois
2017-06-01,2423.4099,0.0048,20421.5931,12998.008,15 ans,48 mois
2017-07-01,2470.3,0.0193,20816.727,13249.5042,15 ans,48 mois
2017-08-01,2471.6499,0.0005,20828.1019,13256.7442,15 ans,48 mois
2017-09-01,2519.3601,0.0193,21230.1463,13512.6388,15 ans,48 mois
2017-10-01,2575.26,0.0222,21701.2037,13812.4591,15 ans,48 mois
2017-11-01,2647.5801,0.0281,22310.6305,14200.3492,15 ans,48 mois
2017-12-01,2673.6101,0.0098,22529.9804,14339.9618,15 ans,48 mois
2018-01-01,2823.8101,0.0562,23795.6855,15145.5623,15 ans,48 mois
2018-02-01,2713.8301,-0.0389,22868.9061,14555.6824,15 ans,48 mois
2018-03-01,2640.8701,-0.0269,22254.087,14164.3602,15 ans,48 mois
2018-04-01,2648.05,0.0027,22314.5908,14202.8699,15 ans,48 mois
2018-05-01,2705.27,0.0216,22796.7721,14509.7704,15 ans,48 mois
2018-06-01,2718.3701,0.0048,22907.1641,14580.033,15 ans,48 mois
2018-07-01,2816.29,0.036,23732.3158,15105.2285,15 ans,48 mois
2018-08-01,2901.52,0.0303,24450.5318,15562.3612,15 ans,48 mois
2018-09-01,2913.98,0.0043,24555.5295,15629.1905,15 ans,48 mois
2018-10-01,2711.74,-0.0694,22851.2933,14544.4722,15 ans,48 mois
2018-11-01,2760.1699,0.0179,23259.4027,14804.2271,15 ans,48 mois
2018-12-01,2506.8501,-0.0918,21124.7269,13445.5411,15 ans,48 mois
2019-01-01,2704.1001,0.0787,22786.9134,14503.4955,15 ans,48 mois
2019-02-01,2784.49,0.0297,23464.3431,14934.6683,15 ans,48 mois
2019-03-01,2834.3999,0.0179,23884.924,15202.3611,15 ans,48 mois
2019-04-01,2945.8301,0.0393,24823.9239,15800.0191,15 ans,48 mois
2019-05-01,2752.0601,-0.0658,23191.0625,14760.7297,15 ans,48 mois
2019-06-01,2941.76,0.0689,24789.6262,15778.1892,15 ans,48 mois
2019-07-01,2980.3799,0.0131,25115.0682,15985.3277,15 ans,48 mois
2019-08-01,2926.46,-0.0181,24660.6958,15696.1271,15 ans,48 mois
2019-09-01,2976.74,0.0172,25084.3956,15965.8051,15 ans,48 mois
2019-10-01,3037.5601,0.0204,25596.9142,16292.0147,15 ans,48 mois
2019-11-01,3140.98,0.034,26468.4133,16846.7096,15 ans,48 mois
2019-12-01,3230.78,0.0286,27225.1404,17328.3539,15 ans,48 mois
2020-01-01,3225.52,-0.0016,27180.8154,17300.1418,15 ans,48 mois
2020-02-01,2954.22,-0.0841,24894.6238,15845.0185,15 ans,48 mois
2020-03-01,2584.5901,-0.1251,21779.8264,13862.5011,15 ans,48 mois
2020-04-01,2912.4299,0.1268,24542.4675,15620.8768,15 ans,48 mois
2020-05-01,3044.3101,0.0453,25653.7951,16328.2185,15 ans,48 mois
2020-06-01,3100.29,0.0184,26125.5272,16628.4682,15 ans,48 mois
2020-07-01,3271.1201,0.0551,27565.0783,17544.7188,15 ans,48 mois
2020-08-01,3500.3101,0.0701,29496.4163,18773.9837,15 ans,48 mois
2020-09-01,3363.0,-0.0392,28339.3318,18037.5184,15 ans,48 mois
2020-10-01,3269.96,-0.0277,27555.3019,17538.4963,15 ans,48 mois
2020-11-01,3621.6299,0.1075,30518.7544,19424.685,15 ans,48 mois
2020-12-01,3756.0701,0.0371,31651.6551,20145.7577,15 ans,48 mois
2021-01-01,3714.24,-0.0111,31299.1613,19921.4012,15 ans,48 mois
2021-02-01,3811.1499,0.0261,32115.8019,20441.1795,15 ans,48 mois
2021-03-01,3972.8899,0.0424,33478.7526,21308.6752,15 ans,48 mois
2021-04-01,4181.1699,0.0524,35233.8869,22425.7893,15 ans,48 mois
2021-05-01,4204.1099,0.0055,35427.1973,22548.8282,15 ans,48 mois
2021-06-01,4297.5,0.0222,36214.1774,23049.728,15 ans,48 mois
2021-07-01,4395.2598,0.0227,37037.9794,23574.0645,15 ans,48 mois
2021-08-01,4522.6802,0.029,38111.7259,24257.4865,15 ans,48 mois
2021-09-01,4307.54,-0.0476,36298.7828,23103.578,15 ans,48 mois
2021-10-01,4605.3799,0.0691,38808.6199,24701.048,15 ans,48 mois
2021-11-01,4567.0,-0.0083,38485.2002,24495.1967,15 ans,48 mois
2021-12-01,4766.1802,0.0436,40163.6519,25563.5036,15 ans,48 mois
2022-01-01,4515.5498,-0.0526,38051.6397,24219.2426,15 ans,48 mois
2022-02-01,4373.9399,-0.0314,36858.3215,23459.7152,15 ans,48 mois
2022-03-01,4530.4102,0.0358,38176.8649,24298.9464,15 ans,48 mois
2022-04-01,4131.9302,-0.088,34818.9534,22161.6909,15 ans,48 mois
2022-05-01,4132.1499,0.0001,34820.805,22162.8695,15 ans,48 mois
2022-06-01,3785.3799,-0.0839,31898.643,20302.9615,15 ans,48 mois
2022-07-01,4130.29,0.0911,34805.1323,22152.894,15 ans,48 mois
2022-08-01,3955.0,-0.0424,33327.998,21212.7224,15 ans,48 mois
2022-09-01,3585.6201,-0.0934,30215.3072,19231.5459,15 ans,48 mois
2022-10-01,3871.98,0.0799,32628.4048,20767.4428,15 ans,48 mois
2022-11-01,4080.1101,0.0538,34382.276,21883.753,15 ans,48 mois
2022-12-01,3839.5,-0.059,32354.7025,20593.2358,15 ans,48 mois
2023-01-01,4076.6001,0.0618,34352.6978,21864.927,15 ans,48 mois
2023-02-01,3970.1499,-0.0261,33455.6632,21293.9792,15 ans,48 mois
2023-03-01,4109.3101,0.0351,34628.3382,22040.3675,15 ans,48 mois
2023-04-01,4169.48,0.0146,35135.3781,22363.0901,15 ans,48 mois
2023-05-01,4179.8301,0.0025,35222.5963,22418.603,15 ans,48 mois
2023-06-01,4450.3799,0.0647,37502.4657,23869.7024,15 ans,48 mois
2023-07-01,4588.96,0.0311,38670.2524,24612.9794,15 ans,48 mois
2023-08-01,4507.6602,-0.0177,37985.1552,24176.9263,15 ans,48 mois
2023-09-01,4288.0498,-0.0487,36134.5424,22999.0417,15 ans,48 mois
2023-10-01,4193.7998,-0.022,35340.3164,22493.5299,15 ans,48 mois
2023-11-01,4567.7998,0.0892,38491.94,24499.4865,15 ans,48 mois
2023-12-01,4769.8301,0.0442,40194.4089,25583.08,15 ans,48 mois
2024-01-01,4845.6499,0.0159,40833.3275,25989.7411,15 ans,48 mois
2024-02-01,5096.27,0.0517,42945.2534,27333.9472,15 ans,48 mois
2024-03-01,5254.3501,0.031,44277.3627,28181.8129,15 ans,48 mois
2024-04-01,5035.6899,-0.0416,42434.7571,27009.0247,15 ans,48 mois
2024-05-01,5277.5098,0.048,44472.5246,28306.0302,15 ans,48 mois
2024-06-01,5460.48,0.0347,46014.3782,29287.3947,15 ans,48 mois
2024-07-01,5522.2998,0.0113,46535.3216,29618.9665,15 ans,48 mois
2024-08-01,5648.3999,0.0228,47597.942,30295.3069,15 ans,48 mois
2024-09-01,5762.48,0.0202,48559.2721,30907.1778,15 ans,48 mois
2024-10-01,5705.4502,-0.0099,48078.6935,30601.2973,15 ans,48 mois
2024-11-01,6032.3799,0.0573,50833.6649,32354.7913,15 ans,48 mois
2024-12-01,5881.6299,-0.025,49563.3247,31546.2407,15 ans,48 mois
2025-01-01,6040.5298,0.027,50902.3425,32398.5035,15 ans,48 mois
2025-02-01,5954.5,-0.0142,50177.3866,31937.081,15 ans,48 mois
2025-03-01,5611.8501,-0.0575,47289.9441,30099.2713,15 ans,48 mois
2025-04-01,5363.3599,-0.0443,45195.9663,28766.4889,15 ans,48 mois
2015-05-01,2107.3899,0.0105,10104.9138,210.519,10 ans,48 mois
2015-06-01,2063.1101,-0.021,9892.5927,414.4749,10 ans,48 mois
2015-07-01,2103.8401,0.0197,10087.8925,626.9212,10 ans,48 mois
2015-08-01,1972.1801,-0.0626,9456.584,822.2169,10 ans,48 mois
2015-09-01,1920.03,-0.0264,9206.5251,1025.0413,10 ans,48 mois
2015-10-01,2079.3601,0.083,9970.5113,1250.6628,10 ans,48 mois
2015-11-01,2080.4099,0.0005,9975.5451,1459.1013,10 ans,48 mois
2015-12-01,2043.9399,-0.0175,9800.6719,1663.7825,10 ans,48 mois
2016-01-01,1940.24,-0.0507,9303.4317,1861.546,10 ans,48 mois
2016-02-01,1932.23,-0.0041,9265.0238,2069.0192,10 ans,48 mois
2016-03-01,2059.74,0.066,9876.433,2291.1007,10 ans,48 mois
2016-04-01,2065.3,0.0027,9903.0934,2499.9964,10 ans,48 mois
2016-05-01,2096.95,0.0153,10054.8544,2711.5224,10 ans,48 mois
2016-06-01,2098.8601,0.0009,10064.0136,2920.0455,10 ans,48 mois
2016-07-01,2173.6001,0.0356,10422.3911,3135.7975,10 ans,48 mois
2016-08-01,2170.95,-0.0012,10409.6837,3343.8768,10 ans,48 mois
2016-09-01,2168.27,-0.0012,10396.8334,3551.953,10 ans,48 mois
2016-10-01,2126.1499,-0.0194,10194.8679,3756.2393,10 ans,48 mois
2016-11-01,2198.8101,0.0342,10543.2726,3971.6923,10 ans,48 mois
2016-12-01,2238.8301,0.0182,10735.1682,4183.8175,10 ans,48 mois
2017-01-01,2278.8701,0.0179,10927.1598,4395.8767,10 ans,48 mois
2017-02-01,2363.6399,0.0372,11333.6301,4611.9597,10 ans,48 mois
2017-03-01,2362.72,-0.0004,11329.219,4820.2119,10 ans,48 mois
2017-04-01,2384.2,0.0091,11432.2153,5030.4393,10 ans,48 mois
2017-05-01,2411.8,0.0116,11564.5575,5241.1843,10 ans,48 mois
2017-06-01,2423.4099,0.0048,11620.2267,5450.5205,10 ans,48 mois
2017-07-01,2470.3,0.0193,11845.0645,5662.8849,10 ans,48 mois
2017-08-01,2471.6499,0.0005,11851.537,5871.332,10 ans,48 mois
2017-09-01,2519.3601,0.0193,12080.307,6083.6868,10 ans,48 mois
2017-10-01,2575.26,0.0222,12348.3464,6296.6427,10 ans,48 mois
2017-11-01,2647.5801,0.0281,12695.1205,6510.8266,10 ans,48 mois
2017-12-01,2673.6101,0.0098,12819.9342,6721.2082,10 ans,48 mois
2018-01-01,2823.8101,0.0562,13540.1415,6941.2454,10 ans,48 mois
2018-02-01,2713.8301,-0.0389,13012.7886,7141.4647,10 ans,48 mois
2018-03-01,2640.8701,-0.0269,12662.9463,7344.1971,10 ans,48 mois
2018-04-01,2648.05,0.0027,12697.374,7553.0968,10 ans,48 mois
2018-05-01,2705.27,0.0216,12971.7432,7765.9319,10 ans,48 mois
2018-06-01,2718.3701,0.0048,13034.558,7975.2741,10 ans,48 mois
2018-07-01,2816.29,0.036,13504.0831,8191.1119,10 ans,48 mois
2018-08-01,2901.52,0.0303,13912.76,8405.7501,10 ans,48 mois
2018-09-01,2913.98,0.0043,13972.5054,8614.978,10 ans,48 mois
2018-10-01,2711.74,-0.0694,13002.7666,8808.8523,10 ans,48 mois
2018-11-01,2760.1699,0.0179,13234.9876,9020.9064,10 ans,48 mois
2018-12-01,2506.8501,-0.0918,12020.3216,9210.1195,10 ans,48 mois
2019-01-01,2704.1001,0.0787,12966.1334,9434.8454,10 ans,48 mois
2019-02-01,2784.49,0.0297,13351.6021,9649.3723,10 ans,48 mois
2019-03-01,2834.3999,0.0179,13590.9197,9861.4398,10 ans,48 mois
2019-04-01,2945.8301,0.0393,14125.2263,10077.9635,10 ans,48 mois
2019-05-01,2752.0601,-0.0658,13196.1009,9415.0579,10 ans,48 mois
2019-06-01,2941.76,0.0689,14105.7103,10064.0394,10 ans,48 mois
2019-07-01,2980.3799,0.0131,14290.8922,10196.1616,10 ans,48 mois
2019-08-01,2926.46,-0.0181,14032.3468,10011.6965,10 ans,48 mois
2019-09-01,2976.74,0.0172,14273.439,10183.7092,10 ans,48 mois
2019-10-01,3037.5601,0.0204,14565.0706,10391.7804,10 ans,48 mois
2019-11-01,3140.98,0.034,15060.9681,10745.5898,10 ans,48 mois
2019-12-01,3230.78,0.0286,15491.5585,11052.8042,10 ans,48 mois
2020-01-01,3225.52,-0.0016,15466.3368,11034.8092,10 ans,48 mois
2020-02-01,2954.22,-0.0841,14165.4557,10106.6661,10 ans,48 mois
2020-03-01,2584.5901,-0.1251,12393.0841,8842.1273,10 ans,48 mois
2020-04-01,2912.4299,0.1268,13965.0729,9963.6984,10 ans,48 mois
2020-05-01,3044.3101,0.0453,14597.4368,10414.8728,10 ans,48 mois
2020-06-01,3100.29,0.0184,14865.8603,10606.3856,10 ans,48 mois
2020-07-01,3271.1201,0.0551,15684.9888,11190.8115,10 ans,48 mois
2020-08-01,3500.3101,0.0701,16783.9523,11974.892,10 ans,48 mois
2020-09-01,3363.0,-0.0392,16125.5519,11505.1413,10 ans,48 mois
2020-10-01,3269.96,-0.0277,15679.4259,11186.8425,10 ans,48 mois
2020-11-01,3621.6299,0.1075,17365.6797,12389.9386,10 ans,48 mois
2020-12-01,3756.0701,0.0371,18010.3191,12849.8712,10 ans,48 mois
2021-01-01,3714.24,-0.0111,17809.7442,12706.7665,10 ans,48 mois
2021-02-01,3811.1499,0.0261,18274.4263,13038.3045,10 ans,48 mois
2021-03-01,3972.8899,0.0424,19049.968,13591.6323,10 ans,48 mois
2021-04-01,4181.1699,0.0524,20048.6687,14304.178,10 ans,48 mois
2021-05-01,4204.1099,0.0055,20158.6655,14382.6577,10 ans,48 mois
2021-06-01,4297.5,0.0222,20606.4703,14702.1542,10 ans,48 mois
2021-07-01,4395.2598,0.0227,21075.2274,15036.5996,10 ans,48 mois
2021-08-01,4522.6802,0.029,21686.207,15472.5169,10 ans,48 mois
2021-09-01,4307.54,-0.0476,20654.6122,14736.5021,10 ans,48 mois
2021-10-01,4605.3799,0.0691,22082.7513,15755.4404,10 ans,48 mois
2021-11-01,4567.0,-0.0083,21898.7201,15624.1392,10 ans,48 mois
2021-12-01,4766.1802,0.0436,22853.7871,16305.5534,10 ans,48 mois
2022-01-01,4515.5498,-0.0526,21652.0169,15448.1232,10 ans,48 mois
2022-02-01,4373.9399,-0.0314,20972.999,14963.6625,10 ans,48 mois
2022-03-01,4530.4102,0.0358,21723.2722,15498.9619,10 ans,48 mois
2022-04-01,4131.9302,-0.088,19812.5646,14135.7242,10 ans,48 mois
2022-05-01,4132.1499,0.0001,19813.6182,14136.4759,10 ans,48 mois
2022-06-01,3785.3799,-0.0839,18150.8593,12950.1428,10 ans,48 mois
2022-07-01,4130.29,0.0911,19804.7001,14130.1131,10 ans,48 mois
2022-08-01,3955.0,-0.0424,18964.1861,13530.4293,10 ans,48 mois
2022-09-01,3585.6201,-0.0934,17193.0132,12266.7458,10 ans,48 mois
2022-10-01,3871.98,0.0799,18566.106,13246.41,10 ans,48 mois
2022-11-01,4080.1101,0.0538,19564.0879,13958.4428,10 ans,48 mois
2022-12-01,3839.5,-0.059,18410.3648,13135.2929,10 ans,48 mois
2023-01-01,4076.6001,0.0618,19547.2574,13946.4347,10 ans,48 mois
2023-02-01,3970.1499,-0.0261,19036.8298,13582.2585,10 ans,48 mois
2023-03-01,4109.3101,0.0351,19704.1013,14058.3386,10 ans,48 mois
2023-04-01,4169.48,0.0146,19992.6155,14264.1856,10 ans,48 mois
2023-05-01,4179.8301,0.0025,20042.2441,14299.5943,10 ans,48 mois
2023-06-01,4450.3799,0.0647,21339.5278,15225.1708,10 ans,48 mois
2023-07-01,4588.96,0.0311,22004.0179,15699.2663,10 ans,48 mois
2023-08-01,4507.6602,-0.0177,21614.1861,15421.132,10 ans,48 mois
2023-09-01,4288.0498,-0.0487,20561.1567,14669.8242,10 ans,48 mois
2023-10-01,4193.7998,-0.022,20109.2288,14347.386,10 ans,48 mois
2023-11-01,4567.7998,0.0892,21902.5552,15626.8754,10 ans,48 mois
2023-12-01,4769.8301,0.0442,22871.2883,16318.0401,10 ans,48 mois
2024-01-01,4845.6499,0.0159,23234.8437,16577.4269,10 ans,48 mois
2024-02-01,5096.27,0.0517,24436.5647,17434.822,10 ans,48 mois
2024-03-01,5254.3501,0.031,25194.5571,17975.6289,10 ans,48 mois
2024-04-01,5035.6899,-0.0416,24146.0838,17227.5719,10 ans,48 mois
2024-05-01,5277.5098,0.048,25305.6075,18054.8604,10 ans,48 mois
2024-06-01,5460.48,0.0347,26182.9478,18680.8188,10 ans,48 mois
2024-07-01,5522.2998,0.0113,26479.3733,18892.3103,10 ans,48 mois
2024-08-01,5648.3999,0.0228,27084.022,19323.7106,10 ans,48 mois
2024-09-01,5762.48,0.0202,27631.0349,19713.9894,10 ans,48 mois
2024-10-01,5705.4502,-0.0099,27357.5776,19518.8851,10 ans,48 mois
2024-11-01,6032.3799,0.0573,28925.2023,20637.3425,10 ans,48 mois
2024-12-01,5881.6299,-0.025,28202.3575,20121.6125,10 ans,48 mois
2025-01-01,6040.5298,0.027,28964.281,20665.2241,10 ans,48 mois
2025-02-01,5954.5,-0.0142,28551.769,20370.908,10 ans,48 mois
2025-03-01,5611.8501,-0.0575,26908.7661,19198.6703,10 ans,48 mois
2025-04-01,5363.3599,-0.0443,25717.2578,18348.5617,10 ans,48 mois
2020-05-01,3044.3101,0.0453,10452.8182,217.767,5 ans,48 mois
2020-06-01,3100.29,0.0184,10645.0288,429.9313,5 ans,48 mois
2020-07-01,3271.1201,0.0551,11231.5839,649.7441,5 ans,48 mois
2020-08-01,3500.3101,0.0701,12018.5211,872.6742,5 ans,48 mois
2020-09-01,3363.0,-0.0392,11547.0589,1072.835,5 ans,48 mois
2020-10-01,3269.96,-0.0277,11227.6004,1275.4047,5 ans,48 mois
2020-11-01,3621.6299,0.1075,12435.0799,1506.1434,5 ans,48 mois
2020-12-01,3756.0701,0.0371,12896.6882,1722.2103,5 ans,48 mois
2021-01-01,3714.24,-0.0111,12753.0621,1928.2235,5 ans,48 mois
2021-02-01,3811.1499,0.0261,13085.808,2141.9926,5 ans,48 mois
2021-03-01,3972.8899,0.0424,13641.1518,2359.1673,5 ans,48 mois
2021-04-01,4181.1699,0.0524,14356.2936,2578.4226,5 ans,48 mois
2021-05-01,4204.1099,0.0055,14435.0593,2787.8989,5 ans,48 mois
2021-06-01,4297.5,0.0222,14755.7198,3000.8602,5 ans,48 mois
2021-07-01,4395.2598,0.0227,15091.3837,3213.9327,5 ans,48 mois
2021-08-01,4522.6802,0.029,15528.8892,3428.3057,5 ans,48 mois
2021-09-01,4307.54,-0.0476,14790.1929,3626.7288,5 ans,48 mois
2021-10-01,4605.3799,0.0691,15812.8435,3849.4671,5 ans,48 mois
2021-11-01,4567.0,-0.0083,15681.0639,4056.0642,5 ans,48 mois
2021-12-01,4766.1802,0.0436,16364.9608,4273.4836,5 ans,48 mois
2022-01-01,4515.5498,-0.0526,15504.4067,4470.8617,5 ans,48 mois
2022-02-01,4373.9399,-0.0314,15018.1808,4672.6616,5 ans,48 mois
2022-03-01,4530.4102,0.0358,15555.4306,4888.4477,5 ans,48 mois
2022-04-01,4131.9302,-0.088,14187.226,5078.4567,5 ans,48 mois
2022-05-01,4132.1499,0.0001,14187.9805,5286.8011,5 ans,48 mois
2022-06-01,3785.3799,-0.0839,12997.3252,5477.6511,5 ans,48 mois
2022-07-01,4130.29,0.0911,14181.5945,5704.967,5 ans,48 mois
2022-08-01,3955.0,-0.0424,13579.7258,5904.4586,5 ans,48 mois
2022-09-01,3585.6201,-0.0934,12311.4382,6093.3345,5 ans,48 mois
2022-10-01,3871.98,0.0799,13294.6717,6318.3061,5 ans,48 mois
2022-11-01,4080.1101,0.0538,14009.2988,6537.8379,5 ans,48 mois
2022-12-01,3839.5,-0.059,13183.1498,6733.8856,5 ans,48 mois
2023-01-01,4076.6001,0.0618,13997.2469,6955.0841,5 ans,48 mois
2023-02-01,3970.1499,-0.0261,13631.7439,7157.9773,5 ans,48 mois
2023-03-01,4109.3101,0.0351,14109.5585,7373.613,5 ans,48 mois
2023-04-01,4169.48,0.0146,14316.1555,7584.9969,5 ans,48 mois
2023-05-01,4179.8301,0.0025,14351.6932,7793.8474,5 ans,48 mois
2023-06-01,4450.3799,0.0647,15280.6419,8015.6656,5 ans,48 mois
2023-07-01,4588.96,0.0311,15756.4648,8230.4862,5 ans,48 mois
2023-08-01,4507.6602,-0.0177,15477.3171,8435.1286,5 ans,48 mois
2023-09-01,4288.0498,-0.0487,14723.272,8633.3121,5 ans,48 mois
2023-10-01,4193.7998,-0.022,14399.6591,8837.0663,5 ans,48 mois
2023-11-01,4567.7998,0.0892,15683.8101,9063.9787,5 ans,48 mois
2023-12-01,4769.8301,0.0442,16377.493,9281.5264,5 ans,48 mois
2024-01-01,4845.6499,0.0159,16637.8248,9493.1713,5 ans,48 mois
2024-02-01,5096.27,0.0517,17498.3438,9712.2798,5 ans,48 mois
2024-03-01,5254.3501,0.031,18041.1211,9927.0754,5 ans,48 mois
2024-04-01,5035.6899,-0.0416,17290.3385,10126.7389,5 ans,48 mois
2024-05-01,5277.5098,0.048,18120.6411,10613.037,5 ans,48 mois
2024-06-01,5460.48,0.0347,18748.8802,10980.9889,5 ans,48 mois
2024-07-01,5522.2998,0.0113,18961.1422,11105.3081,5 ans,48 mois
2024-08-01,5648.3999,0.0228,19394.1143,11358.8946,5 ans,48 mois
2024-09-01,5762.48,0.0202,19785.815,11588.3088,5 ans,48 mois
2024-10-01,5705.4502,-0.0099,19589.9999,11473.6223,5 ans,48 mois
2024-11-01,6032.3799,0.0573,20712.5322,12131.0758,5 ans,48 mois
2024-12-01,5881.6299,-0.025,20194.9232,11827.9185,5 ans,48 mois
2025-01-01,6040.5298,0.027,20740.5154,12147.4652,5 ans,48 mois
2025-02-01,5954.5,-0.0142,20445.1271,11974.4598,5 ans,48 mois
2025-03-01,5611.8501,-0.0575,19268.6184,11285.3932,5 ans,48 mois
2025-04-01,5363.3599,-0.0443,18415.4125,10785.681,5 ans,48 mois
