Nom_Entreprise,Ticker,Ticker_Yahoo_Finance,Ponderation,Secteur_Activite,Nom_Indice,Ticker_Indice_Yahoo,Pays,Place_Boursiere,Nombres_Entreprises,Capitalisation_Boursiere
Apple Inc.,AAPL,AAPL,11.92,Technology,NASDAQ 100,^NDX,United States,NMS,100,3149833961472.0
NVIDIA Corporation,NVDA,NVDA,10.67,Technology,NASDAQ 100,^NDX,United States,NMS,100,2820151967744.0
Microsoft Corporation,MSFT,MSFT,10.66,Technology,NASDAQ 100,^NDX,United States,NMS,100,2815768395776.0
"Amazon.com, Inc.",AMZN,AMZN,7.78,Consumer Cyclical,NASDAQ 100,^NDX,United States,NMS,100,2054787956736.0
Alphabet Inc.,GOOGL,GOOGL,7.55,Communication Services,NASDAQ 100,^NDX,United States,NMS,100,1994867867648.0
Alphabet Inc.,GOOG,GOOG,7.55,Communication Services,NASDAQ 100,^NDX,United States,NMS,100,1994880319488.0
"Meta Platforms, Inc.",META,META,5.66,Communication Services,NASDAQ 100,^NDX,United States,NMS,100,1496480874496.0
Broadcom Inc.,AVGO,AVGO,3.41,Technology,NASDAQ 100,^NDX,United States,NMS,100,899765174272.0
"Tesla, Inc.",TSLA,TSLA,2.93,Consumer Cyclical,NASDAQ 100,^NDX,United States,NMS,100,774151995392.0
Costco Wholesale Corporation,COST,COST,1.5,Consumer Defensive,NASDAQ 100,^NDX,United States,NMS,100,395152949248.0
"Netflix, Inc.",NFLX,NFLX,1.44,Communication Services,NASDAQ 100,^NDX,United States,NMS,100,380776448000.0
"T-Mobile US, Inc.",TMUS,TMUS,1.12,Communication Services,NASDAQ 100,^NDX,United States,NMS,100,295824850944.0
ASML Holding N.V. - New York Re,ASML,ASML,1.05,Technology,NASDAQ 100,^NDX,Netherlands,NMS,100,276986527744.0
Astrazeneca PLC,AZN,AZN,0.9,Healthcare,NASDAQ 100,^NDX,United Kingdom,NMS,100,237206257664.0
"Cisco Systems, Inc.",CSCO,CSCO,0.9,Technology,NASDAQ 100,^NDX,United States,NMS,100,237384548352.0
Linde plc,LIN,LIN,0.81,Basic Materials,NASDAQ 100,^NDX,United Kingdom,NMS,100,214352101376.0
"Pepsico, Inc.",PEP,PEP,0.77,Consumer Defensive,NASDAQ 100,^NDX,United States,NMS,100,203448303616.0
Palantir Technologies Inc.,PLTR,PLTR,0.71,Technology,NASDAQ 100,^NDX,United States,NMS,100,186737557504.0
"Intuitive Surgical, Inc.",ISRG,ISRG,0.64,Healthcare,NASDAQ 100,^NDX,United States,NMS,100,170046914560.0
QUALCOMM Incorporated,QCOM,QCOM,0.64,Technology,NASDAQ 100,^NDX,United States,NMS,100,168045641728.0
Amgen Inc.,AMGN,AMGN,0.64,Healthcare,NASDAQ 100,^NDX,United States,NMS,100,167951777792.0
PDD Holdings Inc.,PDD,PDD,0.62,Consumer Cyclical,NASDAQ 100,^NDX,Ireland,NMS,100,164930338816.0
Adobe Inc.,ADBE,ADBE,0.62,Technology,NASDAQ 100,^NDX,United States,NMS,100,164321476608.0
Intuit Inc.,INTU,INTU,0.62,Technology,NASDAQ 100,^NDX,United States,NMS,100,162514976768.0
"Advanced Micro Devices, Inc.",AMD,AMD,0.6,Technology,NASDAQ 100,^NDX,United States,NMS,100,158985289728.0
Texas Instruments Incorporated,TXN,TXN,0.6,Technology,NASDAQ 100,^NDX,United States,NMS,100,157961781248.0
"Gilead Sciences, Inc.",GILD,GILD,0.53,Healthcare,NASDAQ 100,^NDX,United States,NMS,100,141160415232.0
Booking Holdings Inc. Common St,BKNG,BKNG,0.53,Consumer Cyclical,NASDAQ 100,^NDX,United States,NMS,100,140954402816.0
Honeywell International Inc.,HON,HON,0.51,Industrials,NASDAQ 100,^NDX,United States,NMS,100,134331752448.0
Comcast Corporation,CMCSA,CMCSA,0.5,Communication Services,NASDAQ 100,^NDX,United States,NMS,100,131201392640.0
Vertex Pharmaceuticals Incorpor,VRTX,VRTX,0.49,Healthcare,NASDAQ 100,^NDX,United States,NMS,100,129144832000.0
"Applied Materials, Inc.",AMAT,AMAT,0.46,Technology,NASDAQ 100,^NDX,United States,NMS,100,121825525760.0
"Automatic Data Processing, Inc.",ADP,ADP,0.45,Technology,NASDAQ 100,^NDX,United States,NMS,100,118216368128.0
Arm Holdings plc,ARM,ARM,0.45,Technology,NASDAQ 100,^NDX,United Kingdom,NMS,100,118100705280.0
"Palo Alto Networks, Inc.",PANW,PANW,0.44,Technology,NASDAQ 100,^NDX,United States,NMS,100,116741472256.0
Starbucks Corporation,SBUX,SBUX,0.41,Consumer Cyclical,NASDAQ 100,^NDX,United States,NMS,100,109094715392.0
"Micron Technology, Inc.",MU,MU,0.4,Technology,NASDAQ 100,^NDX,United States,NMS,100,105712443392.0
Intel Corporation,INTC,INTC,0.39,Technology,NASDAQ 100,^NDX,United States,NMS,100,102621003776.0
"Analog Devices, Inc.",ADI,ADI,0.38,Technology,NASDAQ 100,^NDX,United States,NMS,100,101079908352.0
"MercadoLibre, Inc.",MELI,MELI,0.38,Consumer Cyclical,NASDAQ 100,^NDX,Uruguay,NMS,100,100872617984.0
Lam Research Corporation,LRCX,LRCX,0.37,Technology,NASDAQ 100,^NDX,United States,NMS,100,96608256000.0
Applovin Corporation,APP,APP,0.35,Technology,NASDAQ 100,^NDX,United States,NMS,100,92468576256.0
KLA Corporation,KLAC,KLAC,0.34,Technology,NASDAQ 100,^NDX,United States,NMS,100,90562494464.0
"Mondelez International, Inc.",MDLZ,MDLZ,0.32,Consumer Defensive,NASDAQ 100,^NDX,United States,NMS,100,83678453760.0
"CrowdStrike Holdings, Inc.",CRWD,CRWD,0.31,Technology,NASDAQ 100,^NDX,United States,NMS,100,82425208832.0
Cintas Corporation,CTAS,CTAS,0.29,Industrials,NASDAQ 100,^NDX,United States,NMS,100,76907413504.0
"Airbnb, Inc.",ABNB,ABNB,0.28,Consumer Cyclical,NASDAQ 100,^NDX,United States,NMS,100,74175569920.0
"DoorDash, Inc.",DASH,DASH,0.28,Communication Services,NASDAQ 100,^NDX,United States,NMS,100,74898915328.0
"Regeneron Pharmaceuticals, Inc.",REGN,REGN,0.28,Healthcare,NASDAQ 100,^NDX,United States,NMS,100,74407690240.0
"O'Reilly Automotive, Inc.",ORLY,ORLY,0.28,Consumer Cyclical,NASDAQ 100,^NDX,United States,NMS,100,73852182528.0
"Fortinet, Inc.",FTNT,FTNT,0.27,Technology,NASDAQ 100,^NDX,United States,NMS,100,71837548544.0
MicroStrategy Incorporated,MSTR,MSTR,0.26,Technology,NASDAQ 100,^NDX,United States,NMS,100,68557910016.0
"Synopsys, Inc.",SNPS,SNPS,0.25,Technology,NASDAQ 100,^NDX,United States,NMS,100,66267037696.0
"Cadence Design Systems, Inc.",CDNS,CDNS,0.25,Technology,NASDAQ 100,^NDX,United States,NMS,100,66213527552.0
"PayPal Holdings, Inc.",PYPL,PYPL,0.25,Financial Services,NASDAQ 100,^NDX,United States,NMS,100,66190184448.0
Constellation Energy Corporatio,CEG,CEG,0.25,Utilities,NASDAQ 100,^NDX,United States,NMS,100,65657200640.0
Marriott International,MAR,MAR,0.25,Consumer Cyclical,NASDAQ 100,^NDX,United States,NMS,100,65419665408.0
"Workday, Inc.",WDAY,WDAY,0.24,Technology,NASDAQ 100,^NDX,United States,NMS,100,63100518400.0
"Roper Technologies, Inc.",ROP,ROP,0.23,Technology,NASDAQ 100,^NDX,United States,NMS,100,60444868608.0
"Marvell Technology, Inc.",MRVL,MRVL,0.23,Technology,NASDAQ 100,^NDX,United States,NMS,100,59550564352.0
American Electric Power Company,AEP,AEP,0.21,Utilities,NASDAQ 100,^NDX,United States,NMS,100,55632052224.0
CSX Corporation,CSX,CSX,0.21,Industrials,NASDAQ 100,^NDX,United States,NMS,100,55190278144.0
"Charter Communications, Inc.",CHTR,CHTR,0.19,Communication Services,NASDAQ 100,^NDX,United States,NMS,100,49028837376.0
Atlassian Corporation,TEAM,TEAM,0.21,Technology,NASDAQ 100,^NDX,Australia,NMS,100,54496002048.0
Monster Beverage Corporation,MNST,MNST,0.2,Consumer Defensive,NASDAQ 100,^NDX,United States,NMS,100,52881457152.0
"Autodesk, Inc.",ADSK,ADSK,0.2,Technology,NASDAQ 100,^NDX,United States,NMS,100,52596088832.0
"Paychex, Inc.",PAYX,PAYX,0.2,Technology,NASDAQ 100,^NDX,United States,NMS,100,51690643456.0
PACCAR Inc.,PCAR,PCAR,0.2,Industrials,NASDAQ 100,^NDX,United States,NMS,100,51651112960.0
NXP Semiconductors N.V.,NXPI,NXPI,0.19,Technology,NASDAQ 100,^NDX,Netherlands,NMS,100,50982694912.0
"Copart, Inc.",CPRT,CPRT,0.19,Industrials,NASDAQ 100,^NDX,United States,NMS,100,50526662656.0
Keurig Dr Pepper Inc.,KDP,KDP,0.17,Consumer Defensive,NASDAQ 100,^NDX,United States,NMS,100,44921991168.0
Exelon Corporation,EXC,EXC,0.17,Utilities,NASDAQ 100,^NDX,United States,NMS,100,43696914432.0
Fastenal Company,FAST,FAST,0.16,Industrials,NASDAQ 100,^NDX,United States,NMS,100,42257604608.0
"Diamondback Energy, Inc.",FANG,FANG,0.16,Energy,NASDAQ 100,^NDX,United States,NMS,100,42200498176.0
Baker Hughes Company,BKR,BKR,0.16,Energy,NASDAQ 100,^NDX,United States,NMS,100,41327276032.0
"Axon Enterprise, Inc.",AXON,AXON,0.16,Industrials,NASDAQ 100,^NDX,United States,NMS,100,40959750144.0
"Ross Stores, Inc.",ROST,ROST,0.15,Consumer Cyclical,NASDAQ 100,^NDX,United States,NMS,100,40680247296.0
"Verisk Analytics, Inc.",VRSK,VRSK,0.15,Industrials,NASDAQ 100,^NDX,United States,NMS,100,40609902592.0
Xcel Energy Inc.,XEL,XEL,0.15,Utilities,NASDAQ 100,^NDX,United States,NMS,100,39451684864.0
lululemon athletica inc.,LULU,LULU,0.14,Consumer Cyclical,NASDAQ 100,^NDX,Canada,NMS,100,37714067456.0
Cognizant Technology Solutions ,CTSH,CTSH,0.15,Technology,NASDAQ 100,^NDX,United States,NMS,100,38748217344.0
Coca-Cola Europacific Partners ,CCEP,CCEP,0.14,Consumer Defensive,NASDAQ 100,^NDX,United Kingdom,NMS,100,37997809664.0
GE HealthCare Technologies Inc.,GEHC,GEHC,0.14,Healthcare,NASDAQ 100,^NDX,United States,NMS,100,37246918656.0
The Kraft Heinz Company,KHC,KHC,0.14,Consumer Defensive,NASDAQ 100,^NDX,United States,NMS,100,36076748800.0
"Take-Two Interactive Software, ",TTWO,TTWO,0.14,Communication Services,NASDAQ 100,^NDX,United States,NMS,100,35939880960.0
Electronic Arts Inc.,EA,EA,0.14,Communication Services,NASDAQ 100,^NDX,United States,NMS,100,35892310016.0
"Old Dominion Freight Line, Inc.",ODFL,ODFL,0.13,Industrials,NASDAQ 100,^NDX,United States,NMS,100,34640580608.0
"Datadog, Inc.",DDOG,DDOG,0.13,Technology,NASDAQ 100,^NDX,United States,NMS,100,33823950848.0
"IDEXX Laboratories, Inc.",IDXX,IDXX,0.13,Healthcare,NASDAQ 100,^NDX,United States,NMS,100,33042835456.0
"CoStar Group, Inc.",CSGP,CSGP,0.12,Real Estate,NASDAQ 100,^NDX,United States,NMS,100,31817801728.0
"Zscaler, Inc.",ZS,ZS,0.11,Technology,NASDAQ 100,^NDX,United States,NMS,100,29332764672.0
Microchip Technology Incorporat,MCHP,MCHP,0.11,Technology,NASDAQ 100,^NDX,United States,NMS,100,27907428352.0
"ANSYS, Inc.",ANSS,ANSS,0.11,Technology,NASDAQ 100,^NDX,United States,NMS,100,27834705920.0
"DexCom, Inc.",DXCM,DXCM,0.1,Healthcare,NASDAQ 100,^NDX,United States,NMS,100,26760067072.0
"The Trade Desk, Inc.",TTD,TTD,0.1,Technology,NASDAQ 100,^NDX,United States,NGM,100,26729275392.0
"Warner Bros. Discovery, Inc. - ",WBD,WBD,0.09,Communication Services,NASDAQ 100,^NDX,United States,NMS,100,24277575680.0
CDW Corporation,CDW,CDW,0.08,Technology,NASDAQ 100,^NDX,United States,NMS,100,21662441472.0
Biogen Inc.,BIIB,BIIB,0.08,Healthcare,NASDAQ 100,^NDX,United States,NMS,100,20489572352.0
GlobalFoundries Inc.,GFS,GFS,0.08,Technology,NASDAQ 100,^NDX,United States,NMS,100,20188485632.0
ON Semiconductor Corporation,ON,ON,0.07,Technology,NASDAQ 100,^NDX,United States,NMS,100,17762895872.0
Coloplast B A/S,COLO-B,COLO-B.CO,3.33,Healthcare,OMX Copenhagen 25,^OMXC25,Denmark,CPH,25,163841818624.0
GN Store Nord A/S,GN,GN.CO,0.35,Healthcare,OMX Copenhagen 25,^OMXC25,Denmark,CPH,25,17211455488.0
Vestas Wind Systems A/S,VWS,VWS.CO,2.13,Industrials,OMX Copenhagen 25,^OMXC25,Denmark,CPH,25,104824971264.0
Novo Nordisk B A/S,NOVO-B,NOVO-B.CO,47.15,Healthcare,OMX Copenhagen 25,^OMXC25,Denmark,CPH,25,2317627949056.0
Ambu A/S,AMBU-B,AMBU-B.CO,0.65,Healthcare,OMX Copenhagen 25,^OMXC25,Denmark,CPH,25,32033396736.0
Pandora A/S,PNDORA,PNDORA.CO,1.77,Consumer Cyclical,OMX Copenhagen 25,^OMXC25,Denmark,CPH,25,86879576064.0
DSV A/S,DSV,DSV.CO,6.71,Industrials,OMX Copenhagen 25,^OMXC25,Denmark,CPH,25,329862774784.0
Demant A/S,DEMANT,DEMANT.CO,1.09,Healthcare,OMX Copenhagen 25,^OMXC25,Denmark,CPH,25,53423910912.0
Tryg A/S,TRYG,TRYG.CO,1.98,Financial Services,OMX Copenhagen 25,^OMXC25,Denmark,CPH,25,97364271104.0
Novonesis (Novozymes A/S) B,NSIS-B,NSIS-B.CO,3.9,Basic Materials,OMX Copenhagen 25,^OMXC25,Denmark,CPH,25,191779028992.0
Royal UNIBREW A/S,RBREW,RBREW.CO,0.56,Consumer Defensive,OMX Copenhagen 25,^OMXC25,Denmark,CPH,25,27372810240.0
Bavarian Nordic A/S,BAVA,BAVA.CO,0.26,Healthcare,OMX Copenhagen 25,^OMXC25,Denmark,CPH,25,12869823488.0
Jyske Bank A/S,JYSK,JYSK.CO,0.73,Financial Services,OMX Copenhagen 25,^OMXC25,Denmark,CPH,25,35962933248.0
Danske Bank A/S,DANSKE,DANSKE.CO,4.05,Financial Services,OMX Copenhagen 25,^OMXC25,Denmark,CPH,25,198889979904.0
Nordea Bank Abp,NDA-DK,NDA-DK.CO,6.92,Financial Services,OMX Copenhagen 25,^OMXC25,Finland,CPH,25,340273856512.0
ORSTED A/S,ORSTED,ORSTED.CO,2.72,Utilities,OMX Copenhagen 25,^OMXC25,Denmark,CPH,25,133550678016.0
ISS A/S,ISS,ISS.CO,0.59,Industrials,OMX Copenhagen 25,^OMXC25,Denmark,CPH,25,28849461248.0
Sydbank A/S,SYDB,SYDB.CO,0.47,Financial Services,OMX Copenhagen 25,^OMXC25,Denmark,CPH,25,22961950720.0
NKT A/S,NKT,NKT.CO,0.55,Industrials,OMX Copenhagen 25,^OMXC25,Denmark,CPH,25,27022542848.0
A.P. Møller - Mærsk B A/S,MAERSK-B,MAERSK-B.CO,3.79,Industrials,OMX Copenhagen 25,^OMXC25,Denmark,CPH,25,186139951104.0
A.P. Møller - Mærsk A A/S,MAERSK-A,MAERSK-A.CO,3.78,Industrials,OMX Copenhagen 25,^OMXC25,Denmark,CPH,25,186038648832.0
Zealand Pharma A/S,ZEAL,ZEAL.CO,0.84,Healthcare,OMX Copenhagen 25,^OMXC25,Denmark,CPH,25,41189183488.0
Carlsberg B A/S,CARL-B,CARL-B.CO,2.5,Consumer Defensive,OMX Copenhagen 25,^OMXC25,Denmark,CPH,25,122731913216.0
Rockwool A/S ser. B,ROCK-B,ROCK-B.CO,1.36,Industrials,OMX Copenhagen 25,^OMXC25,Denmark,CPH,25,67074318336.0
Genmab A/S,GMAB,GMAB.CO,1.83,Healthcare,OMX Copenhagen 25,^OMXC25,Denmark,CPH,25,89923534848.0
Non disponible,BRK,BRK.B,,Non disponible,S&P 500,^GSPC,Non disponible,Non disponible,503,
Eli Lilly and Company,LLY,LLY,1.43,Healthcare,S&P 500,^GSPC,United States,NYQ,503,720018014208.0
Walmart Inc.,WMT,WMT,1.34,Consumer Defensive,S&P 500,^GSPC,United States,NYQ,503,678821429248.0
Visa Inc.,V,V,1.26,Financial Services,S&P 500,^GSPC,United States,NYQ,503,633776242688.0
JP Morgan Chase & Co.,JPM,JPM,1.25,Financial Services,S&P 500,^GSPC,United States,NYQ,503,629656059904.0
Mastercard Incorporated,MA,MA,0.94,Financial Services,S&P 500,^GSPC,United States,NYQ,503,473933217792.0
Exxon Mobil Corporation,XOM,XOM,0.93,Energy,S&P 500,^GSPC,United States,NYQ,503,471534338048.0
UnitedHealth Group Incorporated,UNH,UNH,0.87,Healthcare,S&P 500,^GSPC,United States,NYQ,503,440452120576.0
Oracle Corporation,ORCL,ORCL,0.82,Technology,S&P 500,^GSPC,United States,NYQ,503,414072602624.0
Procter & Gamble Company (The),PG,PG,0.78,Consumer Defensive,S&P 500,^GSPC,United States,NYQ,503,395318231040.0
Johnson & Johnson,JNJ,JNJ,0.78,Healthcare,S&P 500,^GSPC,United States,NYQ,503,392781496320.0
AbbVie Inc.,ABBV,ABBV,0.74,Healthcare,S&P 500,^GSPC,United States,NYQ,503,373459812352.0
"Home Depot, Inc. (The)",HD,HD,0.68,Consumer Cyclical,S&P 500,^GSPC,United States,NYQ,503,344945295360.0
Bank of America Corporation,BAC,BAC,0.6,Financial Services,S&P 500,^GSPC,United States,NYQ,503,301603061760.0
Coca-Cola Company (The),KO,KO,0.59,Consumer Defensive,S&P 500,^GSPC,United States,NYQ,503,299435655168.0
Chevron Corporation,CVX,CVX,0.54,Energy,S&P 500,^GSPC,United States,NYQ,503,270445772800.0
"Salesforce, Inc.",CRM,CRM,0.52,Technology,S&P 500,^GSPC,United States,NYQ,503,261142134784.0
"Merck & Company, Inc.",MRK,MRK,0.47,Healthcare,S&P 500,^GSPC,United States,NYQ,503,239241248768.0
Philip Morris International Inc,PM,PM,0.46,Consumer Defensive,S&P 500,^GSPC,United States,NYQ,503,233990897664.0
International Business Machines,IBM,IBM,0.45,Technology,S&P 500,^GSPC,United States,NYQ,503,227921494016.0
Abbott Laboratories,ABT,ABT,0.45,Healthcare,S&P 500,^GSPC,United States,NYQ,503,225270824960.0
Wells Fargo & Company,WFC,WFC,0.45,Financial Services,S&P 500,^GSPC,United States,NYQ,503,225109475328.0
McDonald's Corporation,MCD,MCD,0.42,Consumer Cyclical,S&P 500,^GSPC,United States,NYQ,503,212552138752.0
GE Aerospace,GE,GE,0.41,Industrials,S&P 500,^GSPC,United States,NYQ,503,206522449920.0
Accenture plc,ACN,ACN,0.39,Technology,S&P 500,^GSPC,Ireland,NYQ,503,198320947200.0
Thermo Fisher Scientific Inc,TMO,TMO,0.38,Healthcare,S&P 500,^GSPC,United States,NYQ,503,191988121600.0
AT&T Inc.,T,T,0.37,Communication Services,S&P 500,^GSPC,United States,NYQ,503,187278721024.0
Verizon Communications Inc.,VZ,VZ,0.36,Communication Services,S&P 500,^GSPC,United States,NYQ,503,184005984256.0
American Express Company,AXP,AXP,0.36,Financial Services,S&P 500,^GSPC,United States,NYQ,503,180150272000.0
Morgan Stanley,MS,MS,0.36,Financial Services,S&P 500,^GSPC,United States,NYQ,503,180124205056.0
Walt Disney Company (The),DIS,DIS,0.35,Communication Services,S&P 500,^GSPC,United States,NYQ,503,175120613376.0
RTX Corporation,RTX,RTX,0.34,Industrials,S&P 500,^GSPC,United States,NYQ,503,172493635584.0
"ServiceNow, Inc.",NOW,NOW,0.33,Technology,S&P 500,^GSPC,United States,NYQ,503,167588986880.0
Blackstone Inc.,BX,BX,0.33,Financial Services,S&P 500,^GSPC,United States,NYQ,503,166383648768.0
Progressive Corporation (The),PGR,PGR,0.32,Financial Services,S&P 500,^GSPC,United States,NYQ,503,163786506240.0
"Goldman Sachs Group, Inc. (The)",GS,GS,0.32,Financial Services,S&P 500,^GSPC,United States,NYQ,503,163761192960.0
"Caterpillar, Inc.",CAT,CAT,0.32,Industrials,S&P 500,^GSPC,United States,NYQ,503,159299518464.0
"NextEra Energy, Inc.",NEE,NEE,0.3,Utilities,S&P 500,^GSPC,United States,NYQ,503,149607792640.0
S&P Global Inc.,SPGI,SPGI,0.29,Financial Services,S&P 500,^GSPC,United States,NYQ,503,147697827840.0
Danaher Corporation,DHR,DHR,0.29,Healthcare,S&P 500,^GSPC,United States,NYQ,503,145865162752.0
"Uber Technologies, Inc.",UBER,UBER,0.29,Technology,S&P 500,^GSPC,United States,NYQ,503,145207099392.0
"Pfizer, Inc.",PFE,PFE,0.29,Healthcare,S&P 500,^GSPC,United States,NYQ,503,145189126144.0
Union Pacific Corporation,UNP,UNP,0.28,Industrials,S&P 500,^GSPC,United States,NYQ,503,141578174464.0
Boston Scientific Corporation,BSX,BSX,0.28,Healthcare,S&P 500,^GSPC,United States,NYQ,503,140745146368.0
"BlackRock, Inc.",BLK,BLK,0.28,Financial Services,S&P 500,^GSPC,United States,NYQ,503,139799117824.0
Stryker Corporation,SYK,SYK,0.27,Healthcare,S&P 500,^GSPC,United States,NYQ,503,138765025280.0
Charles Schwab Corporation (The,SCHW,SCHW,0.26,Financial Services,S&P 500,^GSPC,United States,NYQ,503,133315534848.0
"TJX Companies, Inc. (The)",TJX,TJX,0.25,Consumer Cyclical,S&P 500,^GSPC,United States,NYQ,503,126816485376.0
Deere & Company,DE,DE,0.25,Industrials,S&P 500,^GSPC,United States,NYQ,503,126774771712.0
"Citigroup, Inc.",C,C,0.25,Financial Services,S&P 500,^GSPC,United States,NYQ,503,126693597184.0
"Lowe's Companies, Inc.",LOW,LOW,0.25,Consumer Cyclical,S&P 500,^GSPC,United States,NYQ,503,124689604608.0
ConocoPhillips,COP,COP,0.24,Energy,S&P 500,^GSPC,United States,NYQ,503,122390241280.0
Bristol-Myers Squibb Company,BMY,BMY,0.24,Healthcare,S&P 500,^GSPC,United States,NYQ,503,122326802432.0
Boeing Company (The),BA,BA,0.24,Industrials,S&P 500,^GSPC,United States,NYQ,503,119873486848.0
Medtronic plc.,MDT,MDT,0.23,Healthcare,S&P 500,^GSPC,Ireland,NYQ,503,118416924672.0
"Fiserv, Inc.",FI,FI,0.23,Technology,S&P 500,^GSPC,United States,NYQ,503,117561982976.0
Chubb Limited,CB,CB,0.23,Financial Services,S&P 500,^GSPC,Switzerland,NYQ,503,115623133184.0
"Marsh & McLennan Companies, Inc",MMC,MMC,0.22,Financial Services,S&P 500,^GSPC,United States,NYQ,503,112930668544.0
"Eaton Corporation, PLC",ETN,ETN,0.22,Industrials,S&P 500,^GSPC,Ireland,NYQ,503,111210405888.0
Lockheed Martin Corporation,LMT,LMT,0.22,Industrials,S&P 500,^GSPC,United States,NYQ,503,110144167936.0
"Nike, Inc.",NKE,NKE,0.21,Consumer Cyclical,S&P 500,^GSPC,United States,NYQ,503,107444002816.0
"Prologis, Inc.",PLD,PLD,0.2,Real Estate,S&P 500,^GSPC,United States,NYQ,503,102288277504.0
"Arista Networks, Inc.",ANET,ANET,0.2,Technology,S&P 500,^GSPC,United States,NYQ,503,101066153984.0
"Altria Group, Inc.",MO,MO,0.2,Consumer Defensive,S&P 500,^GSPC,United States,NYQ,503,98988138496.0
"United Parcel Service, Inc.",UPS,UPS,0.2,Industrials,S&P 500,^GSPC,United States,NYQ,503,98426249216.0
Southern Company (The),SO,SO,0.19,Utilities,S&P 500,^GSPC,United States,NYQ,503,98306179072.0
Intercontinental Exchange Inc.,ICE,ICE,0.19,Financial Services,S&P 500,^GSPC,United States,NYQ,503,97181925376.0
American Tower Corporation (REI,AMT,AMT,0.19,Real Estate,S&P 500,^GSPC,United States,NYQ,503,97123540992.0
KKR & Co. Inc.,KKR,KKR,0.2,Financial Services,S&P 500,^GSPC,United States,NYQ,503,100301201408.0
"Elevance Health, Inc.",ELV,ELV,0.19,Healthcare,S&P 500,^GSPC,United States,NYQ,503,94862622720.0
CME Group Inc.,CME,CME,0.18,Financial Services,S&P 500,^GSPC,United States,NMS,503,93352722432.0
Welltower Inc.,WELL,WELL,0.19,Real Estate,S&P 500,^GSPC,United States,NYQ,503,93560430592.0
Duke Energy Corporation (Holdin,DUK,DUK,0.18,Utilities,S&P 500,^GSPC,United States,NYQ,503,91785453568.0
"Waste Management, Inc.",WM,WM,0.18,Industrials,S&P 500,^GSPC,United States,NYQ,503,89752068096.0
Sherwin-Williams Company (The),SHW,SHW,0.17,Basic Materials,S&P 500,^GSPC,United States,NYQ,503,86041575424.0
The Cigna Group,CI,CI,0.17,Healthcare,S&P 500,^GSPC,United States,NYQ,503,85384798208.0
Aon plc,AON,AON,0.17,Financial Services,S&P 500,^GSPC,Ireland,NYQ,503,85147590656.0
CVS Health Corporation,CVS,CVS,0.16,Healthcare,S&P 500,^GSPC,United States,NYQ,503,82897600512.0
GE Vernova Inc.,GEV,GEV,0.16,Utilities,S&P 500,^GSPC,United States,NYQ,503,82836512768.0
Arthur J. Gallagher & Co.,AJG,AJG,0.16,Financial Services,S&P 500,^GSPC,United States,NYQ,503,82229895168.0
"Equinix, Inc.",EQIX,EQIX,0.16,Real Estate,S&P 500,^GSPC,United States,NMS,503,81170022400.0
McKesson Corporation,MCK,MCK,0.16,Healthcare,S&P 500,^GSPC,United States,NYQ,503,80671096832.0
3M Company,MMM,MMM,0.16,Industrials,S&P 500,^GSPC,United States,NYQ,503,79317688320.0
Moody's Corporation,MCO,MCO,0.16,Financial Services,S&P 500,^GSPC,United States,NYQ,503,78755397632.0
"HCA Healthcare, Inc.",HCA,HCA,0.15,Healthcare,S&P 500,^GSPC,United States,NYQ,503,78175584256.0
Parker-Hannifin Corporation,PH,PH,0.15,Industrials,S&P 500,^GSPC,United States,NYQ,503,76183814144.0
Trane Technologies plc,TT,TT,0.15,Industrials,S&P 500,^GSPC,Ireland,NYQ,503,76012224512.0
Amphenol Corporation,APH,APH,0.15,Technology,S&P 500,^GSPC,United States,NYQ,503,74626744320.0
Transdigm Group Incorporated,TDG,TDG,0.15,Industrials,S&P 500,^GSPC,United States,NYQ,503,74604855296.0
"Apollo Global Management, Inc. ",APO,APO,0.15,Financial Services,S&P 500,^GSPC,United States,NYQ,503,74299318272.0
Illinois Tool Works Inc.,ITW,ITW,0.15,Industrials,S&P 500,^GSPC,United States,NYQ,503,73483591680.0
Colgate-Palmolive Company,CL,CL,0.15,Consumer Defensive,S&P 500,^GSPC,United States,NYQ,503,73460236288.0
Zoetis Inc.,ZTS,ZTS,0.14,Healthcare,S&P 500,^GSPC,United States,NYQ,503,71673585664.0
"Republic Services, Inc.",RSG,RSG,0.14,Industrials,S&P 500,^GSPC,United States,NYQ,503,71600701440.0
Ecolab Inc.,ECL,ECL,0.14,Basic Materials,S&P 500,^GSPC,United States,NYQ,503,71063371776.0
Northrop Grumman Corporation,NOC,NOC,0.14,Industrials,S&P 500,^GSPC,United States,NYQ,503,71015841792.0
General Dynamics Corporation,GD,GD,0.14,Industrials,S&P 500,^GSPC,United States,NYQ,503,70604873728.0
"Motorola Solutions, Inc.",MSI,MSI,0.14,Technology,S&P 500,^GSPC,United States,NYQ,503,69131943936.0
"Williams Companies, Inc. (The)",WMB,WMB,0.14,Energy,S&P 500,^GSPC,United States,NYQ,503,68504207360.0
"EOG Resources, Inc.",EOG,EOG,0.13,Energy,S&P 500,^GSPC,United States,NYQ,503,67074899968.0
"PNC Financial Services Group, I",PNC,PNC,0.13,Financial Services,S&P 500,^GSPC,United States,NYQ,503,66818433024.0
"Chipotle Mexican Grill, Inc.",CMG,CMG,0.13,Consumer Cyclical,S&P 500,^GSPC,United States,NYQ,503,66045718528.0
"Air Products and Chemicals, Inc",APD,APD,0.13,Basic Materials,S&P 500,^GSPC,United States,NYQ,503,65152098304.0
Dell Technologies Inc.,DELL,DELL,0.13,Technology,S&P 500,^GSPC,United States,NYQ,503,64502829056.0
"Becton, Dickinson and Company",BDX,BDX,0.13,Healthcare,S&P 500,^GSPC,United States,NYQ,503,63970807808.0
U.S. Bancorp,USB,USB,0.13,Financial Services,S&P 500,^GSPC,United States,NYQ,503,63753764864.0
Capital One Financial Corporati,COF,COF,0.13,Financial Services,S&P 500,^GSPC,United States,NYQ,503,63346204672.0
Emerson Electric Company,EMR,EMR,0.12,Industrials,S&P 500,^GSPC,United States,NYQ,503,61577883648.0
"AutoZone, Inc.",AZO,AZO,0.12,Consumer Cyclical,S&P 500,^GSPC,United States,NYQ,503,59378999296.0
"Kinder Morgan, Inc.",KMI,KMI,0.12,Energy,S&P 500,^GSPC,United States,NYQ,503,58970820608.0
"ONEOK, Inc.",OKE,OKE,0.12,Energy,S&P 500,^GSPC,United States,NYQ,503,58375786496.0
FedEx Corporation,FDX,FDX,0.11,Industrials,S&P 500,^GSPC,United States,NYQ,503,58040274944.0
"The Travelers Companies, Inc.",TRV,TRV,0.11,Financial Services,S&P 500,^GSPC,United States,NYQ,503,58028511232.0
AFLAC Incorporated,AFL,AFL,0.11,Financial Services,S&P 500,^GSPC,United States,NYQ,503,57446400000.0
The Bank of New York Mellon Cor,BK,BK,0.11,Financial Services,S&P 500,^GSPC,United States,NYQ,503,57193811968.0
Royal Caribbean Cruises Ltd.,RCL,RCL,0.11,Consumer Cyclical,S&P 500,^GSPC,United States,NYQ,503,55951917056.0
Carrier Global Corporation,CARR,CARR,0.11,Industrials,S&P 500,^GSPC,United States,NYQ,503,55511228416.0
Schlumberger N.V.,SLB,SLB,0.11,Energy,S&P 500,^GSPC,United States,NYQ,503,54299209728.0
"Freeport-McMoRan, Inc.",FCX,FCX,0.11,Basic Materials,S&P 500,^GSPC,United States,NYQ,503,54005092352.0
Allstate Corporation (The),ALL,ALL,0.11,Financial Services,S&P 500,^GSPC,United States,NYQ,503,53535252480.0
Hilton Worldwide Holdings Inc.,HLT,HLT,0.11,Consumer Cyclical,S&P 500,^GSPC,United States,NYQ,503,53359599616.0
"MetLife, Inc.",MET,MET,0.1,Financial Services,S&P 500,^GSPC,United States,NYQ,503,52931416064.0
"Simon Property Group, Inc.",SPG,SPG,0.12,Real Estate,S&P 500,^GSPC,United States,NYQ,503,60130021376.0
Norfolk Southern Corporation,NSC,NSC,0.1,Industrials,S&P 500,^GSPC,United States,NYQ,503,51556757504.0
Truist Financial Corporation,TFC,TFC,0.1,Financial Services,S&P 500,^GSPC,United States,NYQ,503,51535216640.0
Newmont Corporation,NEM,NEM,0.1,Basic Materials,S&P 500,^GSPC,United States,NYQ,503,51441160192.0
Public Storage,PSA,PSA,0.1,Real Estate,S&P 500,^GSPC,United States,NYQ,503,51377594368.0
Johnson Controls International ,JCI,JCI,0.1,Industrials,S&P 500,^GSPC,Ireland,NYQ,503,51134365696.0
Phillips 66,PSX,PSX,0.1,Energy,S&P 500,^GSPC,United States,NYQ,503,49943003136.0
Realty Income Corporation,O,O,0.1,Real Estate,S&P 500,^GSPC,United States,NYQ,503,49800085504.0
Howmet Aerospace Inc.,HWM,HWM,0.1,Industrials,S&P 500,^GSPC,United States,NYQ,503,49724674048.0
"Cencora, Inc.",COR,COR,0.1,Healthcare,S&P 500,^GSPC,United States,NYQ,503,49592463360.0
"Digital Realty Trust, Inc.",DLR,DLR,0.1,Real Estate,S&P 500,^GSPC,United States,NYQ,503,50025168896.0
"American International Group, I",AIG,AIG,0.1,Financial Services,S&P 500,^GSPC,United States,NYQ,503,48386306048.0
Kroger Company (The),KR,KR,0.09,Consumer Defensive,S&P 500,^GSPC,United States,NYQ,503,43493797888.0
Target Corporation,TGT,TGT,0.09,Consumer Defensive,S&P 500,^GSPC,United States,NYQ,503,47607693312.0
"Ameriprise Financial, Inc.",AMP,AMP,0.09,Financial Services,S&P 500,^GSPC,United States,NYQ,503,47366438912.0
General Motors Company,GM,GM,0.09,Consumer Cyclical,S&P 500,^GSPC,United States,NYQ,503,46874542080.0
Kimberly-Clark Corporation,KMB,KMB,0.09,Consumer Defensive,S&P 500,^GSPC,United States,NYQ,503,46477709312.0
"Dominion Energy, Inc.",D,D,0.09,Utilities,S&P 500,^GSPC,United States,NYQ,503,46087385088.0
"W.W. Grainger, Inc.",GWW,GWW,0.09,Industrials,S&P 500,^GSPC,United States,NYQ,503,45933355008.0
Hess Corporation,HES,HES,0.09,Energy,S&P 500,^GSPC,United States,NYQ,503,44369383424.0
Kenvue Inc.,KVUE,KVUE,0.09,Consumer Defensive,S&P 500,^GSPC,United States,NYQ,503,44302540800.0
DBA Sempra,SRE,SRE,0.09,Utilities,S&P 500,^GSPC,United States,NYQ,503,44201357312.0
Cummins Inc.,CMI,CMI,0.09,Industrials,S&P 500,^GSPC,United States,NYQ,503,43020554240.0
"Yum! Brands, Inc.",YUM,YUM,0.08,Consumer Cyclical,S&P 500,^GSPC,United States,NYQ,503,42819829760.0
Marathon Petroleum Corporation,MPC,MPC,0.08,Energy,S&P 500,^GSPC,United States,NYQ,503,42829164544.0
Occidental Petroleum Corporatio,OXY,OXY,0.08,Energy,S&P 500,^GSPC,United States,NYQ,503,42685550592.0
Fair Isaac Corporation,FICO,FICO,0.08,Technology,S&P 500,^GSPC,United States,NYQ,503,42616999936.0
TE Connectivity plc,TEL,TEL,0.08,Technology,S&P 500,^GSPC,Ireland,NYQ,503,42133409792.0
MSCI Inc.,MSCI,MSCI,0.08,Financial Services,S&P 500,^GSPC,United States,NYQ,503,42018164736.0
"Nasdaq, Inc.",NDAQ,NDAQ,0.08,Financial Services,S&P 500,^GSPC,United States,NMS,503,41508216832.0
Crown Castle Inc.,CCI,CCI,0.08,Real Estate,S&P 500,^GSPC,United States,NYQ,503,41325924352.0
Garmin Ltd.,GRMN,GRMN,0.08,Technology,S&P 500,^GSPC,Switzerland,NYQ,503,40283623424.0
"Corteva, Inc.",CTVA,CTVA,0.08,Basic Materials,S&P 500,^GSPC,United States,NYQ,503,40166723584.0
Vistra Corp.,VST,VST,0.08,Utilities,S&P 500,^GSPC,United States,NYQ,503,39997751296.0
Discover Financial Services,DFS,DFS,0.08,Financial Services,S&P 500,^GSPC,United States,NYQ,503,40063062016.0
Edwards Lifesciences Corporatio,EW,EW,0.08,Healthcare,S&P 500,^GSPC,United States,NYQ,503,39947804672.0
"AMETEK, Inc.",AME,AME,0.08,Industrials,S&P 500,^GSPC,United States,NYQ,503,39898464256.0
"Targa Resources, Inc.",TRGP,TRGP,0.08,Energy,S&P 500,^GSPC,United States,NYQ,503,39883046912.0
"L3Harris Technologies, Inc.",LHX,LHX,0.08,Industrials,S&P 500,^GSPC,United States,NYQ,503,39641862144.0
Public Service Enterprise Group,PEG,PEG,0.08,Utilities,S&P 500,^GSPC,United States,NYQ,503,39755251712.0
Valero Energy Corporation,VLO,VLO,0.08,Energy,S&P 500,^GSPC,United States,NYQ,503,39624232960.0
Otis Worldwide Corporation,OTIS,OTIS,0.08,Industrials,S&P 500,^GSPC,United States,NYQ,503,39497256960.0
"D.R. Horton, Inc.",DHI,DHI,0.08,Consumer Cyclical,S&P 500,^GSPC,United States,NYQ,503,40196665344.0
Corning Incorporated,GLW,GLW,0.08,Technology,S&P 500,^GSPC,United States,NYQ,503,39059316736.0
"United Rentals, Inc.",URI,URI,0.08,Industrials,S&P 500,^GSPC,United States,NYQ,503,38803517440.0
Ford Motor Company,F,F,0.07,Consumer Cyclical,S&P 500,^GSPC,United States,NYQ,503,37771677696.0
"Prudential Financial, Inc.",PRU,PRU,0.07,Financial Services,S&P 500,^GSPC,United States,NYQ,503,37184159744.0
"Quanta Services, Inc.",PWR,PWR,0.07,Industrials,S&P 500,^GSPC,United States,NYQ,503,37092474880.0
Fidelity National Information S,FIS,FIS,0.07,Technology,S&P 500,^GSPC,United States,NYQ,503,36946018304.0
"Consolidated Edison, Inc.",ED,ED,0.07,Utilities,S&P 500,^GSPC,United States,NYQ,503,36920737792.0
CBRE Group Inc,CBRE,CBRE,0.07,Real Estate,S&P 500,^GSPC,United States,NYQ,503,36541505536.0
Pacific Gas & Electric Co.,PCG,PCG,0.07,Utilities,S&P 500,^GSPC,United States,NYQ,503,35974713344.0
Entergy Corporation,ETR,ETR,0.07,Utilities,S&P 500,^GSPC,United States,NYQ,503,35655409664.0
Sysco Corporation,SYY,SYY,0.07,Consumer Defensive,S&P 500,^GSPC,United States,NYQ,503,35547455488.0
The Hershey Company,HSY,HSY,0.07,Consumer Defensive,S&P 500,^GSPC,United States,NYQ,503,34802548736.0
"Gartner, Inc.",IT,IT,0.07,Technology,S&P 500,^GSPC,United States,NYQ,503,34726436864.0
Arch Capital Group Ltd.,ACGL,ACGL,0.07,Financial Services,S&P 500,^GSPC,Bermuda,NMS,503,33936027648.0
"Brown & Brown, Inc.",BRO,BRO,0.07,Financial Services,S&P 500,^GSPC,United States,NYQ,503,33699946496.0
"Agilent Technologies, Inc.",A,A,0.07,Healthcare,S&P 500,^GSPC,United States,NYQ,503,33451137024.0
VICI Properties Inc.,VICI,VICI,0.07,Real Estate,S&P 500,^GSPC,United States,NYQ,503,33327525888.0
"The Hartford Insurance Group, I",HIG,HIG,0.07,Financial Services,S&P 500,^GSPC,United States,NYQ,503,33247586304.0
"WEC Energy Group, Inc.",WEC,WEC,0.07,Utilities,S&P 500,^GSPC,United States,NYQ,503,33398913024.0
"General Mills, Inc.",GIS,GIS,0.07,Consumer Defensive,S&P 500,^GSPC,United States,NYQ,503,32991172608.0
"Constellation Brands, Inc.",STZ,STZ,0.07,Consumer Defensive,S&P 500,^GSPC,United States,NYQ,503,32823482368.0
ResMed Inc.,RMD,RMD,0.06,Healthcare,S&P 500,^GSPC,United States,NYQ,503,32269619200.0
Ingersoll Rand Inc.,IR,IR,0.06,Industrials,S&P 500,^GSPC,United States,NYQ,503,32246640640.0
"IQVIA Holdings, Inc.",IQV,IQV,0.06,Healthcare,S&P 500,^GSPC,United States,NYQ,503,31988830208.0
Willis Towers Watson Public Lim,WTW,WTW,0.06,Financial Services,S&P 500,^GSPC,United Kingdom,NMS,503,31811909632.0
"DuPont de Nemours, Inc.",DD,DD,0.06,Basic Materials,S&P 500,^GSPC,United States,NYQ,503,31316051968.0
Extra Space Storage Inc,EXR,EXR,0.06,Real Estate,S&P 500,^GSPC,United States,NYQ,503,31985364992.0
Las Vegas Sands Corp.,LVS,LVS,0.06,Consumer Cyclical,S&P 500,^GSPC,United States,NYQ,503,30627696640.0
Lennar Corporation,LEN,LEN,0.06,Consumer Cyclical,S&P 500,^GSPC,United States,NYQ,503,30565824512.0
"Cardinal Health, Inc.",CAH,CAH,0.06,Healthcare,S&P 500,^GSPC,United States,NYQ,503,30502791168.0
Humana Inc.,HUM,HUM,0.06,Healthcare,S&P 500,^GSPC,United States,NYQ,503,30382049280.0
Westinghouse Air Brake Technolo,WAB,WAB,0.06,Industrials,S&P 500,^GSPC,United States,NYQ,503,30111959040.0
eBay Inc.,EBAY,EBAY,0.06,Consumer Cyclical,S&P 500,^GSPC,United States,NMS,503,29940500480.0
Nucor Corporation,NUE,NUE,0.06,Basic Materials,S&P 500,^GSPC,United States,NYQ,503,29868242944.0
"Ventas, Inc.",VTR,VTR,0.06,Real Estate,S&P 500,^GSPC,United States,NYQ,503,29008611328.0
Vulcan Materials Company (Holdi,VMC,VMC,0.06,Basic Materials,S&P 500,^GSPC,United States,NYQ,503,29730033664.0
"AvalonBay Communities, Inc.",AVB,AVB,0.06,Real Estate,S&P 500,^GSPC,United States,NYQ,503,29569126400.0
Xylem Inc.,XYL,XYL,0.06,Industrials,S&P 500,^GSPC,United States,NYQ,503,29408565248.0
"Equifax, Inc.",EFX,EFX,0.06,Industrials,S&P 500,^GSPC,United States,NYQ,503,29360201728.0
EQT Corporation,EQT,EQT,0.06,Energy,S&P 500,^GSPC,United States,NYQ,503,29190969344.0
"Rockwell Automation, Inc.",ROK,ROK,0.06,Industrials,S&P 500,^GSPC,United States,NYQ,503,28866406400.0
Texas Pacific Land Corporation,TPL,TPL,0.06,Energy,S&P 500,^GSPC,United States,NYQ,503,28842246144.0
Centene Corporation,CNC,CNC,0.06,Healthcare,S&P 500,^GSPC,United States,NYQ,503,28750710784.0
"Raymond James Financial, Inc.",RJF,RJF,0.06,Financial Services,S&P 500,^GSPC,United States,NYQ,503,28648466432.0
Kellanova,K,K,0.06,Consumer Defensive,S&P 500,^GSPC,United States,NYQ,503,28411277312.0
"Delta Air Lines, Inc.",DAL,DAL,0.06,Industrials,S&P 500,^GSPC,United States,NYQ,503,28370649088.0
"Martin Marietta Materials, Inc.",MLM,MLM,0.06,Basic Materials,S&P 500,^GSPC,United States,NYQ,503,28356614144.0
M&T Bank Corporation,MTB,MTB,0.06,Financial Services,S&P 500,^GSPC,United States,NYQ,503,28006516736.0
"American Water Works Company, I",AWK,AWK,0.06,Utilities,S&P 500,^GSPC,United States,NYQ,503,27787745280.0
DTE Energy Company,DTE,DTE,0.05,Utilities,S&P 500,^GSPC,United States,NYQ,503,27503087616.0
Tractor Supply Company,TSCO,TSCO,0.05,Consumer Cyclical,S&P 500,^GSPC,United States,NMS,503,27459770368.0
"Monolithic Power Systems, Inc.",MPWR,MPWR,0.05,Technology,S&P 500,^GSPC,United States,NMS,503,27341539328.0
"Church & Dwight Company, Inc.",CHD,CHD,0.05,Consumer Defensive,S&P 500,^GSPC,United States,NYQ,503,26997667840.0
"Live Nation Entertainment, Inc.",LYV,LYV,0.05,Communication Services,S&P 500,^GSPC,United States,NYQ,503,26760572928.0
International Paper Company,IP,IP,0.05,Consumer Cyclical,S&P 500,^GSPC,United States,NYQ,503,26506229760.0
Ameren Corporation,AEE,AEE,0.05,Utilities,S&P 500,^GSPC,United States,NYQ,503,26439989248.0
"Broadridge Financial Solutions,",BR,BR,0.05,Technology,S&P 500,^GSPC,United States,NYQ,503,26395975680.0
HP Inc.,HPQ,HPQ,0.05,Technology,S&P 500,^GSPC,United States,NYQ,503,26310840320.0
Equity Residential,EQR,EQR,0.05,Real Estate,S&P 500,^GSPC,United States,NYQ,503,26722674688.0
Keysight Technologies Inc.,KEYS,KEYS,0.05,Technology,S&P 500,^GSPC,United States,NYQ,503,25603680256.0
Dow Inc.,DOW,DOW,0.05,Basic Materials,S&P 500,^GSPC,United States,NYQ,503,25569828864.0
"PPG Industries, Inc.",PPG,PPG,0.05,Basic Materials,S&P 500,^GSPC,United States,NYQ,503,25275936768.0
PPL Corporation,PPL,PPL,0.05,Utilities,S&P 500,^GSPC,United States,NYQ,503,25212741632.0
"Mettler-Toledo International, I",MTD,MTD,0.05,Healthcare,S&P 500,^GSPC,United States,NYQ,503,25141424128.0
Fifth Third Bancorp,FITB,FITB,0.05,Financial Services,S&P 500,^GSPC,United States,NMS,503,24909621248.0
Iron Mountain Incorporated (Del,IRM,IRM,0.05,Real Estate,S&P 500,^GSPC,United States,NYQ,503,24997357568.0
Carnival Corporation,CCL,CCL,0.05,Consumer Cyclical,S&P 500,^GSPC,United States,NYQ,503,25848139776.0
"Rollins, Inc.",ROL,ROL,0.05,Consumer Cyclical,S&P 500,^GSPC,United States,NYQ,503,24564733952.0
Fortive Corporation,FTV,FTV,0.05,Technology,S&P 500,^GSPC,United States,NYQ,503,24439625728.0
GoDaddy Inc.,GDDY,GDDY,0.05,Technology,S&P 500,^GSPC,United States,NYQ,503,24374013952.0
State Street Corporation,STT,STT,0.05,Financial Services,S&P 500,^GSPC,United States,NYQ,503,24366977024.0
Dover Corporation,DOV,DOV,0.05,Industrials,S&P 500,^GSPC,United States,NYQ,503,24301172736.0
"Tyler Technologies, Inc.",TYL,TYL,0.05,Technology,S&P 500,^GSPC,United States,NYQ,503,23804266496.0
Veralto Corp,VLTO,VLTO,0.05,Industrials,S&P 500,^GSPC,United States,NYQ,503,23698059264.0
LyondellBasell Industries NV,LYB,LYB,0.05,Basic Materials,S&P 500,^GSPC,United States,NYQ,503,23485415424.0
W.R. Berkley Corporation,WRB,WRB,0.05,Financial Services,S&P 500,^GSPC,United States,NYQ,503,23462711296.0
Atmos Energy Corporation,ATO,ATO,0.05,Utilities,S&P 500,^GSPC,United States,NYQ,503,23337777152.0
"Estee Lauder Companies, Inc. (T",EL,EL,0.05,Consumer Defensive,S&P 500,^GSPC,United States,NYQ,503,23331115008.0
"Super Micro Computer, Inc.",SMCI,SMCI,0.05,Technology,S&P 500,^GSPC,United States,NMS,503,23193239552.0
SBA Communications Corporation,SBAC,SBAC,0.05,Real Estate,S&P 500,^GSPC,United States,NMS,503,23089874944.0
"Corpay, Inc.",CPAY,CPAY,0.05,Technology,S&P 500,^GSPC,United States,NYQ,503,23071473664.0
"United Airlines Holdings, Inc.",UAL,UAL,0.05,Industrials,S&P 500,^GSPC,United States,NMS,503,22881067008.0
Global Payments Inc.,GPN,GPN,0.05,Industrials,S&P 500,^GSPC,United States,NYQ,503,22825242624.0
Archer-Daniels-Midland Company,ADM,ADM,0.04,Consumer Defensive,S&P 500,^GSPC,United States,NYQ,503,22666156032.0
Smurfit WestRock plc,SW,SW,0.04,Consumer Cyclical,S&P 500,^GSPC,Ireland,NYQ,503,22668896256.0
FirstEnergy Corp.,FE,FE,0.04,Utilities,S&P 500,^GSPC,United States,NYQ,503,22571921408.0
"CenterPoint Energy, Inc (Holdin",CNP,CNP,0.04,Utilities,S&P 500,^GSPC,United States,NYQ,503,22590881792.0
Teledyne Technologies Incorpora,TDY,TDY,0.04,Technology,S&P 500,^GSPC,United States,NYQ,503,22527539200.0
"Cboe Global Markets, Inc.",CBOE,CBOE,0.04,Financial Services,S&P 500,^GSPC,United States,BTS,503,22524540928.0
Cincinnati Financial Corporatio,CINF,CINF,0.04,Financial Services,S&P 500,^GSPC,United States,NMS,503,22224842752.0
Fox Corporation,FOXA,FOXA,0.04,Communication Services,S&P 500,^GSPC,United States,NMS,503,22219499520.0
Fox Corporation,FOX,FOX,0.04,Communication Services,S&P 500,^GSPC,United States,NMS,503,22190174208.0
"VeriSign, Inc.",VRSN,VRSN,0.04,Technology,S&P 500,^GSPC,United States,NMS,503,22094776320.0
Eversource Energy (D/B/A),ES,ES,0.04,Utilities,S&P 500,^GSPC,United States,NYQ,503,22047447040.0
Devon Energy Corporation,DVN,DVN,0.04,Energy,S&P 500,^GSPC,United States,NYQ,503,21914640384.0
STERIS plc (Ireland),STE,STE,0.04,Healthcare,S&P 500,^GSPC,United States,NYQ,503,21855889408.0
Waters Corporation,WAT,WAT,0.04,Healthcare,S&P 500,^GSPC,United States,NYQ,503,21651707904.0
"McCormick & Company, Incorporat",MKC,MKC,0.04,Consumer Defensive,S&P 500,^GSPC,United States,NYQ,503,21650092032.0
Edison International,EIX,EIX,0.04,Utilities,S&P 500,^GSPC,United States,NYQ,503,21495889920.0
CMS Energy Corporation,CMS,CMS,0.04,Utilities,S&P 500,^GSPC,United States,NYQ,503,21477384192.0
"Zimmer Biomet Holdings, Inc.",ZBH,ZBH,0.04,Healthcare,S&P 500,^GSPC,United States,NYQ,503,21413208064.0
"NVR, Inc.",NVR,NVR,0.04,Consumer Cyclical,S&P 500,^GSPC,United States,NYQ,503,20563300352.0
"Darden Restaurants, Inc.",DRI,DRI,0.04,Consumer Cyclical,S&P 500,^GSPC,United States,NYQ,503,21218836480.0
Halliburton Company,HAL,HAL,0.04,Energy,S&P 500,^GSPC,United States,NYQ,503,21129359360.0
Weyerhaeuser Company,WY,WY,0.04,Real Estate,S&P 500,^GSPC,United States,NYQ,503,21005484032.0
"Tyson Foods, Inc.",TSN,TSN,0.04,Consumer Defensive,S&P 500,^GSPC,United States,NYQ,503,21371639808.0
Huntington Bancshares Incorpora,HBAN,HBAN,0.04,Financial Services,S&P 500,^GSPC,United States,NMS,503,20859508736.0
"T. Rowe Price Group, Inc.",TROW,TROW,0.04,Financial Services,S&P 500,^GSPC,United States,NMS,503,20491233280.0
"PulteGroup, Inc.",PHM,PHM,0.04,Consumer Cyclical,S&P 500,^GSPC,United States,NYQ,503,20466479104.0
Coterra Energy Inc.,CTRA,CTRA,0.04,Energy,S&P 500,^GSPC,United States,NYQ,503,20418113536.0
International Flavors & Fragran,IFF,IFF,0.04,Basic Materials,S&P 500,^GSPC,United States,NYQ,503,20244877312.0
"Expedia Group, Inc.",EXPE,EXPE,0.04,Consumer Cyclical,S&P 500,^GSPC,United States,NMS,503,20244723712.0
Synchrony Financial,SYF,SYF,0.04,Financial Services,S&P 500,^GSPC,United States,NYQ,503,20176125952.0
Invitation Homes Inc.,INVH,INVH,0.04,Real Estate,S&P 500,^GSPC,United States,NYQ,503,20151373824.0
"Lennox International, Inc.",LII,LII,0.04,Industrials,S&P 500,^GSPC,United States,NYQ,503,19871619072.0
Labcorp Holdings Inc.,LH,LH,0.04,Healthcare,S&P 500,^GSPC,United States,NYQ,503,19723905024.0
Erie Indemnity Company,ERIE,ERIE,0.04,Financial Services,S&P 500,^GSPC,United States,NMS,503,21871296512.0
Hewlett Packard Enterprise Comp,HPE,HPE,0.04,Technology,S&P 500,^GSPC,United States,NYQ,503,19401578496.0
Mid-America Apartment Communiti,MAA,MAA,0.04,Real Estate,S&P 500,^GSPC,United States,NYQ,503,19405080576.0
Regions Financial Corporation,RF,RF,0.04,Financial Services,S&P 500,^GSPC,United States,NYQ,503,18869891072.0
Northern Trust Corporation,NTRS,NTRS,0.04,Financial Services,S&P 500,^GSPC,United States,NMS,503,18734858240.0
Quest Diagnostics Incorporated,DGX,DGX,0.04,Healthcare,S&P 500,^GSPC,United States,NYQ,503,18735306752.0
"NetApp, Inc.",NTAP,NTAP,0.04,Technology,S&P 500,^GSPC,United States,NMS,503,18586310656.0
"Essex Property Trust, Inc.",ESS,ESS,0.04,Real Estate,S&P 500,^GSPC,United States,NYQ,503,19911749632.0
"Steel Dynamics, Inc.",STLD,STLD,0.04,Basic Materials,S&P 500,^GSPC,United States,NMS,503,18507712512.0
PTC Inc.,PTC,PTC,0.04,Technology,S&P 500,^GSPC,United States,NMS,503,18445670400.0
Southwest Airlines Company,LUV,LUV,0.04,Industrials,S&P 500,^GSPC,United States,NYQ,503,18372491264.0
NiSource Inc,NI,NI,0.04,Utilities,S&P 500,^GSPC,United States,NYQ,503,18172579840.0
Principal Financial Group Inc,PFG,PFG,0.04,Financial Services,S&P 500,^GSPC,United States,NMS,503,18167488512.0
Seagate Technology Holdings PLC,STX,STX,0.04,Technology,S&P 500,^GSPC,Singapore,NMS,503,18126354432.0
Clorox Company (The),CLX,CLX,0.04,Consumer Defensive,S&P 500,^GSPC,United States,NYQ,503,18102769664.0
Loews Corporation,L,L,0.04,Financial Services,S&P 500,^GSPC,United States,NYQ,503,17878943744.0
"NRG Energy, Inc.",NRG,NRG,0.04,Utilities,S&P 500,^GSPC,United States,NYQ,503,18008432640.0
Hubbell Inc,HUBB,HUBB,0.04,Industrials,S&P 500,^GSPC,United States,NYQ,503,17806942208.0
Deckers Outdoor Corporation,DECK,DECK,0.04,Consumer Cyclical,S&P 500,^GSPC,United States,NYQ,503,17763629056.0
Baxter International Inc.,BAX,BAX,0.04,Healthcare,S&P 500,^GSPC,United States,NYQ,503,17676642304.0
Dollar General Corporation,DG,DG,0.03,Consumer Defensive,S&P 500,^GSPC,United States,NYQ,503,17583083520.0
"Citizens Financial Group, Inc.",CFG,CFG,0.03,Financial Services,S&P 500,^GSPC,United States,NYQ,503,17367334912.0
Molina Healthcare Inc,MOH,MOH,0.03,Healthcare,S&P 500,^GSPC,United States,NYQ,503,17264386048.0
Packaging Corporation of Americ,PKG,PKG,0.03,Consumer Cyclical,S&P 500,^GSPC,United States,NYQ,503,17244524544.0
Insulet Corporation,PODD,PODD,0.03,Healthcare,S&P 500,^GSPC,United States,NMS,503,17182218240.0
"Leidos Holdings, Inc.",LDOS,LDOS,0.03,Technology,S&P 500,^GSPC,United States,NYQ,503,17426847744.0
Snap-On Incorporated,SNA,SNA,0.03,Industrials,S&P 500,^GSPC,United States,NYQ,503,16988084224.0
KeyCorp,KEY,KEY,0.03,Financial Services,S&P 500,^GSPC,United States,NYQ,503,16742567936.0
Alexandria Real Estate Equities,ARE,ARE,0.03,Real Estate,S&P 500,^GSPC,United States,NYQ,503,16729341952.0
Genuine Parts Company,GPC,GPC,0.03,Consumer Cyclical,S&P 500,^GSPC,United States,NYQ,503,16574734336.0
Non disponible,BF,BF.B,,Non disponible,S&P 500,^GSPC,Non disponible,YHD,503,
Trimble Inc.,TRMB,TRMB,0.03,Technology,S&P 500,^GSPC,United States,NMS,503,16318131200.0
FactSet Research Systems Inc.,FDS,FDS,0.03,Financial Services,S&P 500,^GSPC,United States,NYQ,503,16257824768.0
Gen Digital Inc.,GEN,GEN,0.03,Technology,S&P 500,^GSPC,United States,NMS,503,16227205120.0
Hormel Foods Corporation,HRL,HRL,0.03,Consumer Defensive,S&P 500,^GSPC,United States,NYQ,503,16216935424.0
"West Pharmaceutical Services, I",WST,WST,0.03,Healthcare,S&P 500,^GSPC,United States,NYQ,503,16176528384.0
Expeditors International of Was,EXPD,EXPD,0.03,Industrials,S&P 500,^GSPC,United States,NYQ,503,16079347712.0
Alliant Energy Corporation,LNT,LNT,0.03,Utilities,S&P 500,^GSPC,United States,NMS,503,15973943296.0
News Corporation,NWSA,NWSA,0.03,Communication Services,S&P 500,^GSPC,United States,NMS,503,15623569408.0
News Corporation,NWS,NWS,0.03,Communication Services,S&P 500,^GSPC,United States,NMS,503,15623585792.0
Omnicom Group Inc.,OMC,OMC,0.03,Communication Services,S&P 500,^GSPC,United States,NYQ,503,15617105920.0
"The Cooper Companies, Inc.",COO,COO,0.03,Healthcare,S&P 500,^GSPC,United States,NMS,503,15542658048.0
"Evergy, Inc.",EVRG,EVRG,0.03,Utilities,S&P 500,^GSPC,United States,NMS,503,15320899584.0
"Best Buy Co., Inc.",BBY,BBY,0.03,Consumer Cyclical,S&P 500,^GSPC,United States,NYQ,503,15029859328.0
"Everest Group, Ltd.",EG,EG,0.03,Financial Services,S&P 500,^GSPC,Bermuda,NYQ,503,15009332224.0
"J.B. Hunt Transport Services, I",JBHT,JBHT,0.03,Industrials,S&P 500,^GSPC,United States,NMS,503,14944194560.0
"F5, Inc.",FFIV,FFIV,0.03,Technology,S&P 500,^GSPC,United States,NMS,503,14840855552.0
Domino's Pizza Inc,DPZ,DPZ,0.03,Consumer Cyclical,S&P 500,^GSPC,United States,NMS,503,14701967360.0
Masco Corporation,MAS,MAS,0.03,Industrials,S&P 500,^GSPC,United States,NYQ,503,14671343616.0
Western Digital Corporation,WDC,WDC,0.03,Technology,S&P 500,^GSPC,United States,NMS,503,14619041792.0
Jacobs Solutions Inc.,J,J,0.03,Industrials,S&P 500,^GSPC,United States,NYQ,503,14614597632.0
"Ulta Beauty, Inc.",ULTA,ULTA,0.03,Consumer Cyclical,S&P 500,^GSPC,United States,NMS,503,14582760448.0
"Tapestry, Inc.",TPR,TPR,0.03,Consumer Cyclical,S&P 500,^GSPC,United States,NYQ,503,14431015936.0
Ball Corporation,BALL,BALL,0.03,Consumer Cyclical,S&P 500,^GSPC,United States,NYQ,503,14415489024.0
Jabil Inc.,JBL,JBL,0.03,Technology,S&P 500,^GSPC,United States,NYQ,503,14295412736.0
"Healthpeak Properties, Inc.",DOC,DOC,0.03,Real Estate,S&P 500,^GSPC,United States,NYQ,503,13992878080.0
Aptiv PLC,APTV,APTV,0.03,Consumer Cyclical,S&P 500,^GSPC,Switzerland,NYQ,503,14264656896.0
"First Solar, Inc.",FSLR,FSLR,0.03,Technology,S&P 500,^GSPC,United States,NMS,503,14218903552.0
"Dollar Tree, Inc.",DLTR,DLTR,0.03,Consumer Defensive,S&P 500,^GSPC,United States,NMS,503,14192574464.0
"UDR, Inc.",UDR,UDR,0.03,Real Estate,S&P 500,^GSPC,United States,NYQ,503,16034243584.0
Zebra Technologies Corporation,ZBRA,ZBRA,0.03,Technology,S&P 500,^GSPC,United States,NMS,503,13960756224.0
"Builders FirstSource, Inc.",BLDR,BLDR,0.03,Industrials,S&P 500,^GSPC,United States,NYQ,503,13952659456.0
Amcor plc,AMCR,AMCR,0.03,Consumer Cyclical,S&P 500,^GSPC,Switzerland,NYQ,503,13918624768.0
Avery Dennison Corporation,AVY,AVY,0.03,Consumer Cyclical,S&P 500,^GSPC,United States,NYQ,503,13889330176.0
Pentair plc.,PNR,PNR,0.03,Industrials,S&P 500,^GSPC,United Kingdom,NYQ,503,13844627456.0
"Teradyne, Inc.",TER,TER,0.03,Technology,S&P 500,^GSPC,United States,NMS,503,13799483392.0
Kimco Realty Corporation (HC),KIM,KIM,0.03,Real Estate,S&P 500,^GSPC,United States,NYQ,503,13677971456.0
"Hologic, Inc.",HOLX,HOLX,0.03,Healthcare,S&P 500,^GSPC,United States,NMS,503,13701387264.0
IDEX Corporation,IEX,IEX,0.03,Industrials,S&P 500,^GSPC,United States,NYQ,503,13506981888.0
Ralph Lauren Corporation,RL,RL,0.03,Consumer Cyclical,S&P 500,^GSPC,United States,NYQ,503,13383066624.0
"Revvity, Inc.",RVTY,RVTY,0.03,Healthcare,S&P 500,^GSPC,United States,NYQ,503,13254617088.0
"Moderna, Inc.",MRNA,MRNA,0.03,Healthcare,S&P 500,^GSPC,United States,NMS,503,13261168640.0
Incyte Corporation,INCY,INCY,0.03,Healthcare,S&P 500,^GSPC,United States,NMS,503,13103509504.0
Textron Inc.,TXT,TXT,0.03,Industrials,S&P 500,^GSPC,United States,NYQ,503,13074894848.0
"CF Industries Holdings, Inc.",CF,CF,0.03,Basic Materials,S&P 500,^GSPC,United States,NYQ,503,13023832064.0
Regency Centers Corporation,REG,REG,0.03,Real Estate,S&P 500,^GSPC,United States,NMS,503,12843500544.0
"Jack Henry & Associates, Inc.",JKHY,JKHY,0.03,Technology,S&P 500,^GSPC,United States,NMS,503,12780424192.0
Solventum Corporation,SOLV,SOLV,0.02,Healthcare,S&P 500,^GSPC,United States,NYQ,503,12507177984.0
Camden Property Trust,CPT,CPT,0.02,Real Estate,S&P 500,^GSPC,United States,NYQ,503,12463880192.0
"ConAgra Brands, Inc.",CAG,CAG,0.02,Consumer Defensive,S&P 500,^GSPC,United States,NYQ,503,12319629312.0
"Stanley Black & Decker, Inc.",SWK,SWK,0.02,Industrials,S&P 500,^GSPC,United States,NYQ,503,12270317568.0
Pool Corporation,POOL,POOL,0.02,Industrials,S&P 500,^GSPC,United States,NMS,503,12069983232.0
Molson Coors Beverage Company,TAP,TAP,0.02,Consumer Defensive,S&P 500,^GSPC,United States,NYQ,503,11917937664.0
The J.M. Smucker Company,SJM,SJM,0.02,Consumer Defensive,S&P 500,^GSPC,United States,NYQ,503,11893164032.0
"Juniper Networks, Inc.",JNPR,JNPR,0.02,Technology,S&P 500,^GSPC,United States,NYQ,503,11848237056.0
"Akamai Technologies, Inc.",AKAM,AKAM,0.02,Technology,S&P 500,^GSPC,United States,NMS,503,11824014336.0
"Align Technology, Inc.",ALGN,ALGN,0.02,Healthcare,S&P 500,^GSPC,United States,NMS,503,11813150720.0
"Paycom Software, Inc.",PAYC,PAYC,0.02,Technology,S&P 500,^GSPC,United States,NYQ,503,11355142144.0
Nordson Corporation,NDSN,NDSN,0.02,Industrials,S&P 500,^GSPC,United States,NMS,503,11495595008.0
The Campbell's Company,CPB,CPB,0.02,Consumer Defensive,S&P 500,^GSPC,United States,NMS,503,11471062016.0
"C.H. Robinson Worldwide, Inc.",CHRW,CHRW,0.02,Industrials,S&P 500,^GSPC,United States,NMS,503,11433761792.0
DaVita Inc.,DVA,DVA,0.02,Healthcare,S&P 500,^GSPC,United States,NYQ,503,11289600000.0
Pinnacle West Capital Corporati,PNW,PNW,0.02,Utilities,S&P 500,^GSPC,United States,NYQ,503,10935669760.0
"Skyworks Solutions, Inc.",SWKS,SWKS,0.02,Technology,S&P 500,^GSPC,United States,NMS,503,10800187392.0
Allegion plc,ALLE,ALLE,0.02,Industrials,S&P 500,^GSPC,Ireland,NYQ,503,10785436672.0
Viatris Inc.,VTRS,VTRS,0.02,Healthcare,S&P 500,^GSPC,United States,NMS,503,10719335424.0
LKQ Corporation,LKQ,LKQ,0.02,Consumer Cyclical,S&P 500,^GSPC,United States,NMS,503,10697918464.0
"Universal Health Services, Inc.",UHS,UHS,0.02,Healthcare,S&P 500,^GSPC,United States,NYQ,503,10659678208.0
CarMax Inc,KMX,KMX,0.02,Consumer Cyclical,S&P 500,^GSPC,United States,NYQ,503,10650649600.0
Eastman Chemical Company,EMN,EMN,0.02,Basic Materials,S&P 500,^GSPC,United States,NYQ,503,10427311104.0
"Assurant, Inc.",AIZ,AIZ,0.02,Financial Services,S&P 500,^GSPC,United States,NYQ,503,10363579392.0
"EPAM Systems, Inc.",EPAM,EPAM,0.02,Technology,S&P 500,^GSPC,United States,NYQ,503,10248960000.0
Globe Life Inc.,GL,GL,0.02,Financial Services,S&P 500,^GSPC,United States,NYQ,503,10225311744.0
"Host Hotels & Resorts, Inc.",HST,HST,0.02,Real Estate,S&P 500,^GSPC,United States,NMS,503,10287493120.0
"BXP, Inc.",BXP,BXP,0.02,Real Estate,S&P 500,^GSPC,United States,NYQ,503,11288850432.0
"Franklin Resources, Inc.",BEN,BEN,0.02,Financial Services,S&P 500,^GSPC,United States,NYQ,503,9940530176.0
Bunge Limited,BG,BG,0.02,Consumer Defensive,S&P 500,^GSPC,United States,NYQ,503,9858704384.0
"Walgreens Boots Alliance, Inc.",WBA,WBA,0.02,Healthcare,S&P 500,^GSPC,United States,NMS,503,9736915968.0
"Interpublic Group of Companies,",IPG,IPG,0.02,Communication Services,S&P 500,^GSPC,United States,NYQ,503,9722412032.0
Bio-Techne Corp,TECH,TECH,0.02,Healthcare,S&P 500,^GSPC,United States,NMS,503,9466309632.0
A.O. Smith Corporation,AOS,AOS,0.02,Industrials,S&P 500,^GSPC,United States,NYQ,503,9393972224.0
"Wynn Resorts, Limited",WYNN,WYNN,0.02,Consumer Cyclical,S&P 500,^GSPC,United States,NMS,503,8855755776.0
The AES Corporation,AES,AES,0.02,Utilities,S&P 500,^GSPC,United States,NYQ,503,8742144000.0
"Henry Schein, Inc.",HSIC,HSIC,0.02,Healthcare,S&P 500,^GSPC,United States,NMS,503,8668795904.0
MGM Resorts International,MGM,MGM,0.02,Consumer Cyclical,S&P 500,^GSPC,United States,NYQ,503,8612217856.0
Charles River Laboratories Inte,CRL,CRL,0.02,Healthcare,S&P 500,^GSPC,United States,NYQ,503,8537067008.0
Albemarle Corporation,ALB,ALB,0.02,Basic Materials,S&P 500,^GSPC,United States,NYQ,503,8512285184.0
"Dayforce, Inc.",DAY,DAY,0.02,Technology,S&P 500,^GSPC,United States,NYQ,503,8292550144.0
"Hasbro, Inc.",HAS,HAS,0.02,Consumer Cyclical,S&P 500,^GSPC,United States,NMS,503,8274188800.0
Paramount Global,PARA,PARA,0.02,Communication Services,S&P 500,^GSPC,United States,NMS,503,8257242112.0
Federal Realty Investment Trust,FRT,FRT,0.02,Real Estate,S&P 500,^GSPC,United States,NYQ,503,8171568128.0
Norwegian Cruise Line Holdings ,NCLH,NCLH,0.02,Consumer Cyclical,S&P 500,^GSPC,United States,NYQ,503,8152181248.0
"MarketAxess Holdings, Inc.",MKTX,MKTX,0.02,Financial Services,S&P 500,^GSPC,United States,NMS,503,7991334912.0
Mosaic Company (The),MOS,MOS,0.02,Basic Materials,S&P 500,^GSPC,United States,NYQ,503,7942491136.0
"Enphase Energy, Inc.",ENPH,ENPH,0.02,Technology,S&P 500,^GSPC,United States,NGM,503,7684642304.0
"Huntington Ingalls Industries, ",HII,HII,0.02,Industrials,S&P 500,^GSPC,United States,NYQ,503,7650344960.0
Generac Holdlings Inc.,GNRC,GNRC,0.02,Industrials,S&P 500,^GSPC,United States,NYQ,503,7615092224.0
"Match Group, Inc.",MTCH,MTCH,0.01,Communication Services,S&P 500,^GSPC,United States,NMS,503,7532903936.0
"Mohawk Industries, Inc.",MHK,MHK,0.01,Consumer Cyclical,S&P 500,^GSPC,United States,NYQ,503,6942172160.0
"Lamb Weston Holdings, Inc.",LW,LW,0.01,Consumer Defensive,S&P 500,^GSPC,United States,NYQ,503,6939484672.0
APA Corporation,APA,APA,0.01,Energy,S&P 500,^GSPC,United States,NMS,503,6931779072.0
Invesco Ltd,IVZ,IVZ,0.01,Financial Services,S&P 500,^GSPC,United States,NYQ,503,6691649536.0
Teleflex Incorporated,TFX,TFX,0.01,Healthcare,S&P 500,^GSPC,United States,NYQ,503,6318826496.0
BorgWarner Inc.,BWA,BWA,0.01,Consumer Cyclical,S&P 500,^GSPC,United States,NYQ,503,6075041792.0
Celanese Corporation,CE,CE,0.01,Basic Materials,S&P 500,^GSPC,United States,NYQ,503,5804435968.0
"Caesars Entertainment, Inc.",CZR,CZR,0.01,Consumer Cyclical,S&P 500,^GSPC,United States,NMS,503,5645905920.0
FMC Corporation,FMC,FMC,0.01,Basic Materials,S&P 500,^GSPC,United States,NYQ,503,5041079808.0
TOYOTA MOTOR CORP,7203,7203.T,5.43,Consumer Cyclical,Nikkei 225,^N225,Japan,JPX,225,35881373138944.0
MITSUBISHI UFJ FINANCIAL GROUP ,8306,8306.T,3.5,Financial Services,Nikkei 225,^N225,Japan,JPX,225,23078969016320.0
SONY GROUP CORPORATION,6758,6758.T,3.21,Technology,Nikkei 225,^N225,Japan,JPX,225,21210268172288.0
HITACHI,6501,6501.T,2.53,Industrials,Nikkei 225,^N225,Japan,JPX,225,16695528783872.0
SUMITOMO MITSUI FINANCIAL GROUP,8316,8316.T,2.27,Financial Services,Nikkei 225,^N225,Japan,JPX,225,14984083931136.0
KEYENCE CORP,6861,6861.T,2.26,Technology,Nikkei 225,^N225,Japan,JPX,225,14891034345472.0
FAST RETAILING CO LTD,9983,9983.T,2.12,Consumer Cyclical,Nikkei 225,^N225,Japan,JPX,225,14007574462464.0
RECRUIT HOLDINGS CO LTD,6098,6098.T,1.91,Communication Services,Nikkei 225,^N225,Japan,JPX,225,12585294364672.0
NIPPON TEL & TEL CORP,9432,9432.T,1.85,Communication Services,Nikkei 225,^N225,Japan,JPX,225,12220446539776.0
NINTENDO CO LTD,7974,7974.T,1.81,Communication Services,Nikkei 225,^N225,Japan,JPX,225,11951026470912.0
SOFTBANK GROUP CORP,9984,9984.T,1.71,Communication Services,Nikkei 225,^N225,Japan,JPX,225,11285720727552.0
CHUGAI PHARMACEUTICAL CO,4519,4519.T,1.72,Healthcare,Nikkei 225,^N225,Japan,JPX,225,11322891698176.0
TOKIO MARINE HOLDINGS INC,8766,8766.T,1.63,Financial Services,Nikkei 225,^N225,Japan,JPX,225,10764378177536.0
MIZUHO FINANCIAL GROUP,8411,8411.T,1.6,Financial Services,Nikkei 225,^N225,Japan,JPX,225,10544708845568.0
SOFTBANK CORP.,9434,9434.T,1.51,Communication Services,Nikkei 225,^N225,Japan,JPX,225,9991366901760.0
MITSUBISHI CORP,8058,8058.T,1.55,Industrials,Nikkei 225,^N225,Japan,JPX,225,10260971520000.0
KDDI CORPORATION,9433,9433.T,1.43,Communication Services,Nikkei 225,^N225,Japan,JPX,225,9451740332032.0
TOKYO ELECTRON,8035,8035.T,1.49,Technology,Nikkei 225,^N225,Japan,JPX,225,9839472279552.0
ITOCHU CORP,8001,8001.T,1.47,Industrials,Nikkei 225,^N225,Japan,JPX,225,9689176735744.0
SHIN-ETSU CHEMICAL CO,4063,4063.T,1.31,Basic Materials,Nikkei 225,^N225,Japan,JPX,225,8662802235392.0
MITSUBISHI HEAVY INDUSTRIES,7011,7011.T,1.3,Industrials,Nikkei 225,^N225,Japan,JPX,225,8582000017408.0
MITSUI & CO,8031,8031.T,1.2,Industrials,Nikkei 225,^N225,Japan,JPX,225,7941386665984.0
TAKEDA PHARMACEUTICAL CO LTD,4502,4502.T,1.06,Healthcare,Nikkei 225,^N225,Japan,JPX,225,7001673826304.0
JAPAN TOBACCO INC,2914,2914.T,1.05,Consumer Defensive,Nikkei 225,^N225,Japan,JPX,225,6942557208576.0
HONDA MOTOR CO,7267,7267.T,0.97,Consumer Cyclical,Nikkei 225,^N225,Japan,JPX,225,6393658605568.0
DAIICHI SANKYO COMPANY LIMITED,4568,4568.T,1.0,Healthcare,Nikkei 225,^N225,Japan,JPX,225,6580293074944.0
HOYA CORP,7741,7741.T,0.91,Healthcare,Nikkei 225,^N225,Japan,JPX,225,6006187229184.0
MITSUBISHI ELECTRIC CORP,6503,6503.T,0.9,Industrials,Nikkei 225,^N225,Japan,JPX,225,5927142424576.0
ADVANTEST CORP,6857,6857.T,0.92,Technology,Nikkei 225,^N225,Japan,JPX,225,6049018413056.0
SEVEN & I HOLDINGS CO LTD,3382,3382.T,0.85,Consumer Defensive,Nikkei 225,^N225,Japan,JPX,225,5625548374016.0
FUJITSU,6702,6702.T,0.81,Technology,Nikkei 225,^N225,Japan,JPX,225,5325356269568.0
DENSO CORP,6902,6902.T,0.84,Consumer Cyclical,Nikkei 225,^N225,Japan,JPX,225,5537309655040.0
MS&AD INS GP HLDGS,8725,8725.T,0.75,Financial Services,Nikkei 225,^N225,Japan,JPX,225,4966033391616.0
JAPAN POST HLDGS CO LTD,6178,6178.T,0.71,Financial Services,Nikkei 225,^N225,Japan,JPX,225,4667661615104.0
ORIENTAL LAND CO,4661,4661.T,0.78,Consumer Cyclical,Nikkei 225,^N225,Japan,JPX,225,5116614672384.0
DAIKIN INDUSTRIES,6367,6367.T,0.74,Industrials,Nikkei 225,^N225,Japan,JPX,225,4867749838848.0
CANON INC,7751,7751.T,0.68,Technology,Nikkei 225,^N225,Japan,JPX,225,4517548523520.0
MURATA MANUFACTURING CO,6981,6981.T,0.7,Technology,Nikkei 225,^N225,Japan,JPX,225,4648450654208.0
SOMPO HOLDINGS INC,8630,8630.T,0.65,Financial Services,Nikkei 225,^N225,Japan,JPX,225,4277830680576.0
PANASONIC HOLDINGS CORP,6752,6752.T,0.63,Technology,Nikkei 225,^N225,Japan,JPX,225,4187087175680.0
BRIDGESTONE CORP,5108,5108.T,0.62,Consumer Cyclical,Nikkei 225,^N225,Japan,JPX,225,4089101942784.0
DAI-ICHI LIFE HOLDINGS INC,8750,8750.T,0.63,Financial Services,Nikkei 225,^N225,Japan,JPX,225,4168764358656.0
SUMITOMO CORP,8053,8053.T,0.63,Industrials,Nikkei 225,^N225,Japan,JPX,225,4145391599616.0
OTSUKA HLDGS CO LTD,4578,4578.T,0.62,Healthcare,Nikkei 225,^N225,Japan,JPX,225,4091574484992.0
TERUMO CORP,4543,4543.T,0.62,Healthcare,Nikkei 225,^N225,Japan,JPX,225,4066354135040.0
KOMATSU,6301,6301.T,0.62,Industrials,Nikkei 225,^N225,Japan,JPX,225,4106642522112.0
RENESAS ELECTRONICS CORP,6723,6723.T,0.61,Technology,Nikkei 225,^N225,Japan,JPX,225,4057077645312.0
MARUBENI CORP,8002,8002.T,0.6,Industrials,Nikkei 225,^N225,Japan,JPX,225,3980999786496.0
FANUC CORPORATION,6954,6954.T,0.61,Industrials,Nikkei 225,^N225,Japan,JPX,225,4034504687616.0
NEC CORP,6701,6701.T,0.61,Technology,Nikkei 225,^N225,Japan,JPX,225,4047424978944.0
NTT DATA GROUP CORPORATION,9613,9613.T,0.59,Technology,Nikkei 225,^N225,Japan,JPX,225,3864160108544.0
SMC CORP,6273,6273.T,0.54,Industrials,Nikkei 225,^N225,Japan,JPX,225,3586085617664.0
LY CORPORATION,4689,4689.T,0.56,Consumer Cyclical,Nikkei 225,^N225,Japan,JPX,225,3720220770304.0
DISCO CORPORATION,6146,6146.T,0.59,Technology,Nikkei 225,^N225,Japan,JPX,225,3868808970240.0
FUJIFILM HOLDINGS CORPORATION,4901,4901.T,0.55,Industrials,Nikkei 225,^N225,Japan,JPX,225,3601176985600.0
NIPPON STEEL CORPORATION,5401,5401.T,0.54,Basic Materials,Nikkei 225,^N225,Japan,JPX,225,3573538881536.0
MITSUI FUDOSAN,8801,8801.T,0.53,Real Estate,Nikkei 225,^N225,Japan,JPX,225,3479757127680.0
EAST JAPAN RAILWAY CO,9020,9020.T,0.52,Industrials,Nikkei 225,^N225,Japan,JPX,225,3429505433600.0
SUZUKI MOTOR CORP,7269,7269.T,0.52,Consumer Cyclical,Nikkei 225,^N225,Japan,JPX,225,3419648819200.0
ORIX CORPORATION,8591,8591.T,0.54,Financial Services,Nikkei 225,^N225,Japan,JPX,225,3535761047552.0
AEON CO LTD,8267,8267.T,0.51,Consumer Cyclical,Nikkei 225,^N225,Japan,JPX,225,3337025486848.0
BANDAI NAMCO HOLDINGS INC,7832,7832.T,0.49,Consumer Cyclical,Nikkei 225,^N225,Japan,JPX,225,3242124378112.0
DAIWA HOUSE INDUSTRY CO,1925,1925.T,0.46,Real Estate,Nikkei 225,^N225,Japan,JPX,225,3062648537088.0
NIDEC CORPORATION,6594,6594.T,0.47,Industrials,Nikkei 225,^N225,Japan,JPX,225,3084682788864.0
AJINOMOTO CO INC,2802,2802.T,0.46,Consumer Defensive,Nikkei 225,^N225,Japan,JPX,225,3024473554944.0
CENTRAL JAPAN RAILWAY CO,9022,9022.T,0.45,Industrials,Nikkei 225,^N225,Japan,JPX,225,2960840982528.0
KAO CORP,4452,4452.T,0.45,Consumer Defensive,Nikkei 225,^N225,Japan,JPX,225,3000573100032.0
TDK CORP,6762,6762.T,0.45,Technology,Nikkei 225,^N225,Japan,JPX,225,2977271644160.0
RESONA HOLDINGS,8308,8308.T,0.45,Financial Services,Nikkei 225,^N225,Japan,JPX,225,2971473018880.0
ASAHI GROUP HLDGS,2502,2502.T,0.43,Consumer Defensive,Nikkei 225,^N225,Japan,JPX,225,2867437764608.0
NOMURA RESEARCH INSTITUTE,4307,4307.T,0.43,Technology,Nikkei 225,^N225,Japan,JPX,225,2832434724864.0
SUMITOMO MITSUI TRUST GP INC,8309,8309.T,0.41,Financial Services,Nikkei 225,^N225,Japan,JPX,225,2720805683200.0
TOYOTA TSUSHO CORP,8015,8015.T,0.41,Industrials,Nikkei 225,^N225,Japan,JPX,225,2723628711936.0
MITSUBISHI ESTATE CO,8802,8802.T,0.42,Real Estate,Nikkei 225,^N225,Japan,JPX,225,2774174531584.0
NOMURA HOLDINGS INC.,8604,8604.T,0.42,Financial Services,Nikkei 225,^N225,Japan,JPX,225,2744672059392.0
ASTELLAS PHARMA,4503,4503.T,0.4,Healthcare,Nikkei 225,^N225,Japan,JPX,225,2627896082432.0
SUMITOMO REALTY & DEVELOPMENT C,8830,8830.T,0.39,Real Estate,Nikkei 225,^N225,Japan,JPX,225,2581625044992.0
NIPPON YUSEN KABUSHIKI KAISHA,9101,9101.T,0.35,Industrials,Nikkei 225,^N225,Japan,JPX,225,2285249757184.0
ENEOS HOLDINGS INC,5020,5020.T,0.34,Energy,Nikkei 225,^N225,Japan,JPX,225,2233292292096.0
INPEX CORPORATION,1605,1605.T,0.36,Energy,Nikkei 225,^N225,Japan,JPX,225,2377834823680.0
KYOCERA CORP,6971,6971.T,0.36,Industrials,Nikkei 225,^N225,Japan,JPX,225,2375856685056.0
SECOM CO,9735,9735.T,0.32,Industrials,Nikkei 225,^N225,Japan,JPX,225,2140115173376.0
KONAMI GROUP CORPORATION,9766,9766.T,0.35,Communication Services,Nikkei 225,^N225,Japan,JPX,225,2322769117184.0
OLYMPUS CORPORATION,7733,7733.T,0.34,Healthcare,Nikkei 225,^N225,Japan,JPX,225,2252700647424.0
SEKISUI HOUSE,1928,1928.T,0.33,Consumer Cyclical,Nikkei 225,^N225,Japan,JPX,225,2147786686464.0
KUBOTA CORP,6326,6326.T,0.32,Industrials,Nikkei 225,^N225,Japan,JPX,225,2145373913088.0
SUMITOMO ELECTRIC INDUSTRIES,5802,5802.T,0.31,Consumer Cyclical,Nikkei 225,^N225,Japan,JPX,225,2070533636096.0
NITTO DENKO CORP,6988,6988.T,0.31,Basic Materials,Nikkei 225,^N225,Japan,JPX,225,2036072710144.0
SUBARU CORPORATION,7270,7270.T,0.31,Consumer Cyclical,Nikkei 225,^N225,Japan,JPX,225,2054571032576.0
MITSUI O.S.K. LINES LTD,9104,9104.T,0.29,Industrials,Nikkei 225,^N225,Japan,JPX,225,1928022196224.0
SHIONOGI & CO,4507,4507.T,0.29,Healthcare,Nikkei 225,^N225,Japan,JPX,225,1889798979584.0
KANSAI ELECTRIC POWER CO INC,9503,9503.T,0.31,Utilities,Nikkei 225,^N225,Japan,JPX,225,2060435587072.0
RAKUTEN GROUP INC,4755,4755.T,0.29,Consumer Cyclical,Nikkei 225,^N225,Japan,JPX,225,1935369437184.0
TOKYO GAS CO,9531,9531.T,0.27,Utilities,Nikkei 225,^N225,Japan,JPX,225,1773260636160.0
NITORI HOLDINGS CO LTD,9843,9843.T,0.26,Consumer Cyclical,Nikkei 225,^N225,Japan,JPX,225,1698005254144.0
JAPAN EXCHANGE GROUP,8697,8697.T,0.25,Financial Services,Nikkei 225,^N225,Japan,JPX,225,1671434731520.0
KIRIN HOLDINGS COMPANY LIMITED,2503,2503.T,0.25,Consumer Defensive,Nikkei 225,^N225,Japan,JPX,225,1651982729216.0
TORAY INDUSTRIES INC,3402,3402.T,0.25,Consumer Cyclical,Nikkei 225,^N225,Japan,JPX,225,1637632049152.0
NEXON CO LTD,3659,3659.T,0.25,Communication Services,Nikkei 225,^N225,Japan,JPX,225,1630602788864.0
IHI CORPORATION,7013,7013.T,0.25,Industrials,Nikkei 225,^N225,Japan,JPX,225,1630925488128.0
FUJIKURA,5803,5803.T,0.26,Industrials,Nikkei 225,^N225,Japan,JPX,225,1713890787328.0
IDEMITSU KOSAN CO.LTD,5019,5019.T,0.22,Energy,Nikkei 225,^N225,Japan,JPX,225,1442077736960.0
T&D HOLDINGS INC,8795,8795.T,0.24,Financial Services,Nikkei 225,^N225,Japan,JPX,225,1607920123904.0
KAWASAKI HEAVY INDUSTRIES,7012,7012.T,0.23,Industrials,Nikkei 225,^N225,Japan,JPX,225,1535488294912.0
NISSAN MOTOR CO,7201,7201.T,0.23,Consumer Cyclical,Nikkei 225,^N225,Japan,JPX,225,1507975102464.0
KAJIMA CORP,1812,1812.T,0.21,Industrials,Nikkei 225,^N225,Japan,JPX,225,1401404915712.0
ASAHI KASEI CORP,3407,3407.T,0.21,Basic Materials,Nikkei 225,^N225,Japan,JPX,225,1417562161152.0
WEST JAPAN RAILWAY CO,9021,9021.T,0.21,Industrials,Nikkei 225,^N225,Japan,JPX,225,1418029694976.0
OBAYASHI CORP,1802,1802.T,0.22,Industrials,Nikkei 225,^N225,Japan,JPX,225,1426125750272.0
KIKKOMAN CORP,2801,2801.T,0.21,Consumer Defensive,Nikkei 225,^N225,Japan,JPX,225,1376101072896.0
ISUZU MOTORS,7202,7202.T,0.21,Consumer Cyclical,Nikkei 225,^N225,Japan,JPX,225,1390009253888.0
DAIWA SECURITIES GROUP,8601,8601.T,0.22,Financial Services,Nikkei 225,^N225,Japan,JPX,225,1465095421952.0
KAWASAKI KISEN KAISHA,9107,9107.T,0.21,Industrials,Nikkei 225,^N225,Japan,JPX,225,1370702217216.0
OSAKA GAS CO,9532,9532.T,0.2,Utilities,Nikkei 225,^N225,Japan,JPX,225,1344060915712.0
ANA HOLDINGS INC,9202,9202.T,0.2,Industrials,Nikkei 225,^N225,Japan,JPX,225,1334304440320.0
ZOZO INC,3092,3092.T,0.2,Consumer Cyclical,Nikkei 225,^N225,Japan,JPX,225,1327681241088.0
TREND MICRO INC,4704,4704.T,0.2,Technology,Nikkei 225,^N225,Japan,JPX,225,1307718057984.0
LASERTEC CORP,6920,6920.T,0.2,Technology,Nikkei 225,^N225,Japan,JPX,225,1308662693888.0
TOPPAN HOLDINGS INC,7911,7911.T,0.19,Industrials,Nikkei 225,^N225,Japan,JPX,225,1246326554624.0
CHUBU ELECTRIC POWER CO INC,9502,9502.T,0.19,Utilities,Nikkei 225,^N225,Japan,JPX,225,1267650265088.0
TOHO CO LTD,9602,9602.T,0.18,Communication Services,Nikkei 225,^N225,Japan,JPX,225,1182153572352.0
TAISEI CORP,1801,1801.T,0.18,Industrials,Nikkei 225,^N225,Japan,JPX,225,1169283088384.0
EISAI CO LTD,4523,4523.T,0.18,Healthcare,Nikkei 225,^N225,Japan,JPX,225,1204511703040.0
JFE HOLDINGS INC,5411,5411.T,0.19,Basic Materials,Nikkei 225,^N225,Japan,JPX,225,1241955958784.0
M3 INC,2413,2413.T,0.18,Healthcare,Nikkei 225,^N225,Japan,JPX,225,1191702953984.0
DAI NIPPON PRINTING CO,7912,7912.T,0.15,Industrials,Nikkei 225,^N225,Japan,JPX,225,991345180672.0
KYOWA KIRIN CO LTD,4151,4151.T,0.17,Healthcare,Nikkei 225,^N225,Japan,JPX,225,1139897663488.0
YAMAHA MOTOR CO,7272,7272.T,0.18,Consumer Cyclical,Nikkei 225,^N225,Japan,JPX,225,1170632867840.0
JAPAN AIRLINES CO LTD,9201,9201.T,0.17,Industrials,Nikkei 225,^N225,Japan,JPX,225,1127844937728.0
MITSUBISHI CHEMICAL GROUP CORP,4188,4188.T,0.17,Basic Materials,Nikkei 225,^N225,Japan,JPX,225,1104229957632.0
CONCORDIA FINANCIAL GROUP LTD,7186,7186.T,0.17,Financial Services,Nikkei 225,^N225,Japan,JPX,225,1107816087552.0
EBARA CORP,6361,6361.T,0.17,Industrials,Nikkei 225,^N225,Japan,JPX,225,1101205340160.0
SHISEIDO COMPANY LIMITED,4911,4911.T,0.17,Consumer Defensive,Nikkei 225,^N225,Japan,JPX,225,1134361313280.0
SCREEN HOLDINGS CO LTD,7735,7735.T,0.16,Technology,Nikkei 225,^N225,Japan,JPX,225,1060157521920.0
TOKYU CORP,9005,9005.T,0.15,Consumer Cyclical,Nikkei 225,^N225,Japan,JPX,225,1002500784128.0
YASKAWA ELECTRIC CORP,6506,6506.T,0.16,Industrials,Nikkei 225,^N225,Japan,JPX,225,1047283564544.0
CHIBA BANK,8331,8331.T,0.15,Financial Services,Nikkei 225,^N225,Japan,JPX,225,1002017980416.0
RYOHIN KEIKAKU CO,7453,7453.T,0.16,Consumer Cyclical,Nikkei 225,^N225,Japan,JPX,225,1033542959104.0
AGC INC,5201,5201.T,0.15,Industrials,Nikkei 225,^N225,Japan,JPX,225,983271669760.0
FUJI ELECTRIC CO. LTD.,6504,6504.T,0.14,Industrials,Nikkei 225,^N225,Japan,JPX,225,928810467328.0
RICOH CO,7752,7752.T,0.14,Industrials,Nikkei 225,^N225,Japan,JPX,225,924053405696.0
MINEBEA MITSUMI INC,6479,6479.T,0.14,Technology,Nikkei 225,^N225,Japan,JPX,225,898147024896.0
MEIJI HOLDINGS CO LTD,2269,2269.T,0.14,Consumer Defensive,Nikkei 225,^N225,Japan,JPX,225,893943611392.0
SHIMIZU CORP,1803,1803.T,0.14,Industrials,Nikkei 225,^N225,Japan,JPX,225,932073242624.0
OMRON CORP,6645,6645.T,0.13,Technology,Nikkei 225,^N225,Japan,JPX,225,883275464704.0
SHIZUOKA FINANCIAL GROUP INC.,5831,5831.T,0.13,Financial Services,Nikkei 225,^N225,Japan,JPX,225,870616989696.0
DENTSU GROUP INC,4324,4324.T,0.13,Communication Services,Nikkei 225,^N225,Japan,JPX,225,869562908672.0
SUMITOMO METAL MINING CO,5713,5713.T,0.14,Basic Materials,Nikkei 225,^N225,Japan,JPX,225,905919135744.0
HITACHI CONSTRUCTION MACHINERY,6305,6305.T,0.13,Industrials,Nikkei 225,^N225,Japan,JPX,225,850177884160.0
SEIKO EPSON CORP,6724,6724.T,0.12,Technology,Nikkei 225,^N225,Japan,JPX,225,789808152576.0
ISETAN MITSUKOSHI HOLDINGS LTD,3099,3099.T,0.13,Consumer Cyclical,Nikkei 225,^N225,Japan,JPX,225,830033559552.0
YOKOGAWA ELECTRIC CORP,6841,6841.T,0.12,Industrials,Nikkei 225,^N225,Japan,JPX,225,777004974080.0
KEISEI ELECTRIC RAILWAY CO,9009,9009.T,0.11,Industrials,Nikkei 225,^N225,Japan,JPX,225,721846206464.0
FUKUOKA FINANCIAL GROUP INC.,8354,8354.T,0.11,Financial Services,Nikkei 225,^N225,Japan,JPX,225,736994852864.0
KOBE STEEL,5406,5406.T,0.11,Basic Materials,Nikkei 225,^N225,Japan,JPX,225,721451286528.0
NIPPON EXPRESS HLDGS INC,9147,9147.T,0.11,Industrials,Nikkei 225,^N225,Japan,JPX,225,706133688320.0
TOKYU FUDOSAN HOLDINGS CORPORAT,3289,3289.T,0.1,Real Estate,Nikkei 225,^N225,Japan,JPX,225,692824440832.0
TOTO LTD,5332,5332.T,0.1,Industrials,Nikkei 225,^N225,Japan,JPX,225,687781380096.0
SOJITZ CORPORATION,2768,2768.T,0.11,Industrials,Nikkei 225,^N225,Japan,JPX,225,703084560384.0
YAMATO HOLDINGS CO LTD,9064,9064.T,0.1,Industrials,Nikkei 225,^N225,Japan,JPX,225,644769054720.0
TOKYO ELEC POWER CO HLDGS INC,9501,9501.T,0.11,Utilities,Nikkei 225,^N225,Japan,JPX,225,696744607744.0
TOSOH CORP,4042,4042.T,0.1,Basic Materials,Nikkei 225,^N225,Japan,JPX,225,663456382976.0
MITSUI CHEMICALS INC,4183,4183.T,0.1,Basic Materials,Nikkei 225,^N225,Japan,JPX,225,645580521472.0
MAZDA MOTOR CORP,7261,7261.T,0.1,Consumer Cyclical,Nikkei 225,^N225,Japan,JPX,225,650836377600.0
RESONAC HOLDINGS CORPORATION,4004,4004.T,0.1,Basic Materials,Nikkei 225,^N225,Japan,JPX,225,634525450240.0
MITSUBISHI MOTOR CORP,7211,7211.T,0.09,Consumer Cyclical,Nikkei 225,^N225,Japan,JPX,225,580493770752.0
SHARP CORP,6753,6753.T,0.09,Technology,Nikkei 225,^N225,Japan,JPX,225,623327969280.0
OJI HOLDINGS CORP,3861,3861.T,0.09,Basic Materials,Nikkei 225,^N225,Japan,JPX,225,604517302272.0
NISSAN CHEMICAL CORPORATION,4021,4021.T,0.09,Basic Materials,Nikkei 225,^N225,Japan,JPX,225,619535400960.0
KURARAY CO,3405,3405.T,0.09,Basic Materials,Nikkei 225,^N225,Japan,JPX,225,624091725824.0
SAPPORO HOLDINGS LIMITED,2501,2501.T,0.09,Consumer Defensive,Nikkei 225,^N225,Japan,JPX,225,607022481408.0
YAMAHA CORP,7951,7951.T,0.08,Consumer Cyclical,Nikkei 225,^N225,Japan,JPX,225,559537848320.0
SUMITOMO CHEMICAL COMPANY,4005,4005.T,0.09,Basic Materials,Nikkei 225,^N225,Japan,JPX,225,597395505152.0
CYBER AGENT,4751,4751.T,0.09,Communication Services,Nikkei 225,^N225,Japan,JPX,225,583659421696.0
YOKOHAMA RUBBER CO,5101,5101.T,0.08,Consumer Cyclical,Nikkei 225,^N225,Japan,JPX,225,546046115840.0
CREDIT SAISON CO,8253,8253.T,0.08,Financial Services,Nikkei 225,^N225,Japan,JPX,225,545045807104.0
ODAKYU ELECTRIC RAILWAY CO,9007,9007.T,0.08,Industrials,Nikkei 225,^N225,Japan,JPX,225,526455898112.0
TOBU RAILWAY CO,9001,9001.T,0.08,Industrials,Nikkei 225,^N225,Japan,JPX,225,535987781632.0
NGK INSULATORS,5333,5333.T,0.08,Industrials,Nikkei 225,^N225,Japan,JPX,225,559508750336.0
NIKON CORP,7731,7731.T,0.08,Consumer Cyclical,Nikkei 225,^N225,Japan,JPX,225,544127123456.0
HASEKO CORPORATION,1808,1808.T,0.08,Consumer Cyclical,Nikkei 225,^N225,Japan,JPX,225,525609697280.0
TOKYO TATEMONO CO,8804,8804.T,0.08,Real Estate,Nikkei 225,^N225,Japan,JPX,225,497440686080.0
NISSHIN SEIFUN GROUP INC,2002,2002.T,0.08,Consumer Defensive,Nikkei 225,^N225,Japan,JPX,225,502955638784.0
MARUI GROUP CO LTD,8252,8252.T,0.07,Financial Services,Nikkei 225,^N225,Japan,JPX,225,482702983168.0
J FRONT RETAILING CO LTD,3086,3086.T,0.07,Consumer Cyclical,Nikkei 225,^N225,Japan,JPX,225,487316422656.0
AMADA CO LTD,6113,6113.T,0.07,Industrials,Nikkei 225,^N225,Japan,JPX,225,478995644416.0
KEIO CORPORATION,9008,9008.T,0.07,Industrials,Nikkei 225,^N225,Japan,JPX,225,464594010112.0
NH FOODS LTD,2282,2282.T,0.07,Consumer Defensive,Nikkei 225,^N225,Japan,JPX,225,471936827392.0
NICHIREI CORP,2871,2871.T,0.07,Consumer Defensive,Nikkei 225,^N225,Japan,JPX,225,453019697152.0
TAIHEIYO CEMENT CORP,5233,5233.T,0.07,Basic Materials,Nikkei 225,^N225,Japan,JPX,225,440175624192.0
JAPAN STEEL WORKS,5631,5631.T,0.07,Industrials,Nikkei 225,^N225,Japan,JPX,225,438754639872.0
SUMCO CORPORATION,3436,3436.T,0.06,Technology,Nikkei 225,^N225,Japan,JPX,225,416502218752.0
MERCARI INC,4385,4385.T,0.06,Consumer Cyclical,Nikkei 225,^N225,Japan,JPX,225,403426082816.0
FURUKAWA ELECTRIC CO,5801,5801.T,0.06,Industrials,Nikkei 225,^N225,Japan,JPX,225,411917025280.0
SUMITOMO HEAVY INDUSTRIES,6302,6302.T,0.06,Industrials,Nikkei 225,^N225,Japan,JPX,225,384335642624.0
JTEKT CORPORATION,6473,6473.T,0.06,Consumer Cyclical,Nikkei 225,^N225,Japan,JPX,225,390376095744.0
MITSUBISHI LOGISTICS CORP,9301,9301.T,0.05,Industrials,Nikkei 225,^N225,Japan,JPX,225,356373299200.0
COMSYS HOLDINGS CORP,1721,1721.T,0.06,Industrials,Nikkei 225,^N225,Japan,JPX,225,379998601216.0
DENA CO LTD,2432,2432.T,0.06,Industrials,Nikkei 225,^N225,Japan,JPX,225,375087431680.0
TAKASHIMAYA CO,8233,8233.T,0.06,Consumer Cyclical,Nikkei 225,^N225,Japan,JPX,225,374344351744.0
SOCIONEXT INC,6526,6526.T,0.05,Industrials,Nikkei 225,^N225,Japan,JPX,225,361090383872.0
MITSUBISHI MATERIALS CORP,5711,5711.T,0.05,Basic Materials,Nikkei 225,^N225,Japan,JPX,225,332333711360.0
ALPS ALPINE CO LTD,6770,6770.T,0.05,Technology,Nikkei 225,^N225,Japan,JPX,225,320201719808.0
TAIYO YUDEN CO LTD,6976,6976.T,0.05,Technology,Nikkei 225,^N225,Japan,JPX,225,308901281792.0
NSK,6471,6471.T,0.05,Consumer Cyclical,Nikkei 225,^N225,Japan,JPX,225,319181160448.0
AOZORA BANK,8304,8304.T,0.05,Financial Services,Nikkei 225,^N225,Japan,JPX,225,298626187264.0
JGC HOLDINGS CORPORATION,1963,1963.T,0.04,Industrials,Nikkei 225,^N225,Japan,JPX,225,288563527680.0
NIPPON ELECTRIC GLASS,5214,5214.T,0.04,Technology,Nikkei 225,^N225,Japan,JPX,225,284926083072.0
DOWA HOLDINGS,5714,5714.T,0.04,Basic Materials,Nikkei 225,^N225,Japan,JPX,225,284109701120.0
CASIO COMPUTER CO,6952,6952.T,0.04,Technology,Nikkei 225,^N225,Japan,JPX,225,282094141440.0
SUMITOMO PHARMA CO LTD,4506,4506.T,0.04,Healthcare,Nikkei 225,^N225,Japan,JPX,225,282473168896.0
NISSUI CORPORATION,1332,1332.T,0.04,Consumer Defensive,Nikkei 225,^N225,Japan,JPX,225,275296813056.0
HINO MOTORS,7205,7205.T,0.04,Industrials,Nikkei 225,^N225,Japan,JPX,225,272212148224.0
TEIJIN LTD,3401,3401.T,0.04,Industrials,Nikkei 225,^N225,Japan,JPX,225,262810058752.0
KONICA MINOLTA INC,4902,4902.T,0.04,Industrials,Nikkei 225,^N225,Japan,JPX,225,261659738112.0
MITSUI MINING & SMELTING CO,5706,5706.T,0.04,Industrials,Nikkei 225,^N225,Japan,JPX,225,253433282560.0
GS YUASA CORP,6674,6674.T,0.04,Consumer Cyclical,Nikkei 225,^N225,Japan,JPX,225,250755006464.0
CITIZEN WATCH CO LTD,7762,7762.T,0.03,Consumer Cyclical,Nikkei 225,^N225,Japan,JPX,225,226798157824.0
OKUMA CORPORATION,6103,6103.T,0.03,Industrials,Nikkei 225,^N225,Japan,JPX,225,217201098752.0
UBE CORPORATION,4208,4208.T,0.03,Basic Materials,Nikkei 225,^N225,Japan,JPX,225,222748540928.0
TOKAI CARBON CO,5301,5301.T,0.03,Basic Materials,Nikkei 225,^N225,Japan,JPX,225,207602483200.0
TOKUYAMA CORP,4043,4043.T,0.03,Basic Materials,Nikkei 225,^N225,Japan,JPX,225,208064364544.0
DENKA COMPANY LIMITED,4061,4061.T,0.03,Basic Materials,Nikkei 225,^N225,Japan,JPX,225,189587193856.0
KANADEVIA CORPORATION,7004,7004.T,0.02,Industrials,Nikkei 225,^N225,Japan,JPX,225,162470559744.0
NTN CORP,6472,6472.T,0.02,Industrials,Nikkei 225,^N225,Japan,JPX,225,131985899520.0
SAP SE                        I,SAP,SAP.DE,13.28,Technology,DAX,^GDAXI,Germany,GER,40,277765062656.0
SIEMENS AG                    N,SIE,SIE.DE,8.52,Industrials,DAX,^GDAXI,Germany,GER,40,178181865472.0
Allianz SE                    v,ALV,ALV.DE,6.49,Financial Services,DAX,^GDAXI,Germany,GER,40,135727718400.0
Airbus SE                     A,AIR,AIR.DE,6.22,Industrials,DAX,^GDAXI,Netherlands,GER,40,130179883008.0
MUENCHENER RUECKVERS.-GES. AG V,MUV2,MUV2.DE,3.68,Financial Services,DAX,^GDAXI,Germany,GER,40,76992249856.0
Mercedes-Benz Group AG        N,MBG,MBG.DE,2.77,Consumer Cyclical,DAX,^GDAXI,Germany,GER,40,57995706368.0
Siemens Healthineers AG       N,SHL,SHL.DE,2.85,Healthcare,DAX,^GDAXI,Germany,GER,40,59611254784.0
RHEINMETALL AG                I,RHM,RHM.DE,2.82,Industrials,DAX,^GDAXI,Germany,GER,40,58960965632.0
VOLKSWAGEN AG                 V,VOW3,VOW3.DE,2.65,Consumer Cyclical,DAX,^GDAXI,Germany,GER,40,55349153792.0
BAYERISCHE MOTOREN WERKE AG   S,BMW,BMW.DE,2.44,Consumer Cyclical,DAX,^GDAXI,Germany,GER,40,51076222976.0
Dr. Ing. h.c. F. Porsche AG   I,P911,P911.DE,2.39,Consumer Cyclical,DAX,^GDAXI,Germany,GER,40,50009669632.0
DEUTSCHE POST AG              N,DHL,DHL.DE,2.35,Industrials,DAX,^GDAXI,Germany,GER,40,49135513600.0
DEUTSCHE BOERSE AG            N,DB1,DB1.DE,2.34,Financial Services,DAX,^GDAXI,Germany,GER,40,48953896960.0
BASF SE                       N,BAS,BAS.DE,2.24,Basic Materials,DAX,^GDAXI,Germany,GER,40,46884179968.0
Siemens Energy AG             N,ENR,ENR.DE,2.18,Industrials,DAX,^GDAXI,Germany,GER,40,45610057728.0
INFINEON TECHNOLOGIES AG      N,IFX,IFX.DE,2.12,Technology,DAX,^GDAXI,Germany,GER,40,44340334592.0
DEUTSCHE BANK AG              N,DBK,DBK.DE,1.99,Financial Services,DAX,^GDAXI,Germany,GER,40,41706373120.0
adidas AG                     N,ADS,ADS.DE,1.94,Consumer Cyclical,DAX,^GDAXI,Germany,GER,40,40477057024.0
E.ON SE                       N,EOAN,EOAN.DE,1.63,Utilities,DAX,^GDAXI,Germany,GER,40,34192152576.0
HANNOVER RUECK SE NA O.N.,HNR1,HNR1.DE,1.57,Financial Services,DAX,^GDAXI,Germany,GER,40,32766205952.0
Daimler Truck Holding AG      N,DTG,DTG.DE,1.58,Industrials,DAX,^GDAXI,Germany,GER,40,32955426816.0
BEIERSDORF AG                 I,BEI,BEI.DE,1.44,Consumer Defensive,DAX,^GDAXI,Germany,GER,40,30089248768.0
Heidelberg Materials AG       I,HEI,HEI.DE,1.48,Basic Materials,DAX,^GDAXI,Germany,GER,40,30891894784.0
Henkel AG & Co. KGaA          I,HEN3,HEN3.DE,1.42,Consumer Defensive,DAX,^GDAXI,Germany,GER,40,29603647488.0
Commerzbank AG                I,CBK,CBK.DE,1.34,Financial Services,DAX,^GDAXI,Germany,GER,40,27993749504.0
RWE AG                        I,RWE,RWE.DE,1.15,Utilities,DAX,^GDAXI,Germany,GER,40,24115324928.0
Bayer AG                      N,BAYN,BAYN.DE,1.1,Healthcare,DAX,^GDAXI,Germany,GER,40,23013281792.0
Fresenius SE & Co. KGaA       I,FRE,FRE.DE,1.05,Healthcare,DAX,^GDAXI,Germany,GER,40,22011301888.0
Vonovia SE                    N,VNA,VNA.DE,1.03,Real Estate,DAX,^GDAXI,Germany,GER,40,21608120320.0
MTU Aero Engines AG           N,MTX,MTX.DE,0.84,Industrials,DAX,^GDAXI,Germany,GER,40,17647609856.0
SARTORIUS AG                  V,SRT3,SRT3.DE,0.71,Healthcare,DAX,^GDAXI,Germany,GER,40,14830809088.0
CONTINENTAL AG                I,CON,CON.DE,0.66,Consumer Cyclical,DAX,^GDAXI,Germany,GER,40,13804413952.0
Symrise AG                    I,SY1,SY1.DE,0.63,Basic Materials,DAX,^GDAXI,Germany,GER,40,13155341312.0
Fresenius Medical Care AG     I,FME,FME.DE,0.61,Healthcare,DAX,^GDAXI,Germany,GER,40,12854423552.0
Porsche Automobil Holding SE  I,PAH3,PAH3.DE,0.57,Consumer Cyclical,DAX,^GDAXI,Germany,GER,40,11911049216.0
Brenntag SE                   N,BNR,BNR.DE,0.45,Basic Materials,DAX,^GDAXI,Germany,GER,40,9426872320.0
Zalando SE                    I,ZAL,ZAL.DE,0.39,Consumer Cyclical,DAX,^GDAXI,Germany,GER,40,8082032640.0
Qiagen N.V.                   A,QIA,QIA.DE,0.37,Healthcare,DAX,^GDAXI,Netherlands,GER,40,7759609344.0
KPN KON,KPN,KPN.AS,1.54,Communication Services,AEX-Index,^AEX,Netherlands,AMS,22,14696266752.0
ASR NEDERLAND,ASRNL,ASRNL.AS,1.15,Financial Services,AEX-Index,^AEX,Netherlands,AMS,22,10912935936.0
RELX,REN,REN.AS,8.61,Industrials,AEX-Index,^AEX,United Kingdom,AMS,22,81949188096.0
WOLTERS KLUWER,WKL,WKL.AS,3.48,Industrials,AEX-Index,^AEX,Netherlands,AMS,22,33114413056.0
UNILEVER PLC,UNA,UNA.AS,14.13,Consumer Defensive,AEX-Index,^AEX,United Kingdom,AMS,22,134495215616.0
JUST EAT TAKEAWAY.COM N.V.,TKWY,TKWY.AS,0.4,Consumer Cyclical,AEX-Index,^AEX,Netherlands,AMS,22,3852067584.0
IMCD,IMCD,IMCD.AS,0.82,Basic Materials,AEX-Index,^AEX,Netherlands,AMS,22,7779906560.0
GALAPAGOS,GLPG,GLPG.AS,0.17,Healthcare,AEX-Index,^AEX,Belgium,AMS,22,1613352832.0
NN GROUP,NN,NN.AS,1.39,Financial Services,AEX-Index,^AEX,Netherlands,AMS,22,13213617152.0
KONINKLIJKE AHOLD DELHAIZE N.V.,AD,AD.AS,3.28,Consumer Defensive,AEX-Index,^AEX,Netherlands,AMS,22,31244572672.0
ADYEN,ADYEN,ADYEN.AS,5.08,Technology,AEX-Index,^AEX,Netherlands,AMS,22,48387715072.0
ING GROEP N.V.,INGA,INGA.AS,5.94,Financial Services,AEX-Index,^AEX,Netherlands,AMS,22,56537063424.0
AKZO NOBEL,AKZA,AKZA.AS,1.12,Basic Materials,AEX-Index,^AEX,Netherlands,AMS,22,10656600064.0
AEGON,AGN,AGN.AS,1.0,Financial Services,AEX-Index,^AEX,Netherlands,AMS,22,9499293696.0
ABN AMRO BANK N.V.,ABN,ABN.AS,1.7,Financial Services,AEX-Index,^AEX,Netherlands,AMS,22,16167136256.0
KON.PHILIPS N.V.,PHIA,PHIA.AS,2.41,Healthcare,AEX-Index,^AEX,Netherlands,AMS,22,22981263360.0
HEINEKEN,HEIA,HEIA.AS,4.73,Consumer Defensive,AEX-Index,^AEX,Netherlands,AMS,22,45060591616.0
ASM International N.V.,ASM,ASM.AS,2.33,Technology,AEX-Index,^AEX,Netherlands,AMS,22,22152656896.0
ARCELORMITTAL SA,MT,MT.AS,2.34,Basic Materials,AEX-Index,^AEX,Luxembourg,AMS,22,22318606336.0
PROSUS,PRX,PRX.AS,10.58,Communication Services,AEX-Index,^AEX,Netherlands,AMS,22,100736196608.0
Randstad N.V.,RAND,RAND.AS,0.79,Industrials,AEX-Index,^AEX,Netherlands,AMS,22,7553020416.0
LVMH,MC,MC.PA,5.92,Consumer Cyclical,STOXX 50,^STOXX50E,France,PAR,50,308925956096.0
HERMES INTL,RMS,RMS.PA,5.12,Consumer Cyclical,STOXX 50,^STOXX50E,France,PAR,50,266755997696.0
L'OREAL,OR,OR.PA,3.76,Consumer Defensive,STOXX 50,^STOXX50E,France,PAR,50,195852058624.0
INDUSTRIA DE DISE...O TEXTIL S.,ITX,ITX.MC,2.67,Consumer Cyclical,STOXX 50,^STOXX50E,Spain,MCE,50,139434409984.0
SCHNEIDER ELECTRIC SE,SU,SU.PA,2.46,Industrials,STOXX 50,^STOXX50E,France,PAR,50,128485318656.0
SANOFI,SAN,SAN.PA,2.56,Healthcare,STOXX 50,^STOXX50E,France,PAR,50,133507334144.0
TOTALENERGIES,TTE,TTE.PA,2.45,Energy,STOXX 50,^STOXX50E,France,PAR,50,127602343936.0
SAFRAN,SAF,SAF.PA,2.01,Industrials,STOXX 50,^STOXX50E,France,PAR,50,104995422208.0
AIR LIQUIDE,AI,AI.PA,2.0,Basic Materials,STOXX 50,^STOXX50E,France,PAR,50,104534147072.0
AB INBEV,ABI,ABI.BR,2.17,Consumer Defensive,STOXX 50,^STOXX50E,Belgium,BRU,50,112959143936.0
ACCIONES IBERDROLA,IBE,IBE.MC,1.67,Utilities,STOXX 50,^STOXX50E,Spain,MCE,50,87294533632.0
AXA,CS,CS.PA,1.65,Financial Services,STOXX 50,^STOXX50E,France,PAR,50,85865611264.0
INTESA SANPAOLO,ISP,ISP.MI,1.65,Financial Services,STOXX 50,^STOXX50E,Italy,MIL,50,85794570240.0
FERRARI,RACE,RACE.MI,1.44,Consumer Cyclical,STOXX 50,^STOXX50E,Italy,MIL,50,75030929408.0
BNP PARIBAS ACT.A,BNP,BNP.PA,1.63,Financial Services,STOXX 50,^STOXX50E,France,PAR,50,85081202688.0
UNICREDIT,UCG,UCG.MI,1.57,Financial Services,STOXX 50,^STOXX50E,Italy,MIL,50,81745805312.0
ENEL,ENEL,ENEL.MI,1.37,Utilities,STOXX 50,^STOXX50E,Italy,MIL,50,71285293056.0
BANCO BILBAO VIZCAYA ARGENTARIA,BBVA,BBVA.MC,1.44,Financial Services,STOXX 50,^STOXX50E,Spain,MCE,50,74979966976.0
SAINT GOBAIN,SGO,SGO.PA,0.97,Industrials,STOXX 50,^STOXX50E,France,PAR,50,50580234240.0
DANONE,BN,BN.PA,0.89,Consumer Defensive,STOXX 50,^STOXX50E,France,PAR,50,46482370560.0
ENI,ENI,ENI.MI,0.8,Energy,STOXX 50,^STOXX50E,Italy,MIL,50,41660026880.0
Nordea Bank Abp,NDA-SE,NDA-SE.ST,9.61,Financial Services,STOXX 50,^STOXX50E,Finland,STO,50,501197111296.0
STELLANTIS NV,STLAP,STLAP.PA,0.63,Consumer Cyclical,STOXX 50,^STOXX50E,Netherlands,PAR,50,32693977088.0
KERING,KER,KER.PA,0.53,Consumer Cyclical,STOXX 50,^STOXX50E,France,PAR,50,27616100352.0
PERNOD RICARD,RI,RI.PA,0.48,Consumer Defensive,STOXX 50,^STOXX50E,France,PAR,50,25237342208.0
Nokia Corporation,NOKIA,NOKIA.HE,0.51,Technology,STOXX 50,^STOXX50E,Finland,HEL,50,26486927360.0
"CAIXABANK, S.A.",CABK,CABK.MC,6.24,Financial Services,IBEX 35,^IBEX,Spain,MCE,35,49446490112.0
"AENA, S.M.E., S.A.",AENA,AENA.MC,4.06,Industrials,IBEX 35,^IBEX,Spain,MCE,35,32190001152.0
"AMADEUS IT GROUP, S.A.",AMS,AMS.MC,3.81,Technology,IBEX 35,^IBEX,Spain,MCE,35,30174922752.0
FERROVIAL SE,FER,FER.MC,3.6,Industrials,IBEX 35,^IBEX,Netherlands,MCE,35,28528730112.0
"TELEFONICA,S.A.",TEF,TEF.MC,3.14,Communication Services,IBEX 35,^IBEX,Spain,MCE,35,24892551168.0
"NATURGY ENERGY GROUP, S.A.",NTGY,NTGY.MC,3.05,Utilities,IBEX 35,^IBEX,Spain,MCE,35,24152852480.0
ARCELORMITTAL SA,MTS,MTS.MC,2.81,Basic Materials,IBEX 35,^IBEX,Luxembourg,MCE,35,22272491520.0
"ENDESA,S.A.",ELE,ELE.MC,2.94,Utilities,IBEX 35,^IBEX,Spain,MCE,35,23298686976.0
"CELLNEX TELECOM, S.A.",CLNX,CLNX.MC,2.9,Real Estate,IBEX 35,^IBEX,Spain,MCE,35,22946895872.0
INTL CONSOLIDATED AIRLINES GROU,IAG,IAG.MC,2.01,Industrials,IBEX 35,^IBEX,United Kingdom,MCE,35,15890861056.0
BANCO DE SABADELL,SAB,SAB.MC,1.83,Financial Services,IBEX 35,^IBEX,Spain,MCE,35,14492886016.0
"ACS,ACTIVIDADES DE CONSTRUCCION",ACS,ACS.MC,1.7,Industrials,IBEX 35,^IBEX,Spain,MCE,35,13429866496.0
"REPSOL,  S.A.",REP,REP.MC,1.68,Energy,IBEX 35,^IBEX,Spain,MCE,35,13333315584.0
Non disponible,PUIG.MC,PUIG.MC,,Non disponible,IBEX 35,^IBEX,Non disponible,Non disponible,35,
"REDEIA CORPORACION, S.A.",RED,RED.MC,1.2,Utilities,IBEX 35,^IBEX,Spain,MCE,35,9527392256.0
"BANKINTER, S.A.",BKT,BKT.MC,1.16,Financial Services,IBEX 35,^IBEX,Spain,MCE,35,9193464832.0
"MAPFRE, S.A.",MAP,MAP.MC,1.08,Financial Services,IBEX 35,^IBEX,Spain,MCE,35,8582445568.0
"ACCIONA, S.A.",ANA,ANA.MC,0.83,Industrials,IBEX 35,^IBEX,Spain,MCE,35,6543796224.0
CORPORACI...N ACCIONA ENERG...A,ANE,ANE.MC,0.72,Utilities,IBEX 35,^IBEX,Spain,MCE,35,5724294656.0
GRIFOLS S.A.,GRF,GRF.MC,0.73,Healthcare,IBEX 35,^IBEX,Spain,MCE,35,5816528896.0
"MERLIN PROPERTIES SOCIMI, S.A.",MRL,MRL.MC,0.69,Real Estate,IBEX 35,^IBEX,Spain,MCE,35,5441316864.0
"INDRA SISTEMAS S.A., SERIE A",IDR,IDR.MC,0.56,Technology,IBEX 35,^IBEX,Spain,MCE,35,4457971200.0
"UNICAJA BANCO, S.A.",UNI,UNI.MC,0.56,Financial Services,IBEX 35,^IBEX,Spain,MCE,35,4424300032.0
"FLUIDRA, S.A.",FDR,FDR.MC,0.53,Industrials,IBEX 35,^IBEX,Spain,MCE,35,4180012544.0
COMPA...IA DE DISTRIBUCION INTE,LOG,LOG.MC,0.46,Industrials,IBEX 35,^IBEX,Spain,MCE,35,3640053760.0
"ENAGAS,S.A.",ENG,ENG.MC,0.42,Utilities,IBEX 35,^IBEX,Spain,MCE,35,3351745792.0
"INMOBILIARIA COLONIAL, SOCIMI S",COL,COL.MC,0.42,Real Estate,IBEX 35,^IBEX,Spain,MCE,35,3290684928.0
LABORATORIOS FARMACEUTICOS ROVI,ROVI,ROVI.MC,0.34,Healthcare,IBEX 35,^IBEX,Spain,MCE,35,2662331392.0
"ACERINOX, S.A.",ACX,ACX.MC,0.35,Basic Materials,IBEX 35,^IBEX,Spain,MCE,35,2793857024.0
"SACYR, S.A.",SCYR,SCYR.MC,0.32,Industrials,IBEX 35,^IBEX,Spain,MCE,35,2546071808.0
SOLARIA ENERGIA Y MEDIO AMBIENT,SLR,SLR.MC,0.12,Utilities,IBEX 35,^IBEX,Spain,MCE,35,919639360.0
COFINIMMO,COFB,COFB.BR,0.71,Real Estate,BEL 20,^BFX,Belgium,BRU,19,2341793792.0
ARGENX SE,ARGX,ARGX.BR,9.94,Healthcare,BEL 20,^BFX,Netherlands,BRU,19,32822638592.0
ACKERMANS V.HAAREN,ACKB,ACKB.BR,1.94,Industrials,BEL 20,^BFX,Belgium,BRU,19,6408990720.0
SOLVAY,SOLB,SOLB.BR,1.09,Basic Materials,BEL 20,^BFX,Belgium,BRU,19,3607098368.0
PROXIMUS,PROX,PROX.BR,0.66,Communication Services,BEL 20,^BFX,Belgium,BRU,19,2180938240.0
AEDIFICA,AED,AED.BR,0.9,Real Estate,BEL 20,^BFX,Belgium,BRU,19,2957172224.0
AGEAS,AGS,AGS.BR,2.99,Financial Services,BEL 20,^BFX,Belgium,BRU,19,9870989312.0
WAREHOUSES DE PAUW,WDP,WDP.BR,1.49,Real Estate,BEL 20,^BFX,Belgium,BRU,19,4914480640.0
UMICORE,UMI,UMI.BR,0.65,Industrials,BEL 20,^BFX,Belgium,BRU,19,2133066368.0
GBL,GBLB,GBLB.BR,2.53,Financial Services,BEL 20,^BFX,Belgium,BRU,19,8362183168.0
KBC,KBC,KBC.BR,10.25,Financial Services,BEL 20,^BFX,Belgium,BRU,19,33853515776.0
Colruyt Group N.V.,COLR,COLR.BR,1.43,Consumer Defensive,BEL 20,^BFX,Belgium,BRU,19,4709817856.0
SOFINA,SOF,SOF.BR,2.32,Financial Services,BEL 20,^BFX,Belgium,BRU,19,7653965824.0
UCB,UCB,UCB.BR,10.3,Healthcare,BEL 20,^BFX,Belgium,BRU,19,34016694272.0
BARCO,BAR,BAR.BR,0.33,Technology,BEL 20,^BFX,Belgium,BRU,19,1077399168.0
APERAM,APAM,APAM.AS,0.7,Basic Materials,BEL 20,^BFX,Luxembourg,AMS,19,2322089216.0
Neste Corporation,NESTE,NESTE.HE,2.81,Energy,OMX Helsinki 25,^OMXH25,Finland,HEL,25,6791029760.0
TietoEVRY Corporation,TIETO,TIETO.HE,0.95,Technology,OMX Helsinki 25,^OMXH25,Finland,HEL,25,2301928960.0
Kojamo Plc,KOJAMO,KOJAMO.HE,0.85,Real Estate,OMX Helsinki 25,^OMXH25,Finland,HEL,25,2045116544.0
KONE Corporation,KNEBV,KNEBV.HE,11.43,Industrials,OMX Helsinki 25,^OMXH25,Finland,HEL,25,27610802176.0
UPM-Kymmene Corporation,UPM,UPM.HE,5.99,Basic Materials,OMX Helsinki 25,^OMXH25,Finland,HEL,25,14465501184.0
Huhtamäki Oyj,HUH1V,HUH1V.HE,1.51,Consumer Cyclical,OMX Helsinki 25,^OMXH25,Finland,HEL,25,3656158976.0
Elisa Corporation,ELISA,ELISA.HE,3.08,Communication Services,OMX Helsinki 25,^OMXH25,Finland,HEL,25,7446184960.0
Sampo Plc A,SAMPO,SAMPO.HE,9.64,Financial Services,OMX Helsinki 25,^OMXH25,Finland,HEL,25,23284609024.0
Qt Group Oyj,QTCOM,QTCOM.HE,0.83,Technology,OMX Helsinki 25,^OMXH25,Finland,HEL,25,2010982912.0
Stora Enso Oyj R,STERV,STERV.HE,3.2,Basic Materials,OMX Helsinki 25,^OMXH25,Finland,HEL,25,7728288768.0
Metsä Board Oyj B,METSB,METSB.HE,0.59,Consumer Cyclical,OMX Helsinki 25,^OMXH25,Finland,HEL,25,1434352384.0
Orion Corporation B,ORNBV,ORNBV.HE,3.2,Healthcare,OMX Helsinki 25,^OMXH25,Finland,HEL,25,7721614336.0
Wärtsilä Corporation,WRT1V,WRT1V.HE,4.31,Industrials,OMX Helsinki 25,^OMXH25,Finland,HEL,25,10406510592.0
Fortum Corporation,FORTUM,FORTUM.HE,5.74,Utilities,OMX Helsinki 25,^OMXH25,Finland,HEL,25,13871700992.0
Nokian Tyres Plc,TYRES,TYRES.HE,0.38,Consumer Cyclical,OMX Helsinki 25,^OMXH25,Finland,HEL,25,908011840.0
Mandatum Oyj,MANTA,MANTA.HE,1.14,Financial Services,OMX Helsinki 25,^OMXH25,Finland,HEL,25,2761817344.0
Kesko Corporation B,KESKOB,KESKOB.HE,3.1,Consumer Defensive,OMX Helsinki 25,^OMXH25,Finland,HEL,25,7496797696.0
Nordea Bank Abp,NDA-FI,NDA-FI.HE,18.89,Financial Services,OMX Helsinki 25,^OMXH25,Finland,HEL,25,45642833920.0
Metso Oyj,METSO,METSO.HE,3.76,Industrials,OMX Helsinki 25,^OMXH25,Finland,HEL,25,9071903744.0
Cargotec Oyj,CGCBV,CGCBV.HE,1.2,Industrials,OMX Helsinki 25,^OMXH25,Finland,HEL,25,2893821440.0
Kemira Oyj,KEMIRA,KEMIRA.HE,1.41,Basic Materials,OMX Helsinki 25,^OMXH25,Finland,HEL,25,3406813952.0
Konecranes Plc,KCR,KCR.HE,2.25,Industrials,OMX Helsinki 25,^OMXH25,Finland,HEL,25,5426179584.0
Valmet Corporation,VALMT,VALMT.HE,2.11,Industrials,OMX Helsinki 25,^OMXH25,Finland,HEL,25,5092663296.0
Outokumpu Oyj,OUT1V,OUT1V.HE,0.66,Basic Materials,OMX Helsinki 25,^OMXH25,Finland,HEL,25,1590014080.0
DASSAULT SYSTEMES,DSY,DSY.PA,1.98,Technology,CAC 40,^FCHI,France,PAR,40,50690007040.0
THALES,HO,HO.PA,1.99,Industrials,CAC 40,^FCHI,France,PAR,40,50911379456.0
CREDIT AGRICOLE,ACA,ACA.PA,1.94,Financial Services,CAC 40,^FCHI,France,PAR,40,49512767488.0
ENGIE,ENGI,ENGI.PA,1.64,Utilities,CAC 40,^FCHI,France,PAR,40,41880915968.0
ORANGE,ORA,ORA.PA,1.23,Communication Services,CAC 40,^FCHI,France,PAR,40,31485450240.0
SOCIETE GENERALE,GLE,GLE.PA,1.25,Financial Services,CAC 40,^FCHI,France,PAR,40,31977697280.0
LEGRAND,LR,LR.PA,1.09,Industrials,CAC 40,^FCHI,France,PAR,40,27790659584.0
CAPGEMINI,CAP,CAP.PA,0.98,Technology,CAC 40,^FCHI,France,PAR,40,25006327808.0
MICHELIN,ML,ML.PA,0.95,Non disponible,CAC 40,^FCHI,Non disponible,PAR,40,24238002176.0
PUBLICIS GROUPE SA,PUB,PUB.PA,0.91,Communication Services,CAC 40,^FCHI,France,PAR,40,23356088320.0
VEOLIA ENVIRON.,VIE,VIE.PA,0.87,Industrials,CAC 40,^FCHI,France,PAR,40,22286254080.0
STMICROELECTRONICS,STMPA,STMPA.PA,0.8,Technology,CAC 40,^FCHI,Netherlands,PAR,40,20509710336.0
RENAULT,RNO,RNO.PA,0.55,Consumer Cyclical,CAC 40,^FCHI,France,PAR,40,14044549120.0
BOUYGUES,EN,EN.PA,0.52,Industrials,CAC 40,^FCHI,France,PAR,40,13388268544.0
BUREAU VERITAS,BVI,BVI.PA,0.5,Industrials,CAC 40,^FCHI,France,PAR,40,12758284288.0
UNIBAIL-RODAMCO-WESTFIELD,URW,URW.PA,0.42,Real Estate,CAC 40,^FCHI,France,PAR,40,10865858560.0
ACCOR,AC,AC.PA,0.43,Consumer Cyclical,CAC 40,^FCHI,France,PAR,40,11042296832.0
EUROFINS SCIENT.,ERF,ERF.PA,0.36,Healthcare,CAC 40,^FCHI,Luxembourg,PAR,40,9262397440.0
CARREFOUR,CA,CA.PA,0.33,Consumer Defensive,CAC 40,^FCHI,France,PAR,40,8508631040.0
EDENRED,EDEN,EDEN.PA,0.3,Financial Services,CAC 40,^FCHI,France,PAR,40,7787793920.0
TELEPERFORMANCE,TEP,TEP.PA,0.23,Industrials,CAC 40,^FCHI,France,PAR,40,5773366272.0
Evolution AB,EVO,EVO.ST,1.48,Consumer Cyclical,OMX Stockholm 30,^OMXS30,Sweden,STO,30,163545055232.0
Atlas Copco AB ser. A,ATCO-A,ATCO-A.ST,7.46,Industrials,OMX Stockholm 30,^OMXS30,Sweden,STO,30,825844760576.0
Essity AB ser. B,ESSITY-B,ESSITY-B.ST,1.88,Consumer Defensive,OMX Stockholm 30,^OMXS30,Sweden,STO,30,208072671232.0
Sinch AB,SINCH,SINCH.ST,0.17,Communication Services,OMX Stockholm 30,^OMXS30,Sweden,STO,30,18825154560.0
ASSA ABLOY AB ser. B,ASSA-B,ASSA-B.ST,3.21,Industrials,OMX Stockholm 30,^OMXS30,Sweden,STO,30,355005300736.0
Telia Company AB,TELIA,TELIA.ST,1.28,Communication Services,OMX Stockholm 30,^OMXS30,Sweden,STO,30,141909852160.0
Alfa Laval AB,ALFA,ALFA.ST,1.7,Industrials,OMX Stockholm 30,^OMXS30,Sweden,STO,30,188641984512.0
ABB Ltd,ABB,ABB.ST,9.26,Industrials,OMX Stockholm 30,^OMXS30,Switzerland,STO,30,1025269497856.0
Skandinaviska Enskilda Banken s,SEB-A,SEB-A.ST,3.15,Financial Services,OMX Stockholm 30,^OMXS30,Sweden,STO,30,348297756672.0
Svenska Cellulosa AB SCA ser. B,SCA-B,SCA-B.ST,0.91,Basic Materials,OMX Stockholm 30,^OMXS30,Sweden,STO,30,101118492672.0
Atlas Copco AB ser. B,ATCO-B,ATCO-B.ST,7.5,Industrials,OMX Stockholm 30,^OMXS30,Sweden,STO,30,830130421760.0
Swedbank AB ser A,SWED-A,SWED-A.ST,2.66,Financial Services,OMX Stockholm 30,^OMXS30,Sweden,STO,30,294354649088.0
Tele2 AB ser. B,TEL2-B,TEL2-B.ST,0.81,Communication Services,OMX Stockholm 30,^OMXS30,Sweden,STO,30,90140704768.0
Svenska Handelsbanken ser. A,SHB-A,SHB-A.ST,2.39,Financial Services,OMX Stockholm 30,^OMXS30,Sweden,STO,30,264386035712.0
"Hennes & Mauritz AB, H & M ser.",HM-B,HM-B.ST,1.96,Consumer Cyclical,OMX Stockholm 30,^OMXS30,Sweden,STO,30,216766611456.0
Hexagon AB ser. B,HEXA-B,HEXA-B.ST,2.8,Technology,OMX Stockholm 30,^OMXS30,Sweden,STO,30,310582738944.0
"SKF, AB ser. B",SKF-B,SKF-B.ST,0.95,Industrials,OMX Stockholm 30,^OMXS30,Sweden,STO,30,105049309184.0
"Volvo, AB ser. B",VOLV-B,VOLV-B.ST,5.76,Industrials,OMX Stockholm 30,^OMXS30,Sweden,STO,30,637689921536.0
Boliden AB,BOL,BOL.ST,0.9,Basic Materials,OMX Stockholm 30,^OMXS30,Sweden,STO,30,99324674048.0
Investor AB ser. B,INVE-B,INVE-B.ST,8.52,Financial Services,OMX Stockholm 30,^OMXS30,Sweden,STO,30,943226683392.0
"Ericsson, Telefonab. L M ser. B",ERIC-B,ERIC-B.ST,2.49,Technology,OMX Stockholm 30,^OMXS30,Sweden,STO,30,275459768320.0
Sandvik AB,SAND,SAND.ST,2.64,Industrials,OMX Stockholm 30,^OMXS30,Sweden,STO,30,292021993472.0
Kinnevik AB ser. B,KINV-B,KINV-B.ST,0.19,Financial Services,OMX Stockholm 30,^OMXS30,Sweden,STO,30,21212383232.0
"Electrolux, AB ser. B",ELUX-B,ELUX-B.ST,0.22,Consumer Cyclical,OMX Stockholm 30,^OMXS30,Sweden,STO,30,24699850752.0
NIBE Industrier AB ser. B,NIBE-B,NIBE-B.ST,0.81,Industrials,OMX Stockholm 30,^OMXS30,Sweden,STO,30,90178813952.0
Getinge AB ser. B,GETI-B,GETI-B.ST,0.55,Healthcare,OMX Stockholm 30,^OMXS30,Sweden,STO,30,60874690560.0
Samhällsbyggnadsbo. i Norden A,SBB-B,SBB-B.ST,0.05,Real Estate,OMX Stockholm 30,^OMXS30,Sweden,STO,30,6003506176.0
SAAB AB ser. B,SAAB-B,SAAB-B.ST,1.9,Industrials,OMX Stockholm 30,^OMXS30,Sweden,STO,30,209976737792.0
GENERALI,G,G.MI,6.17,Financial Services,FTSE MIB Index,FTSEMIB.MI,Italy,MIL,40,48028143616.0
STELLANTIS,STLAM,STLAM.MI,4.19,Consumer Cyclical,FTSE MIB Index,FTSEMIB.MI,Netherlands,MIL,40,32634691584.0
LEONARDO,LDO,LDO.MI,3.41,Industrials,FTSE MIB Index,FTSEMIB.MI,Italy,MIL,40,26573744128.0
POSTE ITALIANE,PST,PST.MI,2.72,Industrials,FTSE MIB Index,FTSEMIB.MI,Italy,MIL,40,21179983872.0
TENARIS,TEN,TEN.MI,2.4,Energy,FTSE MIB Index,FTSEMIB.MI,Luxembourg,MIL,40,18663346176.0
STMICROELECTRONICS,STMMI,STMMI.MI,2.63,Technology,FTSE MIB Index,FTSEMIB.MI,Netherlands,MIL,40,20495796224.0
MONCLER,MONC,MONC.MI,2.21,Consumer Cyclical,FTSE MIB Index,FTSEMIB.MI,Italy,MIL,40,17207042048.0
PRYSMIAN,PRY,PRY.MI,2.1,Industrials,FTSE MIB Index,FTSEMIB.MI,Italy,MIL,40,16332368896.0
TERNA,TRN,TRN.MI,2.03,Utilities,FTSE MIB Index,FTSEMIB.MI,Italy,MIL,40,15810030592.0
SNAM,SRG,SRG.MI,1.97,Utilities,FTSE MIB Index,FTSEMIB.MI,Italy,MIL,40,15319289856.0
BANCO BPM,BAMI,BAMI.MI,1.9,Financial Services,FTSE MIB Index,FTSEMIB.MI,Italy,MIL,40,14810354688.0
MEDIOBANCA,MB,MB.MI,1.82,Financial Services,FTSE MIB Index,FTSEMIB.MI,Italy,MIL,40,14188162048.0
FINECOBANK,FBK,FBK.MI,1.48,Financial Services,FTSE MIB Index,FTSEMIB.MI,Italy,MIL,40,11500247040.0
RECORDATI ORD,REC,REC.MI,1.39,Healthcare,FTSE MIB Index,FTSEMIB.MI,Italy,MIL,40,10855429120.0
BPER BANCA,BPE,BPE.MI,1.35,Financial Services,FTSE MIB Index,FTSEMIB.MI,Italy,MIL,40,10495098880.0
BANCA MEDIOLANUM,BMED,BMED.MI,1.32,Financial Services,FTSE MIB Index,FTSEMIB.MI,Italy,MIL,40,10258118656.0
BUZZI,BZU,BZU.MI,1.22,Basic Materials,FTSE MIB Index,FTSEMIB.MI,Italy,MIL,40,9500161024.0
BANCA MONTE PASCHI SIENA,BMPS,BMPS.MI,1.16,Financial Services,FTSE MIB Index,FTSEMIB.MI,Italy,MIL,40,9004263424.0
INWIT,INW,INW.MI,1.14,Real Estate,FTSE MIB Index,FTSEMIB.MI,Italy,MIL,40,8865829888.0
BRUNELLO CUCINELLI,BC,BC.MI,0.96,Consumer Cyclical,FTSE MIB Index,FTSEMIB.MI,Italy,MIL,40,7460910080.0
A2A,A2A,A2A.MI,0.91,Utilities,FTSE MIB Index,FTSEMIB.MI,Italy,MIL,40,7092908032.0
CAMPARI,CPR,CPR.MI,0.93,Consumer Defensive,FTSE MIB Index,FTSEMIB.MI,Italy,MIL,40,7251216384.0
NEXI,NEXI,NEXI.MI,0.82,Technology,FTSE MIB Index,FTSEMIB.MI,Italy,MIL,40,6354831872.0
TELECOM ITALIA,TIT,TIT.MI,0.82,Communication Services,FTSE MIB Index,FTSEMIB.MI,Italy,MIL,40,6378175488.0
PIRELLI & C,PIRC,PIRC.MI,0.75,Consumer Cyclical,FTSE MIB Index,FTSEMIB.MI,Italy,MIL,40,5880214016.0
HERA,HER,HER.MI,0.7,Utilities,FTSE MIB Index,FTSEMIB.MI,Italy,MIL,40,5482477056.0
DIASORIN,DIA,DIA.MI,0.69,Healthcare,FTSE MIB Index,FTSEMIB.MI,Italy,MIL,40,5381001728.0
IVECO GROUP,IVG,IVG.MI,0.53,Industrials,FTSE MIB Index,FTSEMIB.MI,Italy,MIL,40,4163306496.0
ITALGAS,IG,IG.MI,0.64,Utilities,FTSE MIB Index,FTSEMIB.MI,Italy,MIL,40,4984169472.0
BCA POP SONDRIO,BPSO,BPSO.MI,0.65,Financial Services,FTSE MIB Index,FTSEMIB.MI,Italy,MIL,40,5042573824.0
SAIPEM,SPM,SPM.MI,0.54,Energy,FTSE MIB Index,FTSEMIB.MI,Italy,MIL,40,4182262528.0
AZIMUT,AZM,AZM.MI,0.47,Financial Services,FTSE MIB Index,FTSEMIB.MI,Italy,MIL,40,3662281216.0
SHELL PLC ORD EUR0.07,SHEL,SHEL.L,7.03,Energy,FTSE 100,^FTSE,United Kingdom,LSE,100,156717039616.0
HSBC HOLDINGS PLC ORD $0.50 (UK,HSBA,HSBA.L,6.88,Financial Services,FTSE 100,^FTSE,United Kingdom,LSE,100,153431195648.0
UNILEVER PLC ORD 3 1/9P,ULVR,ULVR.L,5.11,Consumer Defensive,FTSE 100,^FTSE,United Kingdom,LSE,100,113886461952.0
RIO TINTO PLC ORD 10P,RIO,RIO.L,3.48,Basic Materials,FTSE 100,^FTSE,United Kingdom,LSE,100,77470572544.0
BRITISH AMERICAN TOBACCO PLC OR,BATS,BATS.L,3.13,Consumer Defensive,FTSE 100,^FTSE,United Kingdom,LSE,100,69673615360.0
RELX PLC ORD 14 51/116P,REL,REL.L,3.1,Industrials,FTSE 100,^FTSE,United Kingdom,LSE,100,69030273024.0
BP PLC $0.25,BP,BP.L,2.96,Energy,FTSE 100,^FTSE,United Kingdom,LSE,100,66000187392.0
ROLLS-ROYCE HOLDINGS PLC ORD SH,RR,RR.L,3.01,Industrials,FTSE 100,^FTSE,United Kingdom,LSE,100,67001106432.0
GSK PLC ORD 31 1/4P,GSK,GSK.L,2.75,Healthcare,FTSE 100,^FTSE,United Kingdom,LSE,100,61266042880.0
LONDON STOCK EXCHANGE GROUP PLC,LSEG,LSEG.L,2.67,Financial Services,FTSE 100,^FTSE,United Kingdom,LSE,100,59419922432.0
NATIONAL GRID PLC ORD 12 204/47,NG,NG.L,2.11,Utilities,FTSE 100,^FTSE,United Kingdom,LSE,100,47057113088.0
DIAGEO PLC ORD 28 101/108P,DGE,DGE.L,2.07,Consumer Defensive,FTSE 100,^FTSE,United Kingdom,LSE,100,46065291264.0
COMPASS GROUP PLC ORD 11 1/20P,CPG,CPG.L,2.01,Consumer Cyclical,FTSE 100,^FTSE,United Kingdom,LSE,100,44727283712.0
BARCLAYS PLC ORD 25P,BARC,BARC.L,1.89,Financial Services,FTSE 100,^FTSE,United Kingdom,LSE,100,42190454784.0
LLOYDS BANKING GROUP PLC ORD 10,LLOY,LLOY.L,1.88,Financial Services,FTSE 100,^FTSE,United Kingdom,LSE,100,41811238912.0
GLENCORE PLC ORD USD0.01,GLEN,GLEN.L,1.72,Basic Materials,FTSE 100,^FTSE,Switzerland,LSE,100,38408294400.0
RECKITT BENCKISER GROUP PLC ORD,RKT,RKT.L,1.54,Consumer Defensive,FTSE 100,^FTSE,United Kingdom,LSE,100,34232233984.0
3I GROUP PLC ORD 73 19/22P,III,III.L,1.64,Financial Services,FTSE 100,^FTSE,United Kingdom,LSE,100,36485677056.0
HALEON PLC ORD GBP0.01,HLN,HLN.L,1.57,Healthcare,FTSE 100,^FTSE,United Kingdom,LSE,100,34936004608.0
NATWEST GROUP PLC ORD 107.69P,NWG,NWG.L,1.62,Financial Services,FTSE 100,^FTSE,United Kingdom,LSE,100,36074823680.0
EXPERIAN PLC ORD USD0.10,EXPN,EXPN.L,1.47,Industrials,FTSE 100,^FTSE,Ireland,LSE,100,32675778560.0
ANGLO AMERICAN PLC ORD USD0.549,AAL,AAL.L,1.26,Basic Materials,FTSE 100,^FTSE,United Kingdom,LSE,100,28005206016.0
STANDARD CHARTERED PLC ORD USD0,STAN,STAN.L,1.25,Financial Services,FTSE 100,^FTSE,United Kingdom,LSE,100,27893561344.0
IMPERIAL BRANDS PLC ORD 10P,IMB,IMB.L,1.03,Consumer Defensive,FTSE 100,^FTSE,United Kingdom,LSE,100,22980388864.0
ASHTEAD GROUP PLC ORD 10P,AHT,AHT.L,0.85,Industrials,FTSE 100,^FTSE,United Kingdom,LSE,100,18895296512.0
VODAFONE GROUP PLC ORD USD0.20 ,VOD,VOD.L,0.83,Communication Services,FTSE 100,^FTSE,United Kingdom,LSE,100,18397648896.0
ANTOFAGASTA PLC ORD 5P,ANTO,ANTO.L,0.81,Basic Materials,FTSE 100,^FTSE,United Kingdom,LSE,100,18036254720.0
SSE PLC ORD 50P,SSE,SSE.L,0.74,Utilities,FTSE 100,^FTSE,United Kingdom,LSE,100,16577224704.0
BT GROUP PLC ORD 5P,BT-A,BT-A.L,0.69,Communication Services,FTSE 100,^FTSE,United Kingdom,LSE,100,15322809344.0
AVIVA PLC ORD 32 17/19P,AV,AV.L,0.65,Financial Services,FTSE 100,^FTSE,United Kingdom,LSE,100,14516424704.0
LEGAL & GENERAL GROUP PLC ORD 2,LGEN,LGEN.L,0.64,Financial Services,FTSE 100,^FTSE,United Kingdom,LSE,100,14210682880.0
INTERCONTINENTAL HOTELS GROUP P,IHG,IHG.L,0.61,Consumer Cyclical,FTSE 100,^FTSE,United Kingdom,LSE,100,13674063872.0
ASSOCIATED BRITISH FOODS PLC OR,ABF,ABF.L,0.6,Consumer Defensive,FTSE 100,^FTSE,United Kingdom,LSE,100,13431331840.0
COCA-COLA HBC AG ORD CHF6.70 (C,CCH,CCH.L,0.57,Consumer Defensive,FTSE 100,^FTSE,Switzerland,LSE,100,12611523584.0
SAGE GROUP PLC ORD 1 4/77P,SGE,SGE.L,0.53,Technology,FTSE 100,^FTSE,United Kingdom,LSE,100,11881637888.0
SCOTTISH MORTGAGE INVESTMENT TR,SMT,SMT.L,0.52,Non disponible,FTSE 100,^FTSE,Non disponible,LSE,100,11666481152.0
NEXT PLC ORD 10P,NXT,NXT.L,0.52,Consumer Cyclical,FTSE 100,^FTSE,United Kingdom,LSE,100,11542323200.0
HALMA PLC ORD 10P,HLMA,HLMA.L,0.46,Industrials,FTSE 100,^FTSE,United Kingdom,LSE,100,10150129664.0
INFORMA PLC ORD 0.1P,INF,INF.L,0.45,Communication Services,FTSE 100,^FTSE,United Kingdom,LSE,100,10128165888.0
SMITH & NEPHEW PLC ORD USD0.20,SN,SN.L,0.43,Healthcare,FTSE 100,^FTSE,United Kingdom,LSE,100,9503536128.0
BUNZL PLC ORD 32 1/7P,BNZL,BNZL.L,0.44,Consumer Defensive,FTSE 100,^FTSE,United Kingdom,LSE,100,9705364480.0
SEGRO PLC ORD 10P,SGRO,SGRO.L,0.42,Real Estate,FTSE 100,^FTSE,United Kingdom,LSE,100,9421580288.0
PEARSON PLC ORD 25P,PSON,PSON.L,0.38,Communication Services,FTSE 100,^FTSE,United Kingdom,LSE,100,8404668416.0
RENTOKIL INITIAL PLC ORD 1P,RTO,RTO.L,0.37,Industrials,FTSE 100,^FTSE,United Kingdom,LSE,100,8283309568.0
INTERTEK GROUP PLC ORD 1P,ITRK,ITRK.L,0.36,Industrials,FTSE 100,^FTSE,United Kingdom,LSE,100,8052641792.0
SEVERN TRENT PLC ORD 97 17/19P,SVT,SVT.L,0.33,Utilities,FTSE 100,^FTSE,United Kingdom,LSE,100,7391195136.0
CENTRICA PLC ORD 6 14/81P,CNA,CNA.L,0.32,Utilities,FTSE 100,^FTSE,United Kingdom,LSE,100,7154862080.0
MARKS AND SPENCER GROUP PLC ORD,MKS,MKS.L,0.32,Consumer Cyclical,FTSE 100,^FTSE,United Kingdom,LSE,100,7119341056.0
WPP PLC ORD 10P,WPP,WPP.L,0.31,Communication Services,FTSE 100,^FTSE,United Kingdom,LSE,100,6845111808.0
PERSHING SQUARE HOLDINGS LTD OR,PSH,PSH.L,0.3,Non disponible,FTSE 100,^FTSE,Non disponible,LSE,100,6677077504.0
UNITED UTILITIES GROUP PLC ORD ,UU,UU.L,0.3,Utilities,FTSE 100,^FTSE,United Kingdom,LSE,100,6722051584.0
SMITHS GROUP PLC ORD 37.5P,SMIN,SMIN.L,0.3,Industrials,FTSE 100,^FTSE,United Kingdom,LSE,100,6683405312.0
FRESNILLO PLC ORD USD0.50,FRES,FRES.L,0.3,Basic Materials,FTSE 100,^FTSE,Mexico,LSE,100,6746264576.0
AUTO TRADER GROUP PLC ORD 1P,AUTO,AUTO.L,0.3,Communication Services,FTSE 100,^FTSE,United Kingdom,LSE,100,6718284800.0
MELROSE INDUSTRIES PLC ORD GBP0,MRO,MRO.L,0.31,Industrials,FTSE 100,^FTSE,United Kingdom,LSE,100,6804730880.0
BARRATT REDROW PLC ORD 10P,BTRW,BTRW.L,0.28,Consumer Cyclical,FTSE 100,^FTSE,United Kingdom,LSE,100,6255591936.0
WEIR GROUP PLC ORD 12.5P,WEIR,WEIR.L,0.28,Industrials,FTSE 100,^FTSE,United Kingdom,LSE,100,6237051392.0
SAINSBURY (J) PLC ORD 28 4/7P,SBRY,SBRY.L,0.27,Consumer Defensive,FTSE 100,^FTSE,United Kingdom,LSE,100,5933773824.0
SCHRODERS PLC ORD 20P,SDR,SDR.L,0.27,Financial Services,FTSE 100,^FTSE,United Kingdom,LSE,100,6037277696.0
INTERMEDIATE CAPITAL GROUP PLC ,ICG,ICG.L,0.27,Financial Services,FTSE 100,^FTSE,United Kingdom,LSE,100,6080261120.0
AIRTEL AFRICA PLC ORD USD0.50,AAF,AAF.L,0.25,Communication Services,FTSE 100,^FTSE,United Kingdom,LSE,100,5573704192.0
BEAZLEY PLC ORD 5P,BEZ,BEZ.L,0.26,Financial Services,FTSE 100,^FTSE,United Kingdom,LSE,100,5738013696.0
MONDI PLC ORD EUR 0.22,MNDI,MNDI.L,0.25,Basic Materials,FTSE 100,^FTSE,United Kingdom,LSE,100,5517213696.0
ST. JAMES'S PLACE PLC ORD 15P,STJ,STJ.L,0.25,Financial Services,FTSE 100,^FTSE,United Kingdom,LSE,100,5493539840.0
F&C INVESTMENT TRUST PLC ORD 25,FCIT,FCIT.L,0.24,Financial Services,FTSE 100,^FTSE,United States,LSE,100,5297683968.0
CONVATEC GROUP PLC ORD 10P,CTEC,CTEC.L,0.24,Healthcare,FTSE 100,^FTSE,United Kingdom,LSE,100,5290097664.0
DIPLOMA PLC ORD 5P,DPLM,DPLM.L,0.25,Industrials,FTSE 100,^FTSE,United Kingdom,LSE,100,5480733184.0
HARGREAVES LANSDOWN PLC ORD 0.4,HL,HL.L,0.24,Financial Services,FTSE 100,^FTSE,United Kingdom,LSE,100,5246524928.0
SPIRAX GROUP PLC ORD 26 12/13P,SPX,SPX.L,0.23,Industrials,FTSE 100,^FTSE,United Kingdom,LSE,100,5172578304.0
RIGHTMOVE PLC ORD 0.1P,RMV,RMV.L,0.24,Communication Services,FTSE 100,^FTSE,United Kingdom,LSE,100,5249169408.0
PHOENIX GROUP HOLDINGS PLC ORD ,PHNX,PHNX.L,0.23,Financial Services,FTSE 100,^FTSE,United Kingdom,LSE,100,5197753344.0
DCC PLC ORD EUR0.25 (CDI),DCC,DCC.L,0.23,Energy,FTSE 100,^FTSE,Ireland,LSE,100,5230423040.0
M&G PLC,MNG,MNG.L,0.23,Financial Services,FTSE 100,^FTSE,United Kingdom,LSE,100,5154125824.0
IMI PLC ORD 28 4/7P,IMI,IMI.L,0.23,Industrials,FTSE 100,^FTSE,United Kingdom,LSE,100,5079048704.0
GAMES WORKSHOP GROUP PLC ORD 5P,GAW,GAW.L,0.22,Consumer Cyclical,FTSE 100,^FTSE,United Kingdom,LSE,100,4833899520.0
ALLIANCE WITAN PLC ORD 2.5P,ALW,ALW.L,0.21,Financial Services,FTSE 100,^FTSE,United Kingdom,LSE,100,4711747072.0
KINGFISHER PLC ORD 15 5/7P,KGF,KGF.L,0.21,Consumer Cyclical,FTSE 100,^FTSE,United Kingdom,LSE,100,4621608960.0
HIKMA PHARMACEUTICALS PLC ORD S,HIK,HIK.L,0.2,Healthcare,FTSE 100,^FTSE,United Kingdom,LSE,100,4531080192.0
WHITBREAD PLC ORD 76 122/153P,WTB,WTB.L,0.2,Consumer Cyclical,FTSE 100,^FTSE,United Kingdom,LSE,100,4467099648.0
CRODA INTERNATIONAL PLC ORD 10.,CRDA,CRDA.L,0.2,Basic Materials,FTSE 100,^FTSE,United Kingdom,LSE,100,4490857472.0
ENDEAVOUR MINING PLC ORD USD0.0,EDV,EDV.L,0.18,Basic Materials,FTSE 100,^FTSE,United Kingdom,LSE,100,4051481600.0
LAND SECURITIES GROUP PLC ORD 1,LAND,LAND.L,0.19,Real Estate,FTSE 100,^FTSE,United Kingdom,LSE,100,4164162048.0
ENTAIN PLC ORD EUR0.01,ENT,ENT.L,0.19,Consumer Cyclical,FTSE 100,^FTSE,Isle of Man,LSE,100,4155700736.0
HOWDEN JOINERY GROUP PLC ORD 10,HWDN,HWDN.L,0.18,Consumer Cyclical,FTSE 100,^FTSE,United Kingdom,LSE,100,4062831616.0
UNITE GROUP PLC ORD 25P,UTG,UTG.L,0.18,Real Estate,FTSE 100,^FTSE,United Kingdom,LSE,100,3979481344.0
TAYLOR WIMPEY PLC ORD 1P,TW,TW.L,0.18,Consumer Cyclical,FTSE 100,^FTSE,United Kingdom,LSE,100,4042524160.0
HISCOX LTD ORD 6.5P (DI),HSX,HSX.L,0.18,Financial Services,FTSE 100,^FTSE,Bermuda,LSE,100,3958919936.0
PERSIMMON PLC ORD 10P,PSN,PSN.L,0.17,Consumer Cyclical,FTSE 100,^FTSE,United Kingdom,LSE,100,3858548736.0
JD SPORTS FASHION PLC ORD 0.05P,JD,JD.L,0.17,Consumer Cyclical,FTSE 100,^FTSE,United Kingdom,LSE,100,3898297600.0
LONDONMETRIC PROPERTY PLC ORD 1,LMP,LMP.L,0.16,Real Estate,FTSE 100,^FTSE,United Kingdom,LSE,100,3621761792.0
POLAR CAPITAL TECHNOLOGY TRUST ,PCT,PCT.L,0.16,Financial Services,FTSE 100,^FTSE,United Kingdom,LSE,100,3620138496.0
EASYJET PLC ORD 27 2/7P,EZJ,EZJ.L,0.17,Industrials,FTSE 100,^FTSE,United Kingdom,LSE,100,3707342080.0
BERKELEY GROUP HOLDINGS (THE) P,BKG,BKG.L,0.17,Consumer Cyclical,FTSE 100,^FTSE,United Kingdom,LSE,100,3694686720.0
BRITISH LAND COMPANY PLC ORD 25,BLND,BLND.L,0.16,Real Estate,FTSE 100,^FTSE,United Kingdom,LSE,100,3558986496.0
