Date,Close,Rendement du mois,Rendement LP,Rendement DCA x mois,Durée,Mois DCA
,^GSPC,,,,,
2000-05-01,1420.6,-0.0219,97808.4949,16301.4158,25 ans,6 mois
2000-06-01,1454.6,0.0239,100149.3994,33366.975,25 ans,6 mois
2000-07-01,1430.83,-0.0163,98512.8304,49761.2871,25 ans,6 mois
2000-08-01,1517.6801,0.0607,104492.4711,67439.6055,25 ans,6 mois
2000-09-01,1436.51,-0.0535,98903.9029,83214.8892,25 ans,6 mois
2000-10-01,1429.4,-0.0049,98414.3795,99799.0645,25 ans,6 mois
2000-11-01,1314.95,-0.0801,90534.4769,91808.2921,25 ans,6 mois
2000-12-01,1320.28,0.0041,90901.4535,92180.432,25 ans,6 mois
2001-01-01,1366.01,0.0346,94049.9686,95373.2466,25 ans,6 mois
2001-02-01,1239.9399,-0.0923,85370.0279,86571.1795,25 ans,6 mois
2001-03-01,1160.33,-0.0642,79888.8699,81012.902,25 ans,6 mois
2001-04-01,1249.46,0.0768,86025.4824,87235.8563,25 ans,6 mois
2001-05-01,1255.8199,0.0051,86463.3683,87679.9032,25 ans,6 mois
2001-06-01,1224.38,-0.025,84298.7242,85484.8027,25 ans,6 mois
2001-07-01,1211.23,-0.0107,83393.3433,84566.6831,25 ans,6 mois
2001-08-01,1133.58,-0.0641,78047.1289,79145.2478,25 ans,6 mois
2001-09-01,1040.9399,-0.0817,71668.8517,72677.2286,25 ans,6 mois
2001-10-01,1059.78,0.0181,72965.9942,73992.6218,25 ans,6 mois
2001-11-01,1139.45,0.0752,78451.2788,79555.0841,25 ans,6 mois
2001-12-01,1148.08,0.0076,79045.4558,80157.6211,25 ans,6 mois
2002-01-01,1130.2,-0.0156,77814.4151,78909.2597,25 ans,6 mois
2002-02-01,1106.73,-0.0208,76198.5045,77270.6134,25 ans,6 mois
2002-03-01,1147.39,0.0367,78997.9532,80109.4502,25 ans,6 mois
2002-04-01,1076.92,-0.0614,74146.0865,75189.3179,25 ans,6 mois
2002-05-01,1067.14,-0.0091,73472.7302,74506.4875,25 ans,6 mois
2002-06-01,989.82,-0.0725,68149.2375,69108.0936,25 ans,6 mois
2002-07-01,911.62,-0.079,62765.1564,63648.2588,25 ans,6 mois
2002-08-01,916.07,0.0049,63071.5403,63958.9535,25 ans,6 mois
2002-09-01,815.28,-0.11,56132.1371,56921.9133,25 ans,6 mois
2002-10-01,885.76,0.0864,60984.693,61842.7444,25 ans,6 mois
2002-11-01,936.31,0.0571,64465.0663,65372.0863,25 ans,6 mois
2002-12-01,879.82,-0.0603,60575.7231,61428.0202,25 ans,6 mois
2003-01-01,855.7,-0.0274,58915.0583,59743.9899,25 ans,6 mois
2003-02-01,841.15,-0.017,57913.2897,58728.1265,25 ans,6 mois
2003-03-01,848.18,0.0084,58397.3039,59218.9508,25 ans,6 mois
2003-04-01,916.92,0.081,63130.0613,64018.2978,25 ans,6 mois
2003-05-01,963.59,0.0509,66343.2999,67276.7466,25 ans,6 mois
2003-06-01,974.5,0.0113,67094.453,68038.4684,25 ans,6 mois
2003-07-01,990.31,0.0162,68182.9734,69142.3042,25 ans,6 mois
2003-08-01,1008.01,0.0179,69401.6216,70378.0987,25 ans,6 mois
2003-09-01,995.97,-0.0119,68572.6633,69537.477,25 ans,6 mois
2003-10-01,1050.71,0.055,72341.5188,73359.3601,25 ans,6 mois
2003-11-01,1058.2,0.0071,72857.2057,73882.3026,25 ans,6 mois
2003-12-01,1111.92,0.0508,76555.8411,77632.9776,25 ans,6 mois
2004-01-01,1131.13,0.0173,77878.4494,78974.195,25 ans,6 mois
2004-02-01,1144.9399,0.0122,78829.2654,79938.3889,25 ans,6 mois
2004-03-01,1126.21,-0.0164,77539.7038,78630.6832,25 ans,6 mois
2004-04-01,1107.3,-0.0168,76237.7538,77310.4149,25 ans,6 mois
2004-05-01,1120.6801,0.0121,77158.9689,78244.5914,25 ans,6 mois
2004-06-01,1140.84,0.018,78546.9815,79652.1333,25 ans,6 mois
2004-07-01,1101.72,-0.0343,75853.5647,76920.8203,25 ans,6 mois
2004-08-01,1104.24,0.0023,76027.0684,77096.7651,25 ans,6 mois
2004-09-01,1114.58,0.0094,76738.9764,77818.6897,25 ans,6 mois
2004-10-01,1130.2,0.014,77814.4151,78909.2597,25 ans,6 mois
2004-11-01,1173.8199,0.0386,80817.6575,81954.7576,25 ans,6 mois
2004-12-01,1211.92,0.0325,83440.8542,84614.8625,25 ans,6 mois
2005-01-01,1181.27,-0.0253,81330.596,82474.9131,25 ans,6 mois
2005-02-01,1203.6,0.0189,82868.0164,84033.965,25 ans,6 mois
2005-03-01,1180.59,-0.0191,81283.7742,82427.4326,25 ans,6 mois
2005-04-01,1156.85,-0.0201,79649.2728,80769.9338,25 ans,6 mois
2005-05-01,1191.5,0.03,82034.9315,83189.1586,25 ans,6 mois
2005-06-01,1191.33,-0.0001,82023.224,83177.2863,25 ans,6 mois
2005-07-01,1234.1801,0.036,84973.4588,86169.0308,25 ans,6 mois
2005-08-01,1220.33,-0.0112,84019.8778,85202.0329,25 ans,6 mois
2005-09-01,1228.8101,0.0069,84603.734,85794.1039,25 ans,6 mois
2005-10-01,1207.01,-0.0177,83102.7977,84272.0496,25 ans,6 mois
2005-11-01,1249.48,0.0352,86026.8608,87237.2541,25 ans,6 mois
2005-12-01,1248.29,-0.001,85944.9332,87154.1737,25 ans,6 mois
2006-01-01,1280.08,0.0255,88133.6731,89373.7092,25 ans,6 mois
2006-02-01,1280.66,0.0005,88173.6116,89414.2095,25 ans,6 mois
2006-03-01,1294.87,0.0111,89151.9693,90406.3327,25 ans,6 mois
2006-04-01,1310.61,0.0122,90235.6697,91505.2807,25 ans,6 mois
2006-05-01,1270.09,-0.0309,87445.861,88676.2195,25 ans,6 mois
2006-06-01,1270.2,0.0001,87453.4335,88683.8986,25 ans,6 mois
2006-07-01,1276.66,0.0051,87898.2111,89134.9342,25 ans,6 mois
2006-08-01,1303.8199,0.0213,89768.1746,91031.208,25 ans,6 mois
2006-09-01,1335.85,0.0246,91973.4463,93267.5077,25 ans,6 mois
2006-10-01,1377.9399,0.0315,94871.346,96206.1807,25 ans,6 mois
2006-11-01,1400.63,0.0165,96433.5598,97790.3748,25 ans,6 mois
2006-12-01,1418.3,0.0126,97650.1447,99024.0769,25 ans,6 mois
2007-01-01,1438.24,0.0141,99023.0123,100416.2607,25 ans,6 mois
2007-02-01,1406.8199,-0.0218,96859.7381,98222.5494,25 ans,6 mois
2007-03-01,1420.86,0.01,97826.3966,99202.8088,25 ans,6 mois
2007-04-01,1482.37,0.0433,102061.3689,103497.3669,25 ans,6 mois
2007-05-01,1530.62,0.0325,105383.3877,106866.1263,25 ans,6 mois
2007-06-01,1503.35,-0.0178,103505.8433,104962.1649,25 ans,6 mois
2007-07-01,1455.27,-0.032,100195.532,101605.2777,25 ans,6 mois
2007-08-01,1473.99,0.0129,101484.4045,102912.2846,25 ans,6 mois
2007-09-01,1526.75,0.0358,105116.9381,106595.9277,25 ans,6 mois
2007-10-01,1549.38,0.0148,106675.0169,108175.9286,25 ans,6 mois
2007-11-01,1481.14,-0.044,101976.6846,103411.491,25 ans,6 mois
2007-12-01,1468.36,-0.0086,101096.7779,102519.2041,25 ans,6 mois
2008-01-01,1378.55,-0.0612,94913.352,96248.7777,25 ans,6 mois
2008-02-01,1330.63,-0.0348,91614.0506,92903.0554,25 ans,6 mois
2008-03-01,1322.7,-0.006,91068.0654,92349.3882,25 ans,6 mois
2008-04-01,1385.59,0.0475,95398.0512,96740.2966,25 ans,6 mois
2008-05-01,1400.38,0.0107,96416.3473,97772.9201,25 ans,6 mois
2008-06-01,1280.0,-0.086,88128.1682,89368.1267,25 ans,6 mois
2008-07-01,1267.38,-0.0099,87259.2798,88487.0132,25 ans,6 mois
2008-08-01,1282.83,0.0122,88323.011,89565.711,25 ans,6 mois
2008-09-01,1166.36,-0.0908,80304.0382,81433.9117,25 ans,6 mois
2008-10-01,968.75,-0.1694,66698.5648,67637.01,25 ans,6 mois
2008-11-01,896.24,-0.0748,61706.2411,62574.4445,25 ans,6 mois
2008-12-01,903.25,0.0078,62188.8812,63063.8754,25 ans,6 mois
2009-01-01,825.88,-0.0857,56861.9468,57661.9914,25 ans,6 mois
2009-02-01,735.09,-0.1099,50611.0449,51323.1396,25 ans,6 mois
2009-03-01,797.87,0.0854,54933.454,55706.3647,25 ans,6 mois
2009-04-01,872.81,0.0939,60093.083,60938.5894,25 ans,6 mois
2009-05-01,919.14,0.0531,63282.9108,64173.2979,25 ans,6 mois
2009-06-01,919.32,0.0002,63295.3033,64185.8648,25 ans,6 mois
2009-07-01,987.48,0.0741,67988.1264,68944.7156,25 ans,6 mois
2009-08-01,1020.62,0.0336,70269.8207,71258.5133,25 ans,6 mois
2009-09-01,1057.08,0.0357,72780.0938,73804.1058,25 ans,6 mois
2009-10-01,1036.1899,-0.0198,71341.8136,72345.5891,25 ans,6 mois
2009-11-01,1095.63,0.0574,75434.2698,76495.6259,25 ans,6 mois
2009-12-01,1115.1,0.0178,76774.7798,77854.9968,25 ans,6 mois
2010-01-01,1073.87,-0.037,73936.0902,74976.367,25 ans,6 mois
2010-02-01,1104.49,0.0285,76044.2809,77114.2199,25 ans,6 mois
2010-03-01,1169.4301,0.0588,80515.4128,81648.2603,25 ans,6 mois
2010-04-01,1186.6899,0.0148,81703.7584,82853.3258,25 ans,6 mois
2010-05-01,1089.41,-0.082,75006.024,76061.3547,25 ans,6 mois
2010-06-01,1030.71,-0.0539,70964.5162,71962.9831,25 ans,6 mois
2010-07-01,1101.6,0.0688,75845.303,76912.4424,25 ans,6 mois
2010-08-01,1049.33,-0.0474,72246.5053,73263.0098,25 ans,6 mois
2010-09-01,1141.2,0.0876,78571.7666,79677.2671,25 ans,6 mois
2010-10-01,1183.26,0.0369,81467.6071,82613.8519,25 ans,6 mois
2010-11-01,1180.55,-0.0023,81281.0259,82424.6456,25 ans,6 mois
2010-12-01,1257.64,0.0653,86588.6802,87806.9783,25 ans,6 mois
2011-01-01,1286.12,0.0226,88549.5306,89795.4177,25 ans,6 mois
2011-02-01,1327.22,0.032,91379.2693,92664.9707,25 ans,6 mois
2011-03-01,1325.83,-0.001,91283.5666,92567.9215,25 ans,6 mois
2011-04-01,1363.61,0.0285,93884.7266,95205.6797,25 ans,6 mois
2011-05-01,1345.2,-0.0135,92617.1934,93920.3123,25 ans,6 mois
2011-06-01,1320.64,-0.0183,90926.2385,92205.5658,25 ans,6 mois
2011-07-01,1292.28,-0.0215,88973.6498,90225.5042,25 ans,6 mois
2011-08-01,1218.89,-0.0568,83920.7376,85101.4979,25 ans,6 mois
2011-09-01,1131.42,-0.0718,77898.4187,78994.4452,25 ans,6 mois
2011-10-01,1253.3,0.1077,86289.873,87503.9669,25 ans,6 mois
2011-11-01,1246.96,-0.0051,85853.3571,87061.3092,25 ans,6 mois
2011-12-01,1257.6,0.0085,86585.9235,87804.1828,25 ans,6 mois
2012-01-01,1312.41,0.0436,90359.6033,91630.958,25 ans,6 mois
2012-02-01,1365.6801,0.0406,94027.2511,95350.2095,25 ans,6 mois
2012-03-01,1408.47,0.0313,96973.3425,98337.7522,25 ans,6 mois
2012-04-01,1397.91,-0.0075,96246.2895,97600.4696,25 ans,6 mois
2012-05-01,1310.33,-0.0627,90216.3896,91485.7293,25 ans,6 mois
2012-06-01,1362.16,0.0396,93784.8973,95104.4457,25 ans,6 mois
2012-07-01,1379.3199,0.0126,94966.3595,96302.5311,25 ans,6 mois
2012-08-01,1406.58,0.0198,96843.2148,98205.7936,25 ans,6 mois
2012-09-01,1440.67,0.0242,99190.3218,100585.9243,25 ans,6 mois
2012-10-01,1412.16,-0.0198,97227.4039,98595.3882,25 ans,6 mois
2012-11-01,1416.1801,0.0028,97504.1827,98876.0613,25 ans,6 mois
2012-12-01,1426.1899,0.0071,98193.3648,99574.9402,25 ans,6 mois
2013-01-01,1498.11,0.0504,103145.0693,104596.3149,25 ans,6 mois
2013-02-01,1514.6801,0.0111,104285.9207,105753.218,25 ans,6 mois
2013-03-01,1569.1899,0.036,108038.9336,109559.0356,25 ans,6 mois
2013-04-01,1597.5699,0.0181,109992.9007,111540.4948,25 ans,6 mois
2013-05-01,1630.74,0.0208,112276.6626,113856.3891,25 ans,6 mois
2013-06-01,1606.28,-0.015,110592.591,112148.6228,25 ans,6 mois
2013-07-01,1685.73,0.0495,116062.7306,117695.727,25 ans,6 mois
2013-08-01,1632.97,-0.0313,112430.197,114012.0838,25 ans,6 mois
2013-09-01,1681.55,0.0297,115774.9418,117403.8889,25 ans,6 mois
2013-10-01,1756.54,0.0446,120938.0124,122639.6037,25 ans,6 mois
2013-11-01,1805.8101,0.028,124330.2598,126079.5798,25 ans,6 mois
2013-12-01,1848.36,0.0236,127259.8278,129050.3667,25 ans,6 mois
2014-01-01,1782.59,-0.0356,122731.5533,124458.3797,25 ans,6 mois
2014-02-01,1859.45,0.0431,128023.3734,129824.6554,25 ans,6 mois
2014-03-01,1872.34,0.0069,128910.8526,130724.6214,25 ans,6 mois
2014-04-01,1883.95,0.0062,129710.2016,131535.2172,25 ans,6 mois
2014-05-01,1923.5699,0.021,132438.0435,134301.4396,25 ans,6 mois
2014-06-01,1960.23,0.0191,134962.0917,136861.001,25 ans,6 mois
2014-07-01,1930.67,-0.0151,132926.8862,134797.1603,25 ans,6 mois
2014-08-01,2003.37,0.0377,137932.2873,139872.9872,25 ans,6 mois
2014-09-01,1972.29,-0.0155,135792.4283,137703.0204,25 ans,6 mois
2014-10-01,2018.05,0.0232,138943.011,140897.9316,25 ans,6 mois
2014-11-01,2067.5601,0.0245,142351.7816,144354.6635,25 ans,6 mois
2014-12-01,2058.8999,-0.0042,141755.5287,143750.0214,25 ans,6 mois
2015-01-01,1994.99,-0.031,137355.3229,139287.9049,25 ans,6 mois
2015-02-01,2104.5,0.0549,144895.1015,146933.7677,25 ans,6 mois
2015-03-01,2067.8899,-0.0174,142374.4908,144377.6922,25 ans,6 mois
2015-04-01,2085.51,0.0085,143587.6381,145607.9085,25 ans,6 mois
2015-05-01,2107.3899,0.0105,145094.0709,147135.5367,25 ans,6 mois
2015-06-01,2063.1101,-0.021,142045.4019,144043.9731,25 ans,6 mois
2015-07-01,2103.8401,0.0197,144849.6664,146887.6934,25 ans,6 mois
2015-08-01,1972.1801,-0.0626,135784.8558,137695.3414,25 ans,6 mois
2015-09-01,1920.03,-0.0264,132194.3197,134054.2867,25 ans,6 mois
2015-10-01,2079.3601,0.083,143164.2166,145178.5294,25 ans,6 mois
2015-11-01,2080.4099,0.0005,143236.4957,145251.8255,25 ans,6 mois
2015-12-01,2043.9399,-0.0175,140725.5335,142705.5341,25 ans,6 mois
2016-01-01,1940.24,-0.0507,133585.7782,135465.3229,25 ans,6 mois
2016-02-01,1932.23,-0.0041,133034.288,134906.0732,25 ans,6 mois
2016-03-01,2059.74,0.066,141813.3689,143808.6754,25 ans,6 mois
2016-04-01,2065.3,0.0027,142196.1797,144196.8722,25 ans,6 mois
2016-05-01,2096.95,0.0153,144375.2796,146406.632,25 ans,6 mois
2016-06-01,2098.8601,0.0009,144506.7941,146539.9969,25 ans,6 mois
2016-07-01,2173.6001,0.0356,149652.6523,151758.257,25 ans,6 mois
2016-08-01,2170.95,-0.0012,149470.1893,151573.2268,25 ans,6 mois
2016-09-01,2168.27,-0.0012,149285.6757,151386.1171,25 ans,6 mois
2016-10-01,2126.1499,-0.0194,146385.7001,148445.339,25 ans,6 mois
2016-11-01,2198.8101,0.0342,151388.3614,153518.3875,25 ans,6 mois
2016-12-01,2238.8301,0.0182,154143.745,156312.5392,25 ans,6 mois
2017-01-01,2278.8701,0.0179,156900.5069,159108.0886,25 ans,6 mois
2017-02-01,2363.6399,0.0372,162736.9171,165026.6168,25 ans,6 mois
2017-03-01,2362.72,-0.0004,162673.5804,164962.3889,25 ans,6 mois
2017-04-01,2384.2,0.0091,164152.4798,166462.0964,25 ans,6 mois
2017-05-01,2411.8,0.0116,166052.7502,168389.1034,25 ans,6 mois
2017-06-01,2423.4099,0.0048,166852.0908,169199.6907,25 ans,6 mois
2017-07-01,2470.3,0.0193,170080.4829,172473.5061,25 ans,6 mois
2017-08-01,2471.6499,0.0005,170173.4205,172567.7513,25 ans,6 mois
2017-09-01,2519.3601,0.0193,173458.2744,175898.8229,25 ans,6 mois
2017-10-01,2575.26,0.0222,177306.99,179801.6898,25 ans,6 mois
2017-11-01,2647.5801,0.0281,182286.2362,184850.9937,25 ans,6 mois
2017-12-01,2673.6101,0.0098,184078.4071,186668.3804,25 ans,6 mois
2018-01-01,2823.8101,0.0562,194419.6935,197155.1681,25 ans,6 mois
2018-02-01,2713.8301,-0.0389,186847.5574,189476.4924,25 ans,6 mois
2018-03-01,2640.8701,-0.0269,181824.2545,184382.5119,25 ans,6 mois
2018-04-01,2648.05,0.0027,182318.5937,184883.8065,25 ans,6 mois
2018-05-01,2705.27,0.0216,186258.1962,188878.839,25 ans,6 mois
2018-06-01,2718.3701,0.0048,187160.1397,189793.4727,25 ans,6 mois
2018-07-01,2816.29,0.036,193901.9392,196630.129,25 ans,6 mois
2018-08-01,2901.52,0.0303,199770.0345,202580.7881,25 ans,6 mois
2018-09-01,2913.98,0.0043,200627.9045,203450.7282,25 ans,6 mois
2018-10-01,2711.74,-0.0694,186703.6546,189330.5649,25 ans,6 mois
2018-11-01,2760.1699,0.0179,190038.0617,192711.887,25 ans,6 mois
2018-12-01,2506.8501,-0.0918,172596.9585,175025.3884,25 ans,6 mois
2019-01-01,2704.1001,0.0787,186177.647,188797.1564,25 ans,6 mois
2019-02-01,2784.49,0.0297,191712.5016,194409.8862,25 ans,6 mois
2019-03-01,2834.3999,0.0179,195148.8056,197894.5388,25 ans,6 mois
2019-04-01,2945.8301,0.0393,202820.7879,205674.4654,25 ans,6 mois
2019-05-01,2752.0601,-0.0658,189479.6966,192145.6657,25 ans,6 mois
2019-06-01,2941.76,0.0689,202540.5631,205390.2979,25 ans,6 mois
2019-07-01,2980.3799,0.0131,205199.5465,208086.693,25 ans,6 mois
2019-08-01,2926.46,-0.0181,201487.1528,204322.0661,25 ans,6 mois
2019-09-01,2976.74,0.0172,204948.9394,207832.5599,25 ans,6 mois
2019-10-01,3037.5601,0.0204,209136.4091,212078.9471,25 ans,6 mois
2019-11-01,3140.98,0.034,216256.8843,219299.607,25 ans,6 mois
2019-12-01,3230.78,0.0286,222439.6294,225569.343,25 ans,6 mois
2020-01-01,3225.52,-0.0016,222077.4771,225202.0952,25 ans,6 mois
2020-02-01,2954.22,-0.0841,203398.4331,206260.238,25 ans,6 mois
2020-03-01,2584.5901,-0.1251,177949.3671,180453.1051,25 ans,6 mois
2020-04-01,2912.4299,0.1268,200521.1834,203342.5056,25 ans,6 mois
2020-05-01,3044.3101,0.0453,209601.1475,212550.2243,25 ans,6 mois
2020-06-01,3100.29,0.0184,213455.3765,216458.6821,25 ans,6 mois
2020-07-01,3271.1201,0.0551,225217.0498,228385.8415,25 ans,6 mois
2020-08-01,3500.3101,0.0701,240996.8074,244387.6194,25 ans,6 mois
2020-09-01,3363.0,-0.0392,231542.9918,234800.7892,25 ans,6 mois
2020-10-01,3269.96,-0.0277,225137.1729,228304.8407,25 ans,6 mois
2020-11-01,3621.6299,0.1075,249349.6932,252858.0299,25 ans,6 mois
2020-12-01,3756.0701,0.0371,258605.9176,262244.4889,25 ans,6 mois
2021-01-01,3714.24,-0.0111,255725.9113,259323.961,25 ans,6 mois
2021-02-01,3811.1499,0.0261,262398.1714,266090.0995,25 ans,6 mois
2021-03-01,3972.8899,0.0424,273533.991,277382.5995,25 ans,6 mois
2021-04-01,4181.1699,0.0524,287874.0984,291924.4714,25 ans,6 mois
2021-05-01,4204.1099,0.0055,289453.5164,293526.1117,25 ans,6 mois
2021-06-01,4297.5,0.0222,295883.4396,300046.5036,25 ans,6 mois
2021-07-01,4395.2598,0.0227,302614.2123,306871.9779,25 ans,6 mois
2021-08-01,4522.6802,0.029,311387.1242,315768.3243,25 ans,6 mois
2021-09-01,4307.54,-0.0476,296574.6976,300747.4875,25 ans,6 mois
2021-10-01,4605.3799,0.0691,317081.0099,321542.3226,25 ans,6 mois
2021-11-01,4567.0,-0.0083,314438.55,318862.6834,25 ans,6 mois
2021-12-01,4766.1802,0.0436,328152.1312,332769.214,25 ans,6 mois
2022-01-01,4515.5498,-0.0526,310896.1972,315270.49,25 ans,6 mois
2022-02-01,4373.9399,-0.0314,301146.3396,305383.4523,25 ans,6 mois
2022-03-01,4530.4102,0.0358,311919.3344,316308.0226,25 ans,6 mois
2022-04-01,4131.9302,-0.088,284483.9354,288486.609,25 ans,6 mois
2022-05-01,4132.1499,0.0001,284499.0636,288501.9501,25 ans,6 mois
2022-06-01,3785.3799,-0.0839,260623.9022,264290.8664,25 ans,6 mois
2022-07-01,4130.29,0.0911,284371.0118,288372.0966,25 ans,6 mois
2022-08-01,3955.0,-0.0424,272302.2696,276133.5478,25 ans,6 mois
2022-09-01,3585.6201,-0.0934,246870.4161,250343.8695,25 ans,6 mois
2022-10-01,3871.98,0.0799,266586.3303,270337.1856,25 ans,6 mois
2022-11-01,4080.1101,0.0538,280916.1169,284868.5915,25 ans,6 mois
2022-12-01,3839.5,-0.059,264350.0794,268069.4707,25 ans,6 mois
2023-01-01,4076.6001,0.0618,280674.4523,284623.5267,25 ans,6 mois
2023-02-01,3970.1499,-0.0261,273345.3423,277191.2965,25 ans,6 mois
2023-03-01,4109.3101,0.0351,282926.5374,286907.2985,25 ans,6 mois
2023-04-01,4169.48,0.0146,287069.2444,291108.2932,25 ans,6 mois
2023-05-01,4179.8301,0.0025,287781.85,291830.9251,25 ans,6 mois
2023-06-01,4450.3799,0.0647,306409.2396,310720.401,25 ans,6 mois
2023-07-01,4588.96,0.0311,315950.4962,320395.9026,25 ans,6 mois
2023-08-01,4507.6602,-0.0177,310352.9939,314719.6438,25 ans,6 mois
2023-09-01,4288.0498,-0.0487,295232.7924,299386.7018,25 ans,6 mois
2023-10-01,4193.7998,-0.022,288743.6675,292806.2753,25 ans,6 mois
2023-11-01,4567.7998,0.0892,314493.6166,318918.5248,25 ans,6 mois
2023-12-01,4769.8301,0.0442,328403.4275,333024.046,25 ans,6 mois
2024-01-01,4845.6499,0.0159,333623.6323,338317.6988,25 ans,6 mois
2024-02-01,5096.27,0.0517,350878.8603,355815.707,25 ans,6 mois
2024-03-01,5254.3501,0.031,361762.6945,366852.6761,25 ans,6 mois
2024-04-01,5035.6899,-0.0416,346707.914,351586.0756,25 ans,6 mois
2024-05-01,5277.5098,0.048,363357.2407,368469.6574,25 ans,6 mois
2024-06-01,5460.48,0.0347,375954.764,381244.4272,25 ans,6 mois
2024-07-01,5522.2998,0.0113,380211.067,385560.6162,25 ans,6 mois
2024-08-01,5648.3999,0.0228,388893.0753,394364.7799,25 ans,6 mois
2024-09-01,5762.48,0.0202,396747.5037,402329.7196,25 ans,6 mois
2024-10-01,5705.4502,-0.0099,392820.9955,398347.9657,25 ans,6 mois
2024-11-01,6032.3799,0.0573,415330.1474,421173.8201,25 ans,6 mois
2024-12-01,5881.6299,-0.025,404950.9901,410648.6287,25 ans,6 mois
2025-01-01,6040.5298,0.027,415891.2692,421742.8369,25 ans,6 mois
2025-02-01,5954.5,-0.0142,409968.1072,415736.3364,25 ans,6 mois
2025-03-01,5611.8501,-0.0575,386376.6164,391812.9146,25 ans,6 mois
2025-04-01,5363.3599,-0.0443,369268.0312,374463.6124,25 ans,6 mois
2005-05-01,1191.5,0.03,102995.2047,17165.8674,20 ans,6 mois
2005-06-01,1191.33,-0.0001,102980.5058,33830.1555,20 ans,6 mois
2005-07-01,1234.1801,0.036,106684.5382,51096.2937,20 ans,6 mois
2005-08-01,1220.33,-0.0112,105487.3131,67575.9252,20 ans,6 mois
2005-09-01,1228.8101,0.0069,106220.347,84358.409,20 ans,6 mois
2005-10-01,1207.01,-0.0177,104335.9152,100729.396,20 ans,6 mois
2005-11-01,1249.48,0.0352,108007.0888,104273.6702,20 ans,6 mois
2005-12-01,1248.29,-0.001,107904.2283,104174.3653,20 ans,6 mois
2006-01-01,1280.08,0.0255,110652.2006,106827.35,20 ans,6 mois
2006-02-01,1280.66,0.0005,110702.3435,106875.7597,20 ans,6 mois
2006-03-01,1294.87,0.0111,111930.6758,108061.6328,20 ans,6 mois
2006-04-01,1310.61,0.0122,113291.2662,109375.1925,20 ans,6 mois
2006-05-01,1270.09,-0.0309,109788.6496,105993.6488,20 ans,6 mois
2006-06-01,1270.2,0.0001,109798.1569,106002.8275,20 ans,6 mois
2006-07-01,1276.66,0.0051,110356.577,106541.945,20 ans,6 mois
2006-08-01,1303.8199,0.0213,112704.3241,108808.539,20 ans,6 mois
2006-09-01,1335.85,0.0246,115473.0521,111481.5619,20 ans,6 mois
2006-10-01,1377.9399,0.0315,119111.3775,114994.1234,20 ans,6 mois
2006-11-01,1400.63,0.0165,121072.7436,116887.6921,20 ans,6 mois
2006-12-01,1418.3,0.0126,122600.171,118362.3218,20 ans,6 mois
2007-01-01,1438.24,0.0141,124323.8121,120026.3828,20 ans,6 mois
2007-02-01,1406.8199,-0.0218,121607.8122,117404.2653,20 ans,6 mois
2007-03-01,1420.86,0.01,122821.4561,118575.9579,20 ans,6 mois
2007-04-01,1482.37,0.0433,128138.4818,123709.193,20 ans,6 mois
2007-05-01,1530.62,0.0325,132309.2905,127735.8318,20 ans,6 mois
2007-06-01,1503.35,-0.0178,129952.0255,125460.049,20 ans,6 mois
2007-07-01,1455.27,-0.032,125795.9157,121447.601,20 ans,6 mois
2007-08-01,1473.99,0.0129,127414.1005,123009.851,20 ans,6 mois
2007-09-01,1526.75,0.0358,131974.7618,127412.8666,20 ans,6 mois
2007-10-01,1549.38,0.0148,133930.9364,129301.4232,20 ans,6 mois
2007-11-01,1481.14,-0.044,128032.1603,123606.5466,20 ans,6 mois
2007-12-01,1468.36,-0.0086,126927.4337,122540.0065,20 ans,6 mois
2008-01-01,1378.55,-0.0612,119164.1162,115045.0391,20 ans,6 mois
2008-02-01,1330.63,-0.0348,115021.8294,111045.9363,20 ans,6 mois
2008-03-01,1322.7,-0.006,114336.3426,110384.1444,20 ans,6 mois
2008-04-01,1385.59,0.0475,119772.6581,115632.5459,20 ans,6 mois
2008-05-01,1400.38,0.0107,121051.1332,116866.8287,20 ans,6 mois
2008-06-01,1280.0,-0.086,110645.2891,106820.6774,20 ans,6 mois
2008-07-01,1267.38,-0.0099,109554.3961,105767.4927,20 ans,6 mois
2008-08-01,1282.83,0.0122,110889.9151,107056.8476,20 ans,6 mois
2008-09-01,1166.36,-0.0908,100822.0608,97337.0029,20 ans,6 mois
2008-10-01,968.75,-0.1694,83740.3311,80845.7275,20 ans,6 mois
2008-11-01,896.24,-0.0748,77472.4475,74794.5022,20 ans,6 mois
2008-12-01,903.25,0.0078,78078.4042,75379.5132,20 ans,6 mois
2009-01-01,825.88,-0.0857,71390.4156,68922.7043,20 ans,6 mois
2009-02-01,735.09,-0.1099,63542.3817,61345.9489,20 ans,6 mois
2009-03-01,797.87,0.0854,68969.1846,66585.1667,20 ans,6 mois
2009-04-01,872.81,0.0939,75447.1207,72839.1837,20 ans,6 mois
2009-05-01,919.14,0.0531,79451.963,76705.593,20 ans,6 mois
2009-06-01,919.32,0.0002,79467.5219,76720.614,20 ans,6 mois
2009-07-01,987.48,0.0741,85359.3812,82408.8128,20 ans,6 mois
2009-08-01,1020.62,0.0336,88224.0581,85174.4682,20 ans,6 mois
2009-09-01,1057.08,0.0357,91375.7167,88217.1851,20 ans,6 mois
2009-10-01,1036.1899,-0.0198,89569.9497,86473.8371,20 ans,6 mois
2009-11-01,1095.63,0.0574,94708.0458,91434.3276,20 ans,6 mois
2009-12-01,1115.1,0.0178,96391.0619,93059.1678,20 ans,6 mois
2010-01-01,1073.87,-0.037,92827.0751,89618.3752,20 ans,6 mois
2010-02-01,1104.49,0.0285,95473.9174,92173.7257,20 ans,6 mois
2010-03-01,1169.4301,0.0588,101087.4425,97593.2113,20 ans,6 mois
2010-04-01,1186.6899,0.0148,102579.4153,99033.612,20 ans,6 mois
2010-05-01,1089.41,-0.082,94170.3814,90915.2483,20 ans,6 mois
2010-06-01,1030.71,-0.0539,89096.2513,86016.5127,20 ans,6 mois
2010-07-01,1101.6,0.0688,95224.0998,91932.5434,20 ans,6 mois
2010-08-01,1049.33,-0.0474,90705.794,87570.4193,20 ans,6 mois
2010-09-01,1141.2,0.0876,98647.1863,95237.3061,20 ans,6 mois
2010-10-01,1183.26,0.0369,102282.9265,98747.3717,20 ans,6 mois
2010-11-01,1180.55,-0.0023,102048.673,98521.2156,20 ans,6 mois
2010-12-01,1257.64,0.0653,108712.4555,104954.6549,20 ans,6 mois
2011-01-01,1286.12,0.0226,111174.3115,107331.4133,20 ans,6 mois
2011-02-01,1327.22,0.032,114727.0604,110761.3565,20 ans,6 mois
2011-03-01,1325.83,-0.001,114606.9053,110645.3547,20 ans,6 mois
2011-04-01,1363.61,0.0285,117872.6727,113798.2362,20 ans,6 mois
2011-05-01,1345.2,-0.0135,116281.2793,112261.8516,20 ans,6 mois
2011-06-01,1320.64,-0.0183,114158.2783,110212.2351,20 ans,6 mois
2011-07-01,1292.28,-0.0215,111706.7949,107845.4907,20 ans,6 mois
2011-08-01,1218.89,-0.0568,105362.8422,101720.8258,20 ans,6 mois
2011-09-01,1131.42,-0.0718,97801.7952,94421.1371,20 ans,6 mois
2011-10-01,1253.3,0.1077,108337.3017,104592.4689,20 ans,6 mois
2011-11-01,1246.96,-0.0051,107789.2542,104063.3654,20 ans,6 mois
2011-12-01,1257.6,0.0085,108708.9944,104951.3135,20 ans,6 mois
2012-01-01,1312.41,0.0436,113446.8654,109525.4132,20 ans,6 mois
2012-02-01,1365.6801,0.0406,118051.6128,113970.991,20 ans,6 mois
2012-03-01,1408.47,0.0313,121750.4431,117541.9659,20 ans,6 mois
2012-04-01,1397.91,-0.0075,120837.6249,116660.7006,20 ans,6 mois
2012-05-01,1310.33,-0.0627,113267.06,109351.8231,20 ans,6 mois
2012-06-01,1362.16,0.0396,117747.3366,113677.2325,20 ans,6 mois
2012-07-01,1379.3199,0.0126,119230.6674,115109.2898,20 ans,6 mois
2012-08-01,1406.58,0.0198,121587.0671,117384.2373,20 ans,6 mois
2012-09-01,1440.67,0.0242,124533.8699,120229.1797,20 ans,6 mois
2012-10-01,1412.16,-0.0198,122069.4182,117849.9152,20 ans,6 mois
2012-11-01,1416.1801,0.0028,122416.9152,118185.4005,20 ans,6 mois
2012-12-01,1426.1899,0.0071,123282.1862,119020.7622,20 ans,6 mois
2013-01-01,1498.11,0.0504,129499.0722,125022.7527,20 ans,6 mois
2013-02-01,1514.6801,0.0111,130931.416,126405.5854,20 ans,6 mois
2013-03-01,1569.1899,0.036,135643.3396,130954.6348,20 ans,6 mois
2013-04-01,1597.5699,0.0181,138096.5536,133323.0499,20 ans,6 mois
2013-05-01,1630.74,0.0208,140963.8263,136091.2113,20 ans,6 mois
2013-06-01,1606.28,-0.015,138849.4674,134049.9381,20 ans,6 mois
2013-07-01,1685.73,0.0495,145717.2508,140680.3269,20 ans,6 mois
2013-08-01,1632.97,-0.0313,141156.5895,136277.3113,20 ans,6 mois
2013-09-01,1681.55,0.0297,145355.9307,140331.4963,20 ans,6 mois
2013-10-01,1756.54,0.0446,151838.1878,146589.685,20 ans,6 mois
2013-11-01,1805.8101,0.028,156097.1688,150701.4482,20 ans,6 mois
2013-12-01,1848.36,0.0236,159775.2539,154252.3951,20 ans,6 mois
2014-01-01,1782.59,-0.0356,154089.986,148763.6466,20 ans,6 mois
2014-02-01,1859.45,0.0431,160733.8886,155177.8933,20 ans,6 mois
2014-03-01,1872.34,0.0069,161848.1225,156253.6121,20 ans,6 mois
2014-04-01,1883.95,0.0062,162851.7086,157222.5078,20 ans,6 mois
2014-05-01,1923.5699,0.021,166276.5256,160528.9412,20 ans,6 mois
2014-06-01,1960.23,0.0191,169445.4788,163588.355,20 ans,6 mois
2014-07-01,1930.67,-0.0151,166890.2697,161121.4702,20 ans,6 mois
2014-08-01,2003.37,0.0377,173174.5721,167188.5468,20 ans,6 mois
2014-09-01,1972.29,-0.0155,170487.97,164594.8109,20 ans,6 mois
2014-10-01,2018.05,0.0232,174443.5399,168413.651,20 ans,6 mois
2014-11-01,2067.5601,0.0245,178723.266,172545.4422,20 ans,6 mois
2014-12-01,2058.8999,-0.0042,177974.6679,171822.7205,20 ans,6 mois
2015-01-01,1994.99,-0.031,172450.1908,166489.2048,20 ans,6 mois
2015-02-01,2104.5,0.0549,181916.4148,175628.2153,20 ans,6 mois
2015-03-01,2067.8899,-0.0174,178751.7773,172572.968,20 ans,6 mois
2015-04-01,2085.51,0.0085,180274.889,174043.4312,20 ans,6 mois
2015-05-01,2107.3899,0.0105,182166.2218,175869.3874,20 ans,6 mois
2015-06-01,2063.1101,-0.021,178338.6049,172174.0775,20 ans,6 mois
2015-07-01,2103.8401,0.0197,181859.3709,175573.1432,20 ans,6 mois
2015-08-01,1972.1801,-0.0626,170478.4627,164585.6322,20 ans,6 mois
2015-09-01,1920.03,-0.0264,165970.5294,160233.5221,20 ans,6 mois
2015-10-01,2079.3601,0.083,179743.2814,173530.1994,20 ans,6 mois
2015-11-01,2080.4099,0.0005,179834.0283,173617.8094,20 ans,6 mois
2015-12-01,2043.9399,-0.0175,176681.5045,170574.2571,20 ans,6 mois
2016-01-01,1940.24,-0.0507,167717.5114,161920.1172,20 ans,6 mois
2016-02-01,1932.23,-0.0041,167025.1131,161251.6526,20 ans,6 mois
2016-03-01,2059.74,0.066,178047.2865,171892.8289,20 ans,6 mois
2016-04-01,2065.3,0.0027,178527.907,172356.8361,20 ans,6 mois
2016-05-01,2096.95,0.0153,181263.7762,174998.1361,20 ans,6 mois
2016-06-01,2098.8601,0.0009,181428.8933,175157.5456,20 ans,6 mois
2016-07-01,2173.6001,0.0356,187889.54,181394.8709,20 ans,6 mois
2016-08-01,2170.95,-0.0012,187660.457,181173.7065,20 ans,6 mois
2016-09-01,2168.27,-0.0012,187428.7994,180950.0564,20 ans,6 mois
2016-10-01,2126.1499,-0.0194,183787.8677,177434.9788,20 ans,6 mois
2016-11-01,2198.8101,0.0342,190068.7302,183498.7343,20 ans,6 mois
2016-12-01,2238.8301,0.0182,193528.126,186838.5512,20 ans,6 mois
2017-01-01,2278.8701,0.0179,196989.2523,190180.0388,20 ans,6 mois
2017-02-01,2363.6399,0.0372,204316.89,197254.3863,20 ans,6 mois
2017-03-01,2362.72,-0.0004,204237.3705,197177.6154,20 ans,6 mois
2017-04-01,2384.2,0.0091,206094.1351,198970.1983,20 ans,6 mois
2017-05-01,2411.8,0.0116,208479.9326,201273.5273,20 ans,6 mois
2017-06-01,2423.4099,0.0048,209483.5081,202242.4128,20 ans,6 mois
2017-07-01,2470.3,0.0193,213536.768,206155.5661,20 ans,6 mois
2017-08-01,2471.6499,0.0005,213653.4516,206268.2163,20 ans,6 mois
2017-09-01,2519.3601,0.0193,217777.5996,210249.8072,20 ans,6 mois
2017-10-01,2575.26,0.0222,222609.6784,214914.8584,20 ans,6 mois
2017-11-01,2647.5801,0.0281,228861.1431,220950.2323,20 ans,6 mois
2017-12-01,2673.6101,0.0098,231111.2213,223122.5334,20 ans,6 mois
2018-01-01,2823.8101,0.0562,244094.7502,235657.2682,20 ans,6 mois
2018-02-01,2713.8301,-0.0389,234587.9012,226479.0369,20 ans,6 mois
2018-03-01,2640.8701,-0.0269,228281.1231,220390.2616,20 ans,6 mois
2018-04-01,2648.05,0.0027,228901.7681,220989.4531,20 ans,6 mois
2018-05-01,2705.27,0.0216,233847.9558,225764.6688,20 ans,6 mois
2018-06-01,2718.3701,0.0048,234980.3496,226857.9198,20 ans,6 mois
2018-07-01,2816.29,0.036,243444.7075,235029.6951,20 ans,6 mois
2018-08-01,2901.52,0.0303,250812.1261,242142.4484,20 ans,6 mois
2018-09-01,2913.98,0.0043,251889.1855,243182.2777,20 ans,6 mois
2018-10-01,2711.74,-0.0694,234407.2306,226304.6115,20 ans,6 mois
2018-11-01,2760.1699,0.0179,238593.593,230346.2662,20 ans,6 mois
2018-12-01,2506.8501,-0.0918,216696.2139,209205.8012,20 ans,6 mois
2019-01-01,2704.1001,0.0787,233746.8258,225667.0345,20 ans,6 mois
2019-02-01,2784.49,0.0297,240695.8594,232375.8648,20 ans,6 mois
2019-03-01,2834.3999,0.0179,245010.1536,236541.0293,20 ans,6 mois
2019-04-01,2945.8301,0.0393,254642.3599,245840.2847,20 ans,6 mois
2019-05-01,2752.0601,-0.0658,237892.5631,229669.4685,20 ans,6 mois
2019-06-01,2941.76,0.0689,254290.5365,245500.6226,20 ans,6 mois
2019-07-01,2980.3799,0.0131,257628.9014,248723.5922,20 ans,6 mois
2019-08-01,2926.46,-0.0181,252967.9753,244223.7776,20 ans,6 mois
2019-09-01,2976.74,0.0172,257314.2631,248419.8298,20 ans,6 mois
2019-10-01,3037.5601,0.0204,262571.6491,253495.4868,20 ans,6 mois
2019-11-01,3140.98,0.034,271511.4359,262126.2572,20 ans,6 mois
2019-12-01,3230.78,0.0286,279273.8987,269620.3994,20 ans,6 mois
2020-01-01,3225.52,-0.0016,278819.2149,269181.4324,20 ans,6 mois
2020-02-01,2954.22,-0.0841,255367.5959,246540.4519,20 ans,6 mois
2020-03-01,2584.5901,-0.1251,223416.1855,215693.4875,20 ans,6 mois
2020-04-01,2912.4299,0.1268,251755.1967,243052.9204,20 ans,6 mois
2020-05-01,3044.3101,0.0453,263155.1301,254058.7989,20 ans,6 mois
2020-06-01,3100.29,0.0184,267994.131,258730.5329,20 ans,6 mois
2020-07-01,3271.1201,0.0551,282760.9618,272986.9271,20 ans,6 mois
2020-08-01,3500.3101,0.0701,302572.5144,292113.6653,20 ans,6 mois
2020-09-01,3363.0,-0.0392,290703.2088,280654.6391,20 ans,6 mois
2020-10-01,3269.96,-0.0277,282660.676,272890.1079,20 ans,6 mois
2020-11-01,3621.6299,0.1075,313059.598,302238.2479,20 ans,6 mois
2020-12-01,3756.0701,0.0371,324680.827,313457.7727,20 ans,6 mois
2021-01-01,3714.24,-0.0111,321064.9668,309966.8998,20 ans,6 mois
2021-02-01,3811.1499,0.0261,329442.0178,318054.3861,20 ans,6 mois
2021-03-01,3972.8899,0.0424,343423.0865,331552.1793,20 ans,6 mois
2021-04-01,4181.1699,0.0524,361427.1522,348933.9089,20 ans,6 mois
2021-05-01,4204.1099,0.0055,363410.1182,350848.3308,20 ans,6 mois
2021-06-01,4297.5,0.0222,371482.914,358642.079,20 ans,6 mois
2021-07-01,4395.2598,0.0227,379933.4277,366800.4887,20 ans,6 mois
2021-08-01,4522.6802,0.029,390947.8559,377434.1875,20 ans,6 mois
2021-09-01,4307.54,-0.0476,372350.7914,359479.9569,20 ans,6 mois
2021-10-01,4605.3799,0.0691,398096.5536,384335.7803,20 ans,6 mois
2021-11-01,4567.0,-0.0083,394778.9339,381132.8388,20 ans,6 mois
2021-12-01,4766.1802,0.0436,411996.3933,397755.1523,20 ans,6 mois
2022-01-01,4515.5498,-0.0526,390331.495,376839.132,20 ans,6 mois
2022-02-01,4373.9399,-0.0314,378090.5073,365021.2714,20 ans,6 mois
2022-03-01,4530.4102,0.0358,391616.048,378079.2826,20 ans,6 mois
2022-04-01,4131.9302,-0.088,357170.7882,344824.6721,20 ans,6 mois
2022-05-01,4132.1499,0.0001,357189.7817,344843.0091,20 ans,6 mois
2022-06-01,3785.3799,-0.0839,327214.4152,315903.7838,20 ans,6 mois
2022-07-01,4130.29,0.0911,357029.0121,344687.7967,20 ans,6 mois
2022-08-01,3955.0,-0.0424,341876.655,330059.2024,20 ans,6 mois
2022-09-01,3585.6201,-0.0934,309946.8551,299233.1014,20 ans,6 mois
2022-10-01,3871.98,0.0799,334700.269,323130.8784,20 ans,6 mois
2022-11-01,4080.1101,0.0538,352691.3769,340500.0981,20 ans,6 mois
2022-12-01,3839.5,-0.059,331892.6465,320420.3053,20 ans,6 mois
2023-01-01,4076.6001,0.0618,352387.9659,340207.1749,20 ans,6 mois
2023-02-01,3970.1499,-0.0261,343186.2373,331323.5171,20 ans,6 mois
2023-03-01,4109.3101,0.0351,355215.4683,342936.9407,20 ans,6 mois
2023-04-01,4169.48,0.0146,360416.6546,347958.3405,20 ans,6 mois
2023-05-01,4179.8301,0.0025,361311.3339,348822.094,20 ans,6 mois
2023-06-01,4450.3799,0.0647,384698.1006,371400.4639,20 ans,6 mois
2023-07-01,4588.96,0.0311,396677.1887,382965.4778,20 ans,6 mois
2023-08-01,4507.6602,-0.0177,389649.5009,376180.712,20 ans,6 mois
2023-09-01,4288.0498,-0.0487,370666.0237,357853.4256,20 ans,6 mois
2023-10-01,4193.7998,-0.022,362518.8999,349987.9187,20 ans,6 mois
2023-11-01,4567.7998,0.0892,394848.0703,381199.5854,20 ans,6 mois
2023-12-01,4769.8301,0.0442,412311.8969,398059.75,20 ans,6 mois
2024-01-01,4845.6499,0.0159,418865.8862,404387.1914,20 ans,6 mois
2024-02-01,5096.27,0.0517,440529.8982,425302.356,20 ans,6 mois
2024-03-01,5254.3501,0.031,454194.5981,438494.7162,20 ans,6 mois
2024-04-01,5035.6899,-0.0416,435293.2574,420246.7271,20 ans,6 mois
2024-05-01,5277.5098,0.048,456196.5576,440427.4751,20 ans,6 mois
2024-06-01,5460.48,0.0347,472012.8016,455697.0081,20 ans,6 mois
2024-07-01,5522.2998,0.0113,477356.6081,460856.0984,20 ans,6 mois
2024-08-01,5648.3999,0.0228,488256.9064,471379.6123,20 ans,6 mois
2024-09-01,5762.48,0.0202,498118.1745,480900.0117,20 ans,6 mois
2024-10-01,5705.4502,-0.0099,493188.4268,476140.6677,20 ans,6 mois
2024-11-01,6032.3799,0.0573,521448.7626,503424.1448,20 ans,6 mois
2024-12-01,5881.6299,-0.025,508417.6866,490843.5064,20 ans,6 mois
2025-01-01,6040.5298,0.027,522153.2535,504104.2839,20 ans,6 mois
2025-02-01,5954.5,-0.0142,514716.6984,496924.784,20 ans,6 mois
2025-03-01,5611.8501,-0.0575,485097.4816,468329.3975,20 ans,6 mois
2025-04-01,5363.3599,-0.0443,463617.5802,447591.9794,20 ans,6 mois
2010-05-01,1089.41,-0.082,91802.4158,15300.4026,15 ans,6 mois
2010-06-01,1030.71,-0.0539,86855.8774,31069.0286,15 ans,6 mois
2010-07-01,1101.6,0.0688,92829.6379,48881.9928,15 ans,6 mois
2010-08-01,1049.33,-0.0474,88424.9474,64757.8397,15 ans,6 mois
2010-09-01,1141.2,0.0876,96166.649,82883.6914,15 ans,6 mois
2010-10-01,1183.26,0.0369,99710.9665,100164.6246,15 ans,6 mois
2010-11-01,1180.55,-0.0023,99482.6035,99935.2226,15 ans,6 mois
2010-12-01,1257.64,0.0653,105978.8215,106460.9967,15 ans,6 mois
2011-01-01,1286.12,0.0226,108378.7728,108871.8671,15 ans,6 mois
2011-02-01,1327.22,0.032,111842.1859,112351.0379,15 ans,6 mois
2011-03-01,1325.83,-0.001,111725.0522,112233.3712,15 ans,6 mois
2011-04-01,1363.61,0.0285,114908.7001,115431.5038,15 ans,6 mois
2011-05-01,1345.2,-0.0135,113357.3231,113873.0685,15 ans,6 mois
2011-06-01,1320.64,-0.0183,111287.7061,111794.0353,15 ans,6 mois
2011-07-01,1292.28,-0.0215,108897.8666,109393.3227,15 ans,6 mois
2011-08-01,1218.89,-0.0568,102713.4361,103180.7547,15 ans,6 mois
2011-09-01,1131.42,-0.0718,95342.5157,95776.2986,15 ans,6 mois
2011-10-01,1253.3,0.1077,105613.1012,106093.6125,15 ans,6 mois
2011-11-01,1246.96,-0.0051,105078.8346,105556.9151,15 ans,6 mois
2011-12-01,1257.6,0.0085,105975.4475,106457.6073,15 ans,6 mois
2012-01-01,1312.41,0.0436,110594.1821,111097.3559,15 ans,6 mois
2012-02-01,1365.6801,0.0406,115083.1406,115606.738,15 ans,6 mois
2012-03-01,1408.47,0.0313,118688.9618,119228.9647,15 ans,6 mois
2012-04-01,1397.91,-0.0075,117799.0969,118335.0512,15 ans,6 mois
2012-05-01,1310.33,-0.0627,110418.898,110921.2744,15 ans,6 mois
2012-06-01,1362.16,0.0396,114786.5156,115308.7634,15 ans,6 mois
2012-07-01,1379.3199,0.0126,116232.5472,116761.3741,15 ans,6 mois
2012-08-01,1406.58,0.0198,118529.694,119068.9723,15 ans,6 mois
2012-09-01,1440.67,0.0242,121402.3979,121954.7462,15 ans,6 mois
2012-10-01,1412.16,-0.0198,118999.9161,119541.3338,15 ans,6 mois
2012-11-01,1416.1801,0.0028,119338.6751,119881.6341,15 ans,6 mois
2012-12-01,1426.1899,0.0071,120182.1884,120728.9852,15 ans,6 mois
2013-01-01,1498.11,0.0504,126242.7474,126817.1181,15 ans,6 mois
2013-02-01,1514.6801,0.0111,127639.0741,128219.7977,15 ans,6 mois
2013-03-01,1569.1899,0.036,132232.5139,132834.1364,15 ans,6 mois
2013-04-01,1597.5699,0.0181,134624.0404,135236.5437,15 ans,6 mois
2013-05-01,1630.74,0.0208,137419.214,138044.4346,15 ans,6 mois
2013-06-01,1606.28,-0.015,135358.0218,135973.8645,15 ans,6 mois
2013-07-01,1685.73,0.0495,142053.1111,142699.4146,15 ans,6 mois
2013-08-01,1632.97,-0.0313,137607.13,138233.2056,15 ans,6 mois
2013-09-01,1681.55,0.0297,141700.8765,142345.5775,15 ans,6 mois
2013-10-01,1756.54,0.0446,148020.1338,148693.5857,15 ans,6 mois
2013-11-01,1805.8101,0.028,152172.0203,152864.3622,15 ans,6 mois
2013-12-01,1848.36,0.0236,155757.618,156466.2734,15 ans,6 mois
2014-01-01,1782.59,-0.0356,150215.3093,150898.7487,15 ans,6 mois
2014-02-01,1859.45,0.0431,156692.1473,157405.0546,15 ans,6 mois
2014-03-01,1872.34,0.0069,157778.3632,158496.2124,15 ans,6 mois
2014-04-01,1883.95,0.0062,158756.7136,159479.014,15 ans,6 mois
2014-05-01,1923.5699,0.021,162095.4117,162832.9024,15 ans,6 mois
2014-06-01,1960.23,0.0191,165184.6798,165936.2258,15 ans,6 mois
2014-07-01,1930.67,-0.0151,162693.7228,163433.9356,15 ans,6 mois
2014-08-01,2003.37,0.0377,168820.003,169588.0888,15 ans,6 mois
2014-09-01,1972.29,-0.0155,166200.957,166957.1268,15 ans,6 mois
2014-10-01,2018.05,0.0232,170057.062,170830.776,15 ans,6 mois
2014-11-01,2067.5601,0.0245,174229.172,175021.868,15 ans,6 mois
2014-12-01,2058.8999,-0.0042,173499.3978,174288.7736,15 ans,6 mois
2015-01-01,1994.99,-0.031,168113.8367,168878.7096,15 ans,6 mois
2015-02-01,2104.5,0.0549,177342.0273,178148.886,15 ans,6 mois
2015-03-01,2067.8899,-0.0174,174256.9664,175049.7889,15 ans,6 mois
2015-04-01,2085.51,0.0085,175741.7786,176541.3566,15 ans,6 mois
2015-05-01,2107.3899,0.0105,177585.5528,178393.5195,15 ans,6 mois
2015-06-01,2063.1101,-0.021,173854.1834,174645.1733,15 ans,6 mois
2015-07-01,2103.8401,0.0197,177286.4178,178093.0235,15 ans,6 mois
2015-08-01,1972.1801,-0.0626,166191.6887,166947.8164,15 ans,6 mois
2015-09-01,1920.03,-0.0264,161797.11,162533.2434,15 ans,6 mois
2015-10-01,2079.3601,0.083,175223.5386,176020.7587,15 ans,6 mois
2015-11-01,2080.4099,0.0005,175312.0035,176109.6261,15 ans,6 mois
2015-12-01,2043.9399,-0.0175,172238.7517,173022.3918,15 ans,6 mois
2016-01-01,1940.24,-0.0507,163500.1631,164244.045,15 ans,6 mois
2016-02-01,1932.23,-0.0041,162825.1756,163565.9864,15 ans,6 mois
2016-03-01,2059.74,0.066,173570.1904,174359.8882,15 ans,6 mois
2016-04-01,2065.3,0.0027,174038.7254,174830.555,15 ans,6 mois
2016-05-01,2096.95,0.0153,176705.7997,177509.7637,15 ans,6 mois
2016-06-01,2098.8601,0.0009,176866.7648,177671.4611,15 ans,6 mois
2016-07-01,2173.6001,0.0356,183164.955,183998.3065,15 ans,6 mois
2016-08-01,2170.95,-0.0012,182941.6325,183773.9678,15 ans,6 mois
2016-09-01,2168.27,-0.0012,182715.8,183547.1079,15 ans,6 mois
2016-10-01,2126.1499,-0.0194,179166.4215,179981.5807,15 ans,6 mois
2016-11-01,2198.8101,0.0342,185289.3483,186132.3651,15 ans,6 mois
2016-12-01,2238.8301,0.0182,188661.7557,189520.1161,15 ans,6 mois
2017-01-01,2278.8701,0.0179,192035.8501,192909.5617,15 ans,6 mois
2017-02-01,2363.6399,0.0372,199179.2304,200085.4425,15 ans,6 mois
2017-03-01,2362.72,-0.0004,199101.7104,200007.5698,15 ans,6 mois
2017-04-01,2384.2,0.0091,200911.7856,201825.8804,15 ans,6 mois
2017-05-01,2411.8,0.0116,203237.5909,204162.2675,15 ans,6 mois
2017-06-01,2423.4099,0.0048,204215.931,205145.0587,15 ans,6 mois
2017-07-01,2470.3,0.0193,208167.2695,209114.3748,15 ans,6 mois
2017-08-01,2471.6499,0.0005,208281.019,209228.6418,15 ans,6 mois
2017-09-01,2519.3601,0.0193,212301.463,213267.3778,15 ans,6 mois
2017-10-01,2575.26,0.0222,217012.0366,217999.3832,15 ans,6 mois
2017-11-01,2647.5801,0.0281,223106.3048,224121.3787,15 ans,6 mois
2017-12-01,2673.6101,0.0098,225299.8036,226324.8573,15 ans,6 mois
2018-01-01,2823.8101,0.0562,237956.8546,239039.4945,15 ans,6 mois
2018-02-01,2713.8301,-0.0389,228689.0605,229729.5344,15 ans,6 mois
2018-03-01,2640.8701,-0.0269,222540.8698,223553.3711,15 ans,6 mois
2018-04-01,2648.05,0.0027,223145.9083,224161.1624,15 ans,6 mois
2018-05-01,2705.27,0.0216,227967.7214,229004.9134,15 ans,6 mois
2018-06-01,2718.3701,0.0048,229071.6406,230113.8551,15 ans,6 mois
2018-07-01,2816.29,0.036,237323.1575,238402.9143,15 ans,6 mois
2018-08-01,2901.52,0.0303,244505.3184,245617.752,15 ans,6 mois
2018-09-01,2913.98,0.0043,245555.2945,246672.5052,15 ans,6 mois
2018-10-01,2711.74,-0.0694,228512.933,229552.6055,15 ans,6 mois
2018-11-01,2760.1699,0.0179,232594.0269,233652.2674,15 ans,6 mois
2018-12-01,2506.8501,-0.0918,211247.2694,212208.3878,15 ans,6 mois
2019-01-01,2704.1001,0.0787,227869.1344,228905.8779,15 ans,6 mois
2019-02-01,2784.49,0.0297,234643.4307,235710.9954,15 ans,6 mois
2019-03-01,2834.3999,0.0179,238849.2397,239935.9397,15 ans,6 mois
2019-04-01,2945.8301,0.0393,248239.2389,249368.6608,15 ans,6 mois
2019-05-01,2752.0601,-0.0658,231910.6249,232965.756,15 ans,6 mois
2019-06-01,2941.76,0.0689,247896.2623,249024.1238,15 ans,6 mois
2019-07-01,2980.3799,0.0131,251150.6821,252293.3504,15 ans,6 mois
2019-08-01,2926.46,-0.0181,246606.9576,247728.9532,15 ans,6 mois
2019-09-01,2976.74,0.0172,250843.9556,251985.2284,15 ans,6 mois
2019-10-01,3037.5601,0.0204,255969.1418,257133.7327,15 ans,6 mois
2019-11-01,3140.98,0.034,264684.1328,265888.3746,15 ans,6 mois
2019-12-01,3230.78,0.0286,272251.4042,273490.0751,15 ans,6 mois
2020-01-01,3225.52,-0.0016,271808.1537,273044.8079,15 ans,6 mois
2020-02-01,2954.22,-0.0841,248946.2384,250078.877,15 ans,6 mois
2020-03-01,2584.5901,-0.1251,217798.2637,218789.1874,15 ans,6 mois
2020-04-01,2912.4299,0.1268,245424.675,246541.2914,15 ans,6 mois
2020-05-01,3044.3101,0.0453,256537.9508,257705.1297,15 ans,6 mois
2020-06-01,3100.29,0.0184,261255.2724,262443.9138,15 ans,6 mois
2020-07-01,3271.1201,0.0551,275650.7832,276904.9203,15 ans,6 mois
2020-08-01,3500.3101,0.0701,294964.1635,296306.1713,15 ans,6 mois
2020-09-01,3363.0,-0.0392,283393.3181,284682.6817,15 ans,6 mois
2020-10-01,3269.96,-0.0277,275553.0191,276806.7114,15 ans,6 mois
2020-11-01,3621.6299,0.1075,305187.5436,306576.0651,15 ans,6 mois
2020-12-01,3756.0701,0.0371,316516.5506,317956.616,15 ans,6 mois
2021-01-01,3714.24,-0.0111,312991.6131,314415.641,15 ans,6 mois
2021-02-01,3811.1499,0.0261,321158.0186,322619.2014,15 ans,6 mois
2021-03-01,3972.8899,0.0424,334787.5257,336310.7192,15 ans,6 mois
2021-04-01,4181.1699,0.0524,352338.8693,353941.9167,15 ans,6 mois
2021-05-01,4204.1099,0.0055,354271.9725,355883.815,15 ans,6 mois
2021-06-01,4297.5,0.0222,362141.7735,363789.4215,15 ans,6 mois
2021-07-01,4395.2598,0.0227,370379.7944,372064.9232,15 ans,6 mois
2021-08-01,4522.6802,0.029,381117.2589,382851.2402,15 ans,6 mois
2021-09-01,4307.54,-0.0476,362987.8276,364639.3249,15 ans,6 mois
2021-10-01,4605.3799,0.0691,388086.1986,389851.8867,15 ans,6 mois
2021-11-01,4567.0,-0.0083,384852.0022,386602.9757,15 ans,6 mois
2021-12-01,4766.1802,0.0436,401636.5193,403463.8578,15 ans,6 mois
2022-01-01,4515.5498,-0.0526,380516.3967,382247.6442,15 ans,6 mois
2022-02-01,4373.9399,-0.0314,368583.2153,370260.1701,15 ans,6 mois
2022-03-01,4530.4102,0.0358,381768.6489,383505.5939,15 ans,6 mois
2022-04-01,4131.9302,-0.088,348189.5339,349773.7029,15 ans,6 mois
2022-05-01,4132.1499,0.0001,348208.0498,349792.3031,15 ans,6 mois
2022-06-01,3785.3799,-0.0839,318986.4303,320437.733,15 ans,6 mois
2022-07-01,4130.29,0.0911,348051.3228,349634.863,15 ans,6 mois
2022-08-01,3955.0,-0.0424,333279.9801,334796.3146,15 ans,6 mois
2022-09-01,3585.6201,-0.0934,302153.0723,303527.7878,15 ans,6 mois
2022-10-01,3871.98,0.0799,326284.0482,327768.5531,15 ans,6 mois
2022-11-01,4080.1101,0.0538,343822.7599,345387.0612,15 ans,6 mois
2022-12-01,3839.5,-0.059,323547.0249,325019.0771,15 ans,6 mois
2023-01-01,4076.6001,0.0618,343526.9783,345089.9339,15 ans,6 mois
2023-02-01,3970.1499,-0.0261,334556.6322,336078.7751,15 ans,6 mois
2023-03-01,4109.3101,0.0351,346283.3816,347858.8782,15 ans,6 mois
2023-04-01,4169.48,0.0146,351353.7812,352952.3467,15 ans,6 mois
2023-05-01,4179.8301,0.0025,352225.9634,353828.497,15 ans,6 mois
2023-06-01,4450.3799,0.0647,375024.657,376730.9187,15 ans,6 mois
2023-07-01,4588.96,0.0311,386702.5245,388461.9173,15 ans,6 mois
2023-08-01,4507.6602,-0.0177,379851.5517,381579.7744,15 ans,6 mois
2023-09-01,4288.0498,-0.0487,361345.4244,362989.4492,15 ans,6 mois
2023-10-01,4193.7998,-0.022,353403.1644,355011.054,15 ans,6 mois
2023-11-01,4567.7998,0.0892,384919.4002,386670.6803,15 ans,6 mois
2023-12-01,4769.8301,0.0442,401944.0893,403772.8272,15 ans,6 mois
2024-01-01,4845.6499,0.0159,408333.275,410191.0819,15 ans,6 mois
2024-02-01,5096.27,0.0517,429452.5336,431406.4275,15 ans,6 mois
2024-03-01,5254.3501,0.031,442773.6272,444788.1285,15 ans,6 mois
2024-04-01,5035.6899,-0.0416,424347.571,426278.2386,15 ans,6 mois
2024-05-01,5277.5098,0.048,444725.2464,446748.627,15 ans,6 mois
2024-06-01,5460.48,0.0347,460143.7823,462237.3131,15 ans,6 mois
2024-07-01,5522.2998,0.0113,465353.2159,467470.4482,15 ans,6 mois
2024-08-01,5648.3999,0.0228,475979.4202,478144.9989,15 ans,6 mois
2024-09-01,5762.48,0.0202,485592.7214,487802.038,15 ans,6 mois
2024-10-01,5705.4502,-0.0099,480786.9348,482974.3865,15 ans,6 mois
2024-11-01,6032.3799,0.0573,508336.6491,510649.4445,15 ans,6 mois
2024-12-01,5881.6299,-0.025,495633.2465,497888.2449,15 ans,6 mois
2025-01-01,6040.5298,0.027,509023.4251,511339.3452,15 ans,6 mois
2025-02-01,5954.5,-0.0142,501773.8663,504056.8028,15 ans,6 mois
2025-03-01,5611.8501,-0.0575,472899.4409,475051.0065,15 ans,6 mois
2025-04-01,5363.3599,-0.0443,451959.6633,454015.9585,15 ans,6 mois
2015-05-01,2107.3899,0.0105,101049.1382,16841.523,10 ans,6 mois
2015-06-01,2063.1101,-0.021,98925.9269,33157.9952,10 ans,6 mois
2015-07-01,2103.8401,0.0197,100878.9254,50153.6957,10 ans,6 mois
2015-08-01,1972.1801,-0.0626,94565.8397,65777.3487,10 ans,6 mois
2015-09-01,1920.03,-0.0264,92065.2512,82003.3015,10 ans,6 mois
2015-10-01,2079.3601,0.083,99705.1128,100053.0201,10 ans,6 mois
2015-11-01,2080.4099,0.0005,99755.4508,100103.5338,10 ans,6 mois
2015-12-01,2043.9399,-0.0175,98006.7193,98348.7003,10 ans,6 mois
2016-01-01,1940.24,-0.0507,93034.3168,93358.9474,10 ans,6 mois
2016-02-01,1932.23,-0.0041,92650.2377,92973.528,10 ans,6 mois
2016-03-01,2059.74,0.066,98764.3301,99108.9547,10 ans,6 mois
2016-04-01,2065.3,0.0027,99030.9344,99376.4893,10 ans,6 mois
2016-05-01,2096.95,0.0153,100548.5441,100899.3945,10 ans,6 mois
2016-06-01,2098.8601,0.0009,100640.1359,100991.3059,10 ans,6 mois
2016-07-01,2173.6001,0.0356,104223.9111,104587.5861,10 ans,6 mois
2016-08-01,2170.95,-0.0012,104096.8368,104460.0685,10 ans,6 mois
2016-09-01,2168.27,-0.0012,103968.3343,104331.1176,10 ans,6 mois
2016-10-01,2126.1499,-0.0194,101948.6789,102304.4148,10 ans,6 mois
2016-11-01,2198.8101,0.0342,105432.7262,105800.6193,10 ans,6 mois
2016-12-01,2238.8301,0.0182,107351.6822,107726.2712,10 ans,6 mois
2017-01-01,2278.8701,0.0179,109271.5981,109652.8864,10 ans,6 mois
2017-02-01,2363.6399,0.0372,113336.3005,113731.7721,10 ans,6 mois
2017-03-01,2362.72,-0.0004,113292.1904,113687.508,10 ans,6 mois
2017-04-01,2384.2,0.0091,114322.1533,114721.0648,10 ans,6 mois
2017-05-01,2411.8,0.0116,115645.5753,116049.1047,10 ans,6 mois
2017-06-01,2423.4099,0.0048,116202.2671,116607.739,10 ans,6 mois
2017-07-01,2470.3,0.0193,118450.6446,118863.9619,10 ans,6 mois
2017-08-01,2471.6499,0.0005,118515.3699,118928.9131,10 ans,6 mois
2017-09-01,2519.3601,0.0193,120803.0695,121224.5953,10 ans,6 mois
2017-10-01,2575.26,0.0222,123483.4644,123914.343,10 ans,6 mois
2017-11-01,2647.5801,0.0281,126951.2045,127394.1834,10 ans,6 mois
2017-12-01,2673.6101,0.0098,128199.3419,128646.6759,10 ans,6 mois
2018-01-01,2823.8101,0.0562,135401.4148,135873.8795,10 ans,6 mois
2018-02-01,2713.8301,-0.0389,130127.8855,130581.949,10 ans,6 mois
2018-03-01,2640.8701,-0.0269,126629.4626,127071.3187,10 ans,6 mois
2018-04-01,2648.05,0.0027,126973.7396,127416.7971,10 ans,6 mois
2018-05-01,2705.27,0.0216,129717.4316,130170.0628,10 ans,6 mois
2018-06-01,2718.3701,0.0048,130345.58,130800.403,10 ans,6 mois
2018-07-01,2816.29,0.036,135040.8306,135512.0371,10 ans,6 mois
2018-08-01,2901.52,0.0303,139127.5998,139613.0665,10 ans,6 mois
2018-09-01,2913.98,0.0043,139725.0537,140212.6051,10 ans,6 mois
2018-10-01,2711.74,-0.0694,130027.666,130481.3798,10 ans,6 mois
2018-11-01,2760.1699,0.0179,132349.8765,132811.6933,10 ans,6 mois
2018-12-01,2506.8501,-0.0918,120203.2158,120622.6485,10 ans,6 mois
2019-01-01,2704.1001,0.0787,129661.3339,130113.7694,10 ans,6 mois
2019-02-01,2784.49,0.0297,133516.0214,133981.9073,10 ans,6 mois
2019-03-01,2834.3999,0.0179,135909.1967,136383.4333,10 ans,6 mois
2019-04-01,2945.8301,0.0393,141252.2627,141745.1432,10 ans,6 mois
2019-05-01,2752.0601,-0.0658,131961.0093,132421.4692,10 ans,6 mois
2019-06-01,2941.76,0.0689,141057.1033,141549.3028,10 ans,6 mois
2019-07-01,2980.3799,0.0131,142908.9225,143407.5836,10 ans,6 mois
2019-08-01,2926.46,-0.0181,140323.4675,140813.107,10 ans,6 mois
2019-09-01,2976.74,0.0172,142734.39,143232.4421,10 ans,6 mois
2019-10-01,3037.5601,0.0204,145650.7063,146158.9345,10 ans,6 mois
2019-11-01,3140.98,0.034,150609.6814,151135.2132,10 ans,6 mois
2019-12-01,3230.78,0.0286,154915.5849,155456.1416,10 ans,6 mois
2020-01-01,3225.52,-0.0016,154663.3679,155203.0446,10 ans,6 mois
2020-02-01,2954.22,-0.0841,141654.5572,142148.8414,10 ans,6 mois
2020-03-01,2584.5901,-0.1251,123930.8407,124363.2804,10 ans,6 mois
2020-04-01,2912.4299,0.1268,139650.729,140138.0211,10 ans,6 mois
2020-05-01,3044.3101,0.0453,145974.3681,146483.7257,10 ans,6 mois
2020-06-01,3100.29,0.0184,148658.6027,149177.3265,10 ans,6 mois
2020-07-01,3271.1201,0.0551,156849.8881,157397.1943,10 ans,6 mois
2020-08-01,3500.3101,0.0701,167839.5233,168425.1763,10 ans,6 mois
2020-09-01,3363.0,-0.0392,161255.5195,161818.1985,10 ans,6 mois
2020-10-01,3269.96,-0.0277,156794.2587,157341.3709,10 ans,6 mois
2020-11-01,3621.6299,0.1075,173656.7969,174262.7486,10 ans,6 mois
2020-12-01,3756.0701,0.0371,180103.1906,180731.6361,10 ans,6 mois
2021-01-01,3714.24,-0.0111,178097.4425,178718.8891,10 ans,6 mois
2021-02-01,3811.1499,0.0261,182744.2632,183381.9243,10 ans,6 mois
2021-03-01,3972.8899,0.0424,190499.6799,191164.4024,10 ans,6 mois
2021-04-01,4181.1699,0.0524,200486.6868,201186.2577,10 ans,6 mois
2021-05-01,4204.1099,0.0055,201586.6548,202290.0638,10 ans,6 mois
2021-06-01,4297.5,0.0222,206064.7026,206783.7372,10 ans,6 mois
2021-07-01,4395.2598,0.0227,210752.2738,211487.665,10 ans,6 mois
2021-08-01,4522.6802,0.029,216862.0699,217618.7804,10 ans,6 mois
2021-09-01,4307.54,-0.0476,206546.1215,207266.8359,10 ans,6 mois
2021-10-01,4605.3799,0.0691,220827.5128,221598.0601,10 ans,6 mois
2021-11-01,4567.0,-0.0083,218987.2011,219751.327,10 ans,6 mois
2021-12-01,4766.1802,0.0436,228537.871,229335.3226,10 ans,6 mois
2022-01-01,4515.5498,-0.0526,216520.1693,217275.6868,10 ans,6 mois
2022-02-01,4373.9399,-0.0314,209729.9903,210461.8144,10 ans,6 mois
2022-03-01,4530.4102,0.0358,217232.7217,217990.7256,10 ans,6 mois
2022-04-01,4131.9302,-0.088,198125.6458,198816.9782,10 ans,6 mois
2022-05-01,4132.1499,0.0001,198136.1817,198827.5508,10 ans,6 mois
2022-06-01,3785.3799,-0.0839,181508.5933,182141.9427,10 ans,6 mois
2022-07-01,4130.29,0.0911,198047.0014,198738.0593,10 ans,6 mois
2022-08-01,3955.0,-0.0424,189641.8613,190303.5906,10 ans,6 mois
2022-09-01,3585.6201,-0.0934,171930.1322,172530.0589,10 ans,6 mois
2022-10-01,3871.98,0.0799,185661.0595,186308.8984,10 ans,6 mois
2022-11-01,4080.1101,0.0538,195640.8786,196323.5407,10 ans,6 mois
2022-12-01,3839.5,-0.059,184103.6476,184746.0521,10 ans,6 mois
2023-01-01,4076.6001,0.0618,195472.574,196154.6488,10 ans,6 mois
2023-02-01,3970.1499,-0.0261,190368.2976,191032.5617,10 ans,6 mois
2023-03-01,4109.3101,0.0351,197041.0134,197728.5611,10 ans,6 mois
2023-04-01,4169.48,0.0146,199926.1553,200623.7702,10 ans,6 mois
2023-05-01,4179.8301,0.0025,200422.4414,201121.7881,10 ans,6 mois
2023-06-01,4450.3799,0.0647,213395.278,214139.8916,10 ans,6 mois
2023-07-01,4588.96,0.0311,220040.1791,220807.9792,10 ans,6 mois
2023-08-01,4507.6602,-0.0177,216141.8615,216896.0589,10 ans,6 mois
2023-09-01,4288.0498,-0.0487,205611.5667,206329.0201,10 ans,6 mois
2023-10-01,4193.7998,-0.022,201092.2885,201793.9725,10 ans,6 mois
2023-11-01,4567.7998,0.0892,219025.5517,219789.8114,10 ans,6 mois
2023-12-01,4769.8301,0.0442,228712.8835,229510.9458,10 ans,6 mois
2024-01-01,4845.6499,0.0159,232348.4366,233159.1847,10 ans,6 mois
2024-02-01,5096.27,0.0517,244365.6466,245218.327,10 ans,6 mois
2024-03-01,5254.3501,0.031,251945.5708,252824.7004,10 ans,6 mois
2024-04-01,5035.6899,-0.0416,241460.8378,242303.3823,10 ans,6 mois
2024-05-01,5277.5098,0.048,253056.0746,253939.0791,10 ans,6 mois
2024-06-01,5460.48,0.0347,261829.4784,262743.0965,10 ans,6 mois
2024-07-01,5522.2998,0.0113,264793.7329,265717.6944,10 ans,6 mois
2024-08-01,5648.3999,0.0228,270840.2202,271785.2801,10 ans,6 mois
2024-09-01,5762.48,0.0202,276310.3487,277274.4959,10 ans,6 mois
2024-10-01,5705.4502,-0.0099,273575.7761,274530.3814,10 ans,6 mois
2024-11-01,6032.3799,0.0573,289252.0225,290261.3279,10 ans,6 mois
2024-12-01,5881.6299,-0.025,282023.5748,283007.6575,10 ans,6 mois
2025-01-01,6040.5298,0.027,289642.8095,290653.4785,10 ans,6 mois
2025-02-01,5954.5,-0.0142,285517.6898,286513.9647,10 ans,6 mois
2025-03-01,5611.8501,-0.0575,269087.6606,270026.6052,10 ans,6 mois
2025-04-01,5363.3599,-0.0443,257172.5783,258069.9468,10 ans,6 mois
2020-05-01,3044.3101,0.0453,104528.182,17421.3637,5 ans,6 mois
2020-06-01,3100.29,0.0184,106450.2876,34394.5036,5 ans,6 mois
2020-07-01,3271.1201,0.0551,112315.8391,51979.5256,5 ans,6 mois
2020-08-01,3500.3101,0.0701,120185.211,69813.9367,5 ans,6 mois
2020-09-01,3363.0,-0.0392,115470.5891,85826.8039,5 ans,6 mois
2020-10-01,3269.96,-0.0277,112276.0045,102032.3741,5 ans,6 mois
2020-11-01,3621.6299,0.1075,124350.7987,113005.5106,5 ans,6 mois
2020-12-01,3756.0701,0.0371,128966.8818,117200.4401,5 ans,6 mois
2021-01-01,3714.24,-0.0111,127530.6214,115895.2185,5 ans,6 mois
2021-02-01,3811.1499,0.0261,130858.0804,118919.093,5 ans,6 mois
2021-03-01,3972.8899,0.0424,136411.5184,123965.8567,5 ans,6 mois
2021-04-01,4181.1699,0.0524,143562.9361,130464.8066,5 ans,6 mois
2021-05-01,4204.1099,0.0055,144350.5925,131180.6003,5 ans,6 mois
2021-06-01,4297.5,0.0222,147557.198,134094.6474,5 ans,6 mois
2021-07-01,4395.2598,0.0227,150913.8372,137145.0398,5 ans,6 mois
2021-08-01,4522.6802,0.029,155288.8922,141120.9315,5 ans,6 mois
2021-09-01,4307.54,-0.0476,147901.9286,134407.9261,5 ans,6 mois
2021-10-01,4605.3799,0.0691,158128.4354,143701.4058,5 ans,6 mois
2021-11-01,4567.0,-0.0083,156810.6395,142503.8405,5 ans,6 mois
2021-12-01,4766.1802,0.0436,163649.6083,148718.8482,5 ans,6 mois
2022-01-01,4515.5498,-0.0526,155044.0667,140898.443,5 ans,6 mois
2022-02-01,4373.9399,-0.0314,150181.8085,136479.7985,5 ans,6 mois
2022-03-01,4530.4102,0.0358,155554.3056,141362.1297,5 ans,6 mois
2022-04-01,4131.9302,-0.088,141872.2604,128928.3816,5 ans,6 mois
2022-05-01,4132.1499,0.0001,141879.8048,128935.2377,5 ans,6 mois
2022-06-01,3785.3799,-0.0839,129973.2516,118114.9926,5 ans,6 mois
2022-07-01,4130.29,0.0911,141815.9453,128877.2045,5 ans,6 mois
2022-08-01,3955.0,-0.0424,135797.2584,123407.6394,5 ans,6 mois
2022-09-01,3585.6201,-0.0934,123114.3822,111881.9,5 ans,6 mois
2022-10-01,3871.98,0.0799,132946.717,120817.1705,5 ans,6 mois
2022-11-01,4080.1101,0.0538,140092.9878,127311.4429,5 ans,6 mois
2022-12-01,3839.5,-0.059,131831.4978,119803.6995,5 ans,6 mois
2023-01-01,4076.6001,0.0618,139972.4695,127201.9203,5 ans,6 mois
2023-02-01,3970.1499,-0.0261,136317.4392,123880.3609,5 ans,6 mois
2023-03-01,4109.3101,0.0351,141095.5853,128222.5674,5 ans,6 mois
2023-04-01,4169.48,0.0146,143161.5551,130100.046,5 ans,6 mois
2023-05-01,4179.8301,0.0025,143516.9318,130422.9995,5 ans,6 mois
2023-06-01,4450.3799,0.0647,152806.4189,138864.9496,5 ans,6 mois
2023-07-01,4588.96,0.0311,157564.6477,143189.0559,5 ans,6 mois
2023-08-01,4507.6602,-0.0177,154773.1709,140652.2627,5 ans,6 mois
2023-09-01,4288.0498,-0.0487,147232.7199,133799.7735,5 ans,6 mois
2023-10-01,4193.7998,-0.022,143996.5906,130858.8961,5 ans,6 mois
2023-11-01,4567.7998,0.0892,156838.1012,142528.7967,5 ans,6 mois
2023-12-01,4769.8301,0.0442,163774.9299,148832.7358,5 ans,6 mois
2024-01-01,4845.6499,0.0159,166378.2483,151198.5375,5 ans,6 mois
2024-02-01,5096.27,0.0517,174983.4379,159018.6227,5 ans,6 mois
2024-03-01,5254.3501,0.031,180411.2106,163951.1864,5 ans,6 mois
2024-04-01,5035.6899,-0.0416,172903.3851,157128.346,5 ans,6 mois
2024-05-01,5277.5098,0.048,181206.4115,164673.8362,5 ans,6 mois
2024-06-01,5460.48,0.0347,187488.8017,170383.0454,5 ans,6 mois
2024-07-01,5522.2998,0.0113,189611.4219,172312.0058,5 ans,6 mois
2024-08-01,5648.3999,0.0228,193941.1431,176246.7,5 ans,6 mois
2024-09-01,5762.48,0.0202,197858.1499,179806.3341,5 ans,6 mois
2024-10-01,5705.4502,-0.0099,195899.9986,178026.837,5 ans,6 mois
2024-11-01,6032.3799,0.0573,207125.3223,188228.0054,5 ans,6 mois
2024-12-01,5881.6299,-0.025,201949.2321,183524.1617,5 ans,6 mois
2025-01-01,6040.5298,0.027,207405.154,188482.3063,5 ans,6 mois
2025-02-01,5954.5,-0.0142,204451.2706,185797.9238,5 ans,6 mois
2025-03-01,5611.8501,-0.0575,192686.184,175106.2385,5 ans,6 mois
2025-04-01,5363.3599,-0.0443,184154.1252,167352.6119,5 ans,6 mois
2000-05-01,1420.6,-0.0219,97808.4949,8150.7079,25 ans,12 mois
2000-06-01,1454.6,0.0239,100149.3994,16683.4875,25 ans,12 mois
2000-07-01,1430.83,-0.0163,98512.8304,24880.6435,25 ans,12 mois
2000-08-01,1517.6801,0.0607,104492.4711,33719.8027,25 ans,12 mois
2000-09-01,1436.51,-0.0535,98903.9029,41607.4446,25 ans,12 mois
2000-10-01,1429.4,-0.0049,98414.3795,49899.5322,25 ans,12 mois
2000-11-01,1314.95,-0.0801,90534.4769,57565.6271,25 ans,12 mois
2000-12-01,1320.28,0.0041,90901.4535,65932.7392,25 ans,12 mois
2001-01-01,1366.01,0.0346,94049.9686,74554.7107,25 ans,12 mois
2001-02-01,1239.9399,-0.0923,85370.0279,82118.9545,25 ans,12 mois
2001-03-01,1160.33,-0.0642,79888.8699,89917.2486,25 ans,12 mois
2001-04-01,1249.46,0.0768,86025.4824,98890.7016,25 ans,12 mois
2001-05-01,1255.8199,0.0051,86463.3683,99394.0738,25 ans,12 mois
2001-06-01,1224.38,-0.025,84298.7242,96905.7045,25 ans,12 mois
2001-07-01,1211.23,-0.0107,83393.3433,95864.9227,25 ans,12 mois
2001-08-01,1133.58,-0.0641,78047.1289,89719.1753,25 ans,12 mois
2001-09-01,1040.9399,-0.0817,71668.8517,82387.0187,25 ans,12 mois
2001-10-01,1059.78,0.0181,72965.9942,83878.1505,25 ans,12 mois
2001-11-01,1139.45,0.0752,78451.2788,90183.7663,25 ans,12 mois
2001-12-01,1148.08,0.0076,79045.4558,90866.8032,25 ans,12 mois
2002-01-01,1130.2,-0.0156,77814.4151,89451.6588,25 ans,12 mois
2002-02-01,1106.73,-0.0208,76198.5045,87594.0868,25 ans,12 mois
2002-03-01,1147.39,0.0367,78997.9532,90812.1966,25 ans,12 mois
2002-04-01,1076.92,-0.0614,74146.0865,85234.7271,25 ans,12 mois
2002-05-01,1067.14,-0.0091,73472.7302,84460.6695,25 ans,12 mois
2002-06-01,989.82,-0.0725,68149.2375,78341.0418,25 ans,12 mois
2002-07-01,911.62,-0.079,62765.1564,72151.7646,25 ans,12 mois
2002-08-01,916.07,0.0049,63071.5403,72503.9686,25 ans,12 mois
2002-09-01,815.28,-0.11,56132.1371,64526.7689,25 ans,12 mois
2002-10-01,885.76,0.0864,60984.693,70105.0306,25 ans,12 mois
2002-11-01,936.31,0.0571,64465.0663,74105.8981,25 ans,12 mois
2002-12-01,879.82,-0.0603,60575.7231,69634.8987,25 ans,12 mois
2003-01-01,855.7,-0.0274,58915.0583,67725.8794,25 ans,12 mois
2003-02-01,841.15,-0.017,57913.2897,66574.295,25 ans,12 mois
2003-03-01,848.18,0.0084,58397.3039,67130.6942,25 ans,12 mois
2003-04-01,916.92,0.081,63130.0613,72571.2414,25 ans,12 mois
2003-05-01,963.59,0.0509,66343.2999,76265.0239,25 ans,12 mois
2003-06-01,974.5,0.0113,67094.453,77128.5129,25 ans,12 mois
2003-07-01,990.31,0.0162,68182.9734,78379.8229,25 ans,12 mois
2003-08-01,1008.01,0.0179,69401.6216,79780.7215,25 ans,12 mois
2003-09-01,995.97,-0.0119,68572.6633,78827.7914,25 ans,12 mois
2003-10-01,1050.71,0.055,72341.5188,83160.284,25 ans,12 mois
2003-11-01,1058.2,0.0071,72857.2057,83753.0925,25 ans,12 mois
2003-12-01,1111.92,0.0508,76555.8411,88004.8635,25 ans,12 mois
2004-01-01,1131.13,0.0173,77878.4494,89525.2696,25 ans,12 mois
2004-02-01,1144.9399,0.0122,78829.2654,90618.2812,25 ans,12 mois
2004-03-01,1126.21,-0.0164,77539.7038,89135.8641,25 ans,12 mois
2004-04-01,1107.3,-0.0168,76237.7538,87639.2059,25 ans,12 mois
2004-05-01,1120.6801,0.0121,77158.9689,88698.1898,25 ans,12 mois
2004-06-01,1140.84,0.018,78546.9815,90293.7815,25 ans,12 mois
2004-07-01,1101.72,-0.0343,75853.5647,87197.5608,25 ans,12 mois
2004-08-01,1104.24,0.0023,76027.0684,87397.0122,25 ans,12 mois
2004-09-01,1114.58,0.0094,76738.9764,88215.3869,25 ans,12 mois
2004-10-01,1130.2,0.014,77814.4151,89451.6588,25 ans,12 mois
2004-11-01,1173.8199,0.0386,80817.6575,92904.0399,25 ans,12 mois
2004-12-01,1211.92,0.0325,83440.8542,95919.539,25 ans,12 mois
2005-01-01,1181.27,-0.0253,81330.596,93493.689,25 ans,12 mois
2005-02-01,1203.6,0.0189,82868.0164,95261.0326,25 ans,12 mois
2005-03-01,1180.59,-0.0191,81283.7742,93439.865,25 ans,12 mois
2005-04-01,1156.85,-0.0201,79649.2728,91560.9218,25 ans,12 mois
2005-05-01,1191.5,0.03,82034.9315,94303.3588,25 ans,12 mois
2005-06-01,1191.33,-0.0001,82023.224,94289.9004,25 ans,12 mois
2005-07-01,1234.1801,0.036,84973.4588,97681.3466,25 ans,12 mois
2005-08-01,1220.33,-0.0112,84019.8778,96585.1563,25 ans,12 mois
2005-09-01,1228.8101,0.0069,84603.734,97256.3289,25 ans,12 mois
2005-10-01,1207.01,-0.0177,83102.7977,95530.9257,25 ans,12 mois
2005-11-01,1249.48,0.0352,86026.8608,98892.2861,25 ans,12 mois
2005-12-01,1248.29,-0.001,85944.9332,98798.1061,25 ans,12 mois
2006-01-01,1280.08,0.0255,88133.6731,101314.1749,25 ans,12 mois
2006-02-01,1280.66,0.0005,88173.6116,101360.0862,25 ans,12 mois
2006-03-01,1294.87,0.0111,89151.9693,102484.7585,25 ans,12 mois
2006-04-01,1310.61,0.0122,90235.6697,103730.5276,25 ans,12 mois
2006-05-01,1270.09,-0.0309,87445.861,100523.4996,25 ans,12 mois
2006-06-01,1270.2,0.0001,87453.4335,100532.2046,25 ans,12 mois
2006-07-01,1276.66,0.0051,87898.2111,101043.4992,25 ans,12 mois
2006-08-01,1303.8199,0.0213,89768.1746,103193.1181,25 ans,12 mois
2006-09-01,1335.85,0.0246,91973.4463,105728.191,25 ans,12 mois
2006-10-01,1377.9399,0.0315,94871.346,109059.4752,25 ans,12 mois
2006-11-01,1400.63,0.0165,96433.5598,110855.3201,25 ans,12 mois
2006-12-01,1418.3,0.0126,97650.1447,112253.8467,25 ans,12 mois
2007-01-01,1438.24,0.0141,99023.0123,113832.0284,25 ans,12 mois
2007-02-01,1406.8199,-0.0218,96859.7381,111345.2339,25 ans,12 mois
2007-03-01,1420.86,0.01,97826.3966,112456.4574,25 ans,12 mois
2007-04-01,1482.37,0.0433,102061.3689,117324.7751,25 ans,12 mois
2007-05-01,1530.62,0.0325,105383.3877,121143.606,25 ans,12 mois
2007-06-01,1503.35,-0.0178,103505.8433,118985.2725,25 ans,12 mois
2007-07-01,1455.27,-0.032,100195.532,115179.8999,25 ans,12 mois
2007-08-01,1473.99,0.0129,101484.4045,116661.5249,25 ans,12 mois
2007-09-01,1526.75,0.0358,105116.9381,120837.3085,25 ans,12 mois
2007-10-01,1549.38,0.0148,106675.0169,122628.3999,25 ans,12 mois
2007-11-01,1481.14,-0.044,101976.6846,117227.4261,25 ans,12 mois
2007-12-01,1468.36,-0.0086,101096.7779,116215.9283,25 ans,12 mois
2008-01-01,1378.55,-0.0612,94913.352,109107.7632,25 ans,12 mois
2008-02-01,1330.63,-0.0348,91614.0506,105315.0472,25 ans,12 mois
2008-03-01,1322.7,-0.006,91068.0654,104687.4092,25 ans,12 mois
2008-04-01,1385.59,0.0475,95398.0512,109664.9498,25 ans,12 mois
2008-05-01,1400.38,0.0107,96416.3473,110835.5334,25 ans,12 mois
2008-06-01,1280.0,-0.086,88128.1682,101307.8466,25 ans,12 mois
2008-07-01,1267.38,-0.0099,87259.2798,100309.015,25 ans,12 mois
2008-08-01,1282.83,0.0122,88323.011,101531.8285,25 ans,12 mois
2008-09-01,1166.36,-0.0908,80304.0382,92313.6082,25 ans,12 mois
2008-10-01,968.75,-0.1694,66698.5648,76673.4191,25 ans,12 mois
2008-11-01,896.24,-0.0748,61706.2411,70934.4871,25 ans,12 mois
2008-12-01,903.25,0.0078,62188.8812,71489.3066,25 ans,12 mois
2009-01-01,825.88,-0.0857,56861.9468,65365.7226,25 ans,12 mois
2009-02-01,735.09,-0.1099,50611.0449,58179.9904,25 ans,12 mois
2009-03-01,797.87,0.0854,54933.454,63148.8212,25 ans,12 mois
2009-04-01,872.81,0.0939,60093.083,69080.0792,25 ans,12 mois
2009-05-01,919.14,0.0531,63282.9108,72746.9497,25 ans,12 mois
2009-06-01,919.32,0.0002,63295.3033,72761.1955,25 ans,12 mois
2009-07-01,987.48,0.0741,67988.1264,78155.8363,25 ans,12 mois
2009-08-01,1020.62,0.0336,70269.8207,80778.7609,25 ans,12 mois
2009-09-01,1057.08,0.0357,72780.0938,83664.4485,25 ans,12 mois
2009-10-01,1036.1899,-0.0198,71341.8136,82011.0716,25 ans,12 mois
2009-11-01,1095.63,0.0574,75434.2698,86715.5598,25 ans,12 mois
2009-12-01,1115.1,0.0178,76774.7798,88256.5448,25 ans,12 mois
2010-01-01,1073.87,-0.037,73936.0902,84993.3256,25 ans,12 mois
2010-02-01,1104.49,0.0285,76044.2809,87416.7989,25 ans,12 mois
2010-03-01,1169.4301,0.0588,80515.4128,92556.5942,25 ans,12 mois
2010-04-01,1186.6899,0.0148,81703.7584,93922.6583,25 ans,12 mois
2010-05-01,1089.41,-0.082,75006.024,86223.2693,25 ans,12 mois
2010-06-01,1030.71,-0.0539,70964.5162,81577.3489,25 ans,12 mois
2010-07-01,1101.6,0.0688,75845.303,87188.0636,25 ans,12 mois
2010-08-01,1049.33,-0.0474,72246.5053,83051.0611,25 ans,12 mois
2010-09-01,1141.2,0.0876,78571.7666,90322.2731,25 ans,12 mois
2010-10-01,1183.26,0.0369,81467.6071,93651.1903,25 ans,12 mois
2010-11-01,1180.55,-0.0023,81281.0259,93436.7057,25 ans,12 mois
2010-12-01,1257.64,0.0653,86588.6802,99538.1263,25 ans,12 mois
2011-01-01,1286.12,0.0226,88549.5306,101792.2244,25 ans,12 mois
2011-02-01,1327.22,0.032,91379.2693,105045.1541,25 ans,12 mois
2011-03-01,1325.83,-0.001,91283.5666,104935.1389,25 ans,12 mois
2011-04-01,1363.61,0.0285,93884.7266,107925.3057,25 ans,12 mois
2011-05-01,1345.2,-0.0135,92617.1934,106468.2112,25 ans,12 mois
2011-06-01,1320.64,-0.0183,90926.2385,104524.3719,25 ans,12 mois
2011-07-01,1292.28,-0.0215,88973.6498,102279.7711,25 ans,12 mois
2011-08-01,1218.89,-0.0568,83920.7376,96471.1896,25 ans,12 mois
2011-09-01,1131.42,-0.0718,77898.4187,89548.2252,25 ans,12 mois
2011-10-01,1253.3,0.1077,86289.873,99194.6321,25 ans,12 mois
2011-11-01,1246.96,-0.0051,85853.3571,98692.8347,25 ans,12 mois
2011-12-01,1257.6,0.0085,86585.9235,99534.9574,25 ans,12 mois
2012-01-01,1312.41,0.0436,90359.6033,103872.9957,25 ans,12 mois
2012-02-01,1365.6801,0.0406,94027.2511,108089.1449,25 ans,12 mois
2012-03-01,1408.47,0.0313,96973.3425,111475.8279,25 ans,12 mois
2012-04-01,1397.91,-0.0075,96246.2895,110640.0432,25 ans,12 mois
2012-05-01,1310.33,-0.0627,90216.3896,103708.3642,25 ans,12 mois
2012-06-01,1362.16,0.0396,93784.8973,107810.5467,25 ans,12 mois
2012-07-01,1379.3199,0.0126,94966.3595,109168.6981,25 ans,12 mois
2012-08-01,1406.58,0.0198,96843.2148,111326.2394,25 ans,12 mois
2012-09-01,1440.67,0.0242,99190.3218,114024.3593,25 ans,12 mois
2012-10-01,1412.16,-0.0198,97227.4039,111767.8845,25 ans,12 mois
2012-11-01,1416.1801,0.0028,97504.1827,112086.056,25 ans,12 mois
2012-12-01,1426.1899,0.0071,98193.3648,112878.3061,25 ans,12 mois
2013-01-01,1498.11,0.0504,103145.0693,118570.5442,25 ans,12 mois
2013-02-01,1514.6801,0.0111,104285.9207,119882.0114,25 ans,12 mois
2013-03-01,1569.1899,0.036,108038.9336,124196.2921,25 ans,12 mois
2013-04-01,1597.5699,0.0181,109992.9007,126442.4774,25 ans,12 mois
2013-05-01,1630.74,0.0208,112276.6626,129067.7788,25 ans,12 mois
2013-06-01,1606.28,-0.015,110592.591,127131.8522,25 ans,12 mois
2013-07-01,1685.73,0.0495,116062.7306,133420.0581,25 ans,12 mois
2013-08-01,1632.97,-0.0313,112430.197,129244.2745,25 ans,12 mois
2013-09-01,1681.55,0.0297,115774.9418,133089.23,25 ans,12 mois
2013-10-01,1756.54,0.0446,120938.0124,139024.4444,25 ans,12 mois
2013-11-01,1805.8101,0.028,124330.2598,142924.0066,25 ans,12 mois
2013-12-01,1848.36,0.0236,127259.8278,146291.6952,25 ans,12 mois
2014-01-01,1782.59,-0.0356,122731.5533,141086.2116,25 ans,12 mois
2014-02-01,1859.45,0.0431,128023.3734,147169.43,25 ans,12 mois
2014-03-01,1872.34,0.0069,128910.8526,148189.6329,25 ans,12 mois
2014-04-01,1883.95,0.0062,129710.2016,149108.5255,25 ans,12 mois
2014-05-01,1923.5699,0.021,132438.0435,152244.3196,25 ans,12 mois
2014-06-01,1960.23,0.0191,134962.0917,155145.8424,25 ans,12 mois
2014-07-01,1930.67,-0.0151,132926.8862,152806.2693,25 ans,12 mois
2014-08-01,2003.37,0.0377,137932.2873,158560.2345,25 ans,12 mois
2014-09-01,1972.29,-0.0155,135792.4283,156100.3569,25 ans,12 mois
2014-10-01,2018.05,0.0232,138943.011,159722.1131,25 ans,12 mois
2014-11-01,2067.5601,0.0245,142351.7816,163640.6698,25 ans,12 mois
2014-12-01,2058.8999,-0.0042,141755.5287,162955.2465,25 ans,12 mois
2015-01-01,1994.99,-0.031,137355.3229,157896.9843,25 ans,12 mois
2015-02-01,2104.5,0.0549,144895.1015,166564.3463,25 ans,12 mois
2015-03-01,2067.8899,-0.0174,142374.4908,163666.7751,25 ans,12 mois
2015-04-01,2085.51,0.0085,143587.6381,165061.3502,25 ans,12 mois
2015-05-01,2107.3899,0.0105,145094.0709,166793.0719,25 ans,12 mois
2015-06-01,2063.1101,-0.021,142045.4019,163288.4706,25 ans,12 mois
2015-07-01,2103.8401,0.0197,144849.6664,166512.1164,25 ans,12 mois
2015-08-01,1972.1801,-0.0626,135784.8558,156091.6519,25 ans,12 mois
2015-09-01,1920.03,-0.0264,132194.3197,151964.1467,25 ans,12 mois
2015-10-01,2079.3601,0.083,143164.2166,164574.6053,25 ans,12 mois
2015-11-01,2080.4099,0.0005,143236.4957,164657.694,25 ans,12 mois
2015-12-01,2043.9399,-0.0175,140725.5335,161771.2141,25 ans,12 mois
2016-01-01,1940.24,-0.0507,133585.7782,153563.6995,25 ans,12 mois
2016-02-01,1932.23,-0.0041,133034.288,152929.7332,25 ans,12 mois
2016-03-01,2059.74,0.066,141813.3689,163021.7367,25 ans,12 mois
2016-04-01,2065.3,0.0027,142196.1797,163461.7973,25 ans,12 mois
2016-05-01,2096.95,0.0153,144375.2796,165966.7844,25 ans,12 mois
2016-06-01,2098.8601,0.0009,144506.7941,166117.9671,25 ans,12 mois
2016-07-01,2173.6001,0.0356,149652.6523,172033.3948,25 ans,12 mois
2016-08-01,2170.95,-0.0012,149470.1893,171823.6443,25 ans,12 mois
2016-09-01,2168.27,-0.0012,149285.6757,171611.5364,25 ans,12 mois
2016-10-01,2126.1499,-0.0194,146385.7001,168277.8658,25 ans,12 mois
2016-11-01,2198.8101,0.0342,151388.3614,174028.6814,25 ans,12 mois
2016-12-01,2238.8301,0.0182,154143.745,177196.1361,25 ans,12 mois
2017-01-01,2278.8701,0.0179,156900.5069,180365.1752,25 ans,12 mois
2017-02-01,2363.6399,0.0372,162736.9171,187074.4279,25 ans,12 mois
2017-03-01,2362.72,-0.0004,162673.5804,187001.6191,25 ans,12 mois
2017-04-01,2384.2,0.0091,164152.4798,188701.6898,25 ans,12 mois
2017-05-01,2411.8,0.0116,166052.7502,190886.148,25 ans,12 mois
2017-06-01,2423.4099,0.0048,166852.0908,191805.031,25 ans,12 mois
2017-07-01,2470.3,0.0193,170080.4829,195516.2332,25 ans,12 mois
2017-08-01,2471.6499,0.0005,170173.4205,195623.0697,25 ans,12 mois
2017-09-01,2519.3601,0.0193,173458.2744,199399.1776,25 ans,12 mois
2017-10-01,2575.26,0.0222,177306.99,203823.4735,25 ans,12 mois
2017-11-01,2647.5801,0.0281,182286.2362,209547.3723,25 ans,12 mois
2017-12-01,2673.6101,0.0098,184078.4071,211607.5646,25 ans,12 mois
2018-01-01,2823.8101,0.0562,194419.6935,223495.4034,25 ans,12 mois
2018-02-01,2713.8301,-0.0389,186847.5574,214790.8448,25 ans,12 mois
2018-03-01,2640.8701,-0.0269,181824.2545,209016.3006,25 ans,12 mois
2018-04-01,2648.05,0.0027,182318.5937,209584.5689,25 ans,12 mois
2018-05-01,2705.27,0.0216,186258.1962,214113.3439,25 ans,12 mois
2018-06-01,2718.3701,0.0048,187160.1397,215150.1741,25 ans,12 mois
2018-07-01,2816.29,0.036,193901.9392,222900.2182,25 ans,12 mois
2018-08-01,2901.52,0.0303,199770.0345,229645.8946,25 ans,12 mois
2018-09-01,2913.98,0.0043,200627.9045,230632.0601,25 ans,12 mois
2018-10-01,2711.74,-0.0694,186703.6546,214625.4211,25 ans,12 mois
2018-11-01,2760.1699,0.0179,190038.0617,218458.493,25 ans,12 mois
2018-12-01,2506.8501,-0.0918,172596.9585,198409.0509,25 ans,12 mois
2019-01-01,2704.1001,0.0787,186177.647,214020.7484,25 ans,12 mois
2019-02-01,2784.49,0.0297,191712.5016,220383.3475,25 ans,12 mois
2019-03-01,2834.3999,0.0179,195148.8056,224333.5551,25 ans,12 mois
2019-04-01,2945.8301,0.0393,202820.7879,233152.892,25 ans,12 mois
2019-05-01,2752.0601,-0.0658,189479.6966,217816.6237,25 ans,12 mois
2019-06-01,2941.76,0.0689,202540.5631,232830.7593,25 ans,12 mois
2019-07-01,2980.3799,0.0131,205199.5465,235887.3969,25 ans,12 mois
2019-08-01,2926.46,-0.0181,201487.1528,231619.8101,25 ans,12 mois
2019-09-01,2976.74,0.0172,204948.9394,235599.3112,25 ans,12 mois
2019-10-01,3037.5601,0.0204,209136.4091,240413.0223,25 ans,12 mois
2019-11-01,3140.98,0.034,216256.8843,248598.3735,25 ans,12 mois
2019-12-01,3230.78,0.0286,222439.6294,255705.756,25 ans,12 mois
2020-01-01,3225.52,-0.0016,222077.4771,255289.4433,25 ans,12 mois
2020-02-01,2954.22,-0.0841,203398.4331,233816.9248,25 ans,12 mois
2020-03-01,2584.5901,-0.1251,177949.3671,204561.9189,25 ans,12 mois
2020-04-01,2912.4299,0.1268,200521.1834,230509.3788,25 ans,12 mois
2020-05-01,3044.3101,0.0453,209601.1475,240947.2629,25 ans,12 mois
2020-06-01,3100.29,0.0184,213455.3765,245377.8967,25 ans,12 mois
2020-07-01,3271.1201,0.0551,225217.0498,258898.5431,25 ans,12 mois
2020-08-01,3500.3101,0.0701,240996.8074,277038.1832,25 ans,12 mois
2020-09-01,3363.0,-0.0392,231542.9918,266170.5377,25 ans,12 mois
2020-10-01,3269.96,-0.0277,225137.1729,258806.7205,25 ans,12 mois
2020-11-01,3621.6299,0.1075,249349.6932,286640.2537,25 ans,12 mois
2020-12-01,3756.0701,0.0371,258605.9176,297280.7581,25 ans,12 mois
2021-01-01,3714.24,-0.0111,255725.9113,293970.0432,25 ans,12 mois
2021-02-01,3811.1499,0.0261,262398.1714,301640.1483,25 ans,12 mois
2021-03-01,3972.8899,0.0424,273533.991,314441.3437,25 ans,12 mois
2021-04-01,4181.1699,0.0524,287874.0984,330926.0322,25 ans,12 mois
2021-05-01,4204.1099,0.0055,289453.5164,332741.6541,25 ans,12 mois
2021-06-01,4297.5,0.0222,295883.4396,340133.1804,25 ans,12 mois
2021-07-01,4395.2598,0.0227,302614.2123,347870.5486,25 ans,12 mois
2021-08-01,4522.6802,0.029,311387.1242,357955.4606,25 ans,12 mois
2021-09-01,4307.54,-0.0476,296574.6976,340927.8169,25 ans,12 mois
2021-10-01,4605.3799,0.0691,317081.0099,364500.8741,25 ans,12 mois
2021-11-01,4567.0,-0.0083,314438.55,361463.2309,25 ans,12 mois
2021-12-01,4766.1802,0.0436,328152.1312,377227.6955,25 ans,12 mois
2022-01-01,4515.5498,-0.0526,310896.1972,357391.1149,25 ans,12 mois
2022-02-01,4373.9399,-0.0314,301146.3396,346183.1537,25 ans,12 mois
2022-03-01,4530.4102,0.0358,311919.3344,358567.2635,25 ans,12 mois
2022-04-01,4131.9302,-0.088,284483.9354,327028.866,25 ans,12 mois
2022-05-01,4132.1499,0.0001,284499.0636,327046.2567,25 ans,12 mois
2022-06-01,3785.3799,-0.0839,260623.9022,299600.5348,25 ans,12 mois
2022-07-01,4130.29,0.0911,284371.0118,326899.0545,25 ans,12 mois
2022-08-01,3955.0,-0.0424,272302.2696,313025.4167,25 ans,12 mois
2022-09-01,3585.6201,-0.0934,246870.4161,283790.1976,25 ans,12 mois
2022-10-01,3871.98,0.0799,266586.3303,306454.6516,25 ans,12 mois
2022-11-01,4080.1101,0.0538,280916.1169,322927.4758,25 ans,12 mois
2022-12-01,3839.5,-0.059,264350.0794,303883.9665,25 ans,12 mois
2023-01-01,4076.6001,0.0618,280674.4523,322649.6699,25 ans,12 mois
2023-02-01,3970.1499,-0.0261,273345.3423,314224.4823,25 ans,12 mois
2023-03-01,4109.3101,0.0351,282926.5374,325238.5571,25 ans,12 mois
2023-04-01,4169.48,0.0146,287069.2444,330000.8112,25 ans,12 mois
2023-05-01,4179.8301,0.0025,287781.85,330819.9879,25 ans,12 mois
2023-06-01,4450.3799,0.0647,306409.2396,352233.127,25 ans,12 mois
2023-07-01,4588.96,0.0311,315950.4962,363201.2905,25 ans,12 mois
2023-08-01,4507.6602,-0.0177,310352.9939,356766.6748,25 ans,12 mois
2023-09-01,4288.0498,-0.0487,295232.7924,339385.2281,25 ans,12 mois
2023-10-01,4193.7998,-0.022,288743.6675,331925.6464,25 ans,12 mois
2023-11-01,4567.7998,0.0892,314493.6166,361526.5328,25 ans,12 mois
2023-12-01,4769.8301,0.0442,328403.4275,377516.5734,25 ans,12 mois
2024-01-01,4845.6499,0.0159,333623.6323,383517.4665,25 ans,12 mois
2024-02-01,5096.27,0.0517,350878.8603,403353.2355,25 ans,12 mois
2024-03-01,5254.3501,0.031,361762.6945,415864.7608,25 ans,12 mois
2024-04-01,5035.6899,-0.0416,346707.914,398558.5189,25 ans,12 mois
2024-05-01,5277.5098,0.048,363357.2407,417697.7734,25 ans,12 mois
2024-06-01,5460.48,0.0347,375954.764,432179.2722,25 ans,12 mois
2024-07-01,5522.2998,0.0113,380211.067,437072.1106,25 ans,12 mois
2024-08-01,5648.3999,0.0228,388893.0753,447052.5242,25 ans,12 mois
2024-09-01,5762.48,0.0202,396747.5037,456081.5922,25 ans,12 mois
2024-10-01,5705.4502,-0.0099,392820.9955,451567.8698,25 ans,12 mois
2024-11-01,6032.3799,0.0573,415330.1474,477443.2937,25 ans,12 mois
2024-12-01,5881.6299,-0.025,404950.9901,465511.9204,25 ans,12 mois
2025-01-01,6040.5298,0.027,415891.2692,478088.332,25 ans,12 mois
2025-02-01,5954.5,-0.0142,409968.1072,471279.3537,25 ans,12 mois
2025-03-01,5611.8501,-0.0575,386376.6164,444159.7258,25 ans,12 mois
2025-04-01,5363.3599,-0.0443,369268.0312,424492.53,25 ans,12 mois
2005-05-01,1191.5,0.03,102995.2047,8582.9337,20 ans,12 mois
2005-06-01,1191.33,-0.0001,102980.5058,16915.0778,20 ans,12 mois
2005-07-01,1234.1801,0.036,106684.5382,25548.1468,20 ans,12 mois
2005-08-01,1220.33,-0.0112,105487.3131,33787.9626,20 ans,12 mois
2005-09-01,1228.8101,0.0069,106220.347,42179.2045,20 ans,12 mois
2005-10-01,1207.01,-0.0177,104335.9152,50364.698,20 ans,12 mois
2005-11-01,1249.48,0.0352,108007.0888,58991.2488,20 ans,12 mois
2005-12-01,1248.29,-0.001,107904.2283,67316.6459,20 ans,12 mois
2006-01-01,1280.08,0.0255,110652.2006,75862.2023,20 ans,12 mois
2006-02-01,1280.66,0.0005,110702.3435,84199.312,20 ans,12 mois
2006-03-01,1294.87,0.0111,111930.6758,92625.1104,20 ans,12 mois
2006-04-01,1310.61,0.0122,113291.2662,101059.7408,20 ans,12 mois
2006-05-01,1270.09,-0.0309,109788.6496,97935.2853,20 ans,12 mois
2006-06-01,1270.2,0.0001,109798.1569,97943.7661,20 ans,12 mois
2006-07-01,1276.66,0.0051,110356.577,98441.8962,20 ans,12 mois
2006-08-01,1303.8199,0.0213,112704.3241,100536.1681,20 ans,12 mois
2006-09-01,1335.85,0.0246,115473.0521,103005.9696,20 ans,12 mois
2006-10-01,1377.9399,0.0315,119111.3775,106251.4821,20 ans,12 mois
2006-11-01,1400.63,0.0165,121072.7436,108001.0887,20 ans,12 mois
2006-12-01,1418.3,0.0126,122600.171,109363.607,20 ans,12 mois
2007-01-01,1438.24,0.0141,124323.8121,110901.1546,20 ans,12 mois
2007-02-01,1406.8199,-0.0218,121607.8122,108478.3885,20 ans,12 mois
2007-03-01,1420.86,0.01,122821.4561,109561.001,20 ans,12 mois
2007-04-01,1482.37,0.0433,128138.4818,114303.9723,20 ans,12 mois
2007-05-01,1530.62,0.0325,132309.2905,118024.4785,20 ans,12 mois
2007-06-01,1503.35,-0.0178,129952.0255,115921.7163,20 ans,12 mois
2007-07-01,1455.27,-0.032,125795.9157,112214.3221,20 ans,12 mois
2007-08-01,1473.99,0.0129,127414.1005,113657.7991,20 ans,12 mois
2007-09-01,1526.75,0.0358,131974.7618,117726.0673,20 ans,12 mois
2007-10-01,1549.38,0.0148,133930.9364,119471.0429,20 ans,12 mois
2007-11-01,1481.14,-0.044,128032.1603,114209.1299,20 ans,12 mois
2007-12-01,1468.36,-0.0086,126927.4337,113223.6754,20 ans,12 mois
2008-01-01,1378.55,-0.0612,119164.1162,106298.5268,20 ans,12 mois
2008-02-01,1330.63,-0.0348,115021.8294,102603.4632,20 ans,12 mois
2008-03-01,1322.7,-0.006,114336.3426,101991.9852,20 ans,12 mois
2008-04-01,1385.59,0.0475,119772.6581,106841.3673,20 ans,12 mois
2008-05-01,1400.38,0.0107,121051.1332,107981.8115,20 ans,12 mois
2008-06-01,1280.0,-0.086,110645.2891,98699.4374,20 ans,12 mois
2008-07-01,1267.38,-0.0099,109554.3961,97726.323,20 ans,12 mois
2008-08-01,1282.83,0.0122,110889.9151,98917.6523,20 ans,12 mois
2008-09-01,1166.36,-0.0908,100822.0608,89936.7769,20 ans,12 mois
2008-10-01,968.75,-0.1694,83740.3311,74699.2813,20 ans,12 mois
2008-11-01,896.24,-0.0748,77472.4475,69108.1116,20 ans,12 mois
2008-12-01,903.25,0.0078,78078.4042,69648.646,20 ans,12 mois
2009-01-01,825.88,-0.0857,71390.4156,63682.728,20 ans,12 mois
2009-02-01,735.09,-0.1099,63542.3817,56682.0095,20 ans,12 mois
2009-03-01,797.87,0.0854,68969.1846,61522.906,20 ans,12 mois
2009-04-01,872.81,0.0939,75447.1207,67301.4498,20 ans,12 mois
2009-05-01,919.14,0.0531,79451.963,70873.9081,20 ans,12 mois
2009-06-01,919.32,0.0002,79467.5219,70887.7871,20 ans,12 mois
2009-07-01,987.48,0.0741,85359.3812,76143.5301,20 ans,12 mois
2009-08-01,1020.62,0.0336,88224.0581,78698.9214,20 ans,12 mois
2009-09-01,1057.08,0.0357,91375.7167,81510.3101,20 ans,12 mois
2009-10-01,1036.1899,-0.0198,89569.9497,79899.5034,20 ans,12 mois
2009-11-01,1095.63,0.0574,94708.0458,84482.8634,20 ans,12 mois
2009-12-01,1115.1,0.0178,96391.0619,85984.1721,20 ans,12 mois
2010-01-01,1073.87,-0.037,92827.0751,82804.9722,20 ans,12 mois
2010-02-01,1104.49,0.0285,95473.9174,85166.0474,20 ans,12 mois
2010-03-01,1169.4301,0.0588,101087.4425,90173.5066,20 ans,12 mois
2010-04-01,1186.6899,0.0148,102579.4153,91504.3981,20 ans,12 mois
2010-05-01,1089.41,-0.082,94170.3814,84003.2481,20 ans,12 mois
2010-06-01,1030.71,-0.0539,89096.2513,79476.9479,20 ans,12 mois
2010-07-01,1101.6,0.0688,95224.0998,84943.2015,20 ans,12 mois
2010-08-01,1049.33,-0.0474,90705.794,80912.7159,20 ans,12 mois
2010-09-01,1141.2,0.0876,98647.1863,87996.7134,20 ans,12 mois
2010-10-01,1183.26,0.0369,102282.9265,91239.9198,20 ans,12 mois
2010-11-01,1180.55,-0.0023,102048.673,91030.9576,20 ans,12 mois
2010-12-01,1257.64,0.0653,108712.4555,96975.2828,20 ans,12 mois
2011-01-01,1286.12,0.0226,111174.3115,99171.3437,20 ans,12 mois
2011-02-01,1327.22,0.032,114727.0604,102340.5191,20 ans,12 mois
2011-03-01,1325.83,-0.001,114606.9053,102233.3366,20 ans,12 mois
2011-04-01,1363.61,0.0285,117872.6727,105146.5144,20 ans,12 mois
2011-05-01,1345.2,-0.0135,116281.2793,103726.9363,20 ans,12 mois
2011-06-01,1320.64,-0.0183,114158.2783,101833.1457,20 ans,12 mois
2011-07-01,1292.28,-0.0215,111706.7949,99646.3374,20 ans,12 mois
2011-08-01,1218.89,-0.0568,105362.8422,93987.3115,20 ans,12 mois
2011-09-01,1131.42,-0.0718,97801.7952,87242.5952,20 ans,12 mois
2011-10-01,1253.3,0.1077,108337.3017,96640.6326,20 ans,12 mois
2011-11-01,1246.96,-0.0051,107789.2542,96151.7552,20 ans,12 mois
2011-12-01,1257.6,0.0085,108708.9944,96972.1954,20 ans,12 mois
2012-01-01,1312.41,0.0436,113446.8654,101198.5407,20 ans,12 mois
2012-02-01,1365.6801,0.0406,118051.6128,105306.1352,20 ans,12 mois
2012-03-01,1408.47,0.0313,121750.4431,108605.6201,20 ans,12 mois
2012-04-01,1397.91,-0.0075,120837.6249,107791.3547,20 ans,12 mois
2012-05-01,1310.33,-0.0627,113267.06,101038.1481,20 ans,12 mois
2012-06-01,1362.16,0.0396,117747.3366,105034.7102,20 ans,12 mois
2012-07-01,1379.3199,0.0126,119230.6674,106357.8928,20 ans,12 mois
2012-08-01,1406.58,0.0198,121587.0671,108459.8831,20 ans,12 mois
2012-09-01,1440.67,0.0242,124533.8699,111088.5335,20 ans,12 mois
2012-10-01,1412.16,-0.0198,122069.4182,108890.157,20 ans,12 mois
2012-11-01,1416.1801,0.0028,122416.9152,109200.1364,20 ans,12 mois
2012-12-01,1426.1899,0.0071,123282.1862,109971.9882,20 ans,12 mois
2013-01-01,1498.11,0.0504,129499.0722,115517.6662,20 ans,12 mois
2013-02-01,1514.6801,0.0111,130931.416,116795.3666,20 ans,12 mois
2013-03-01,1569.1899,0.036,135643.3396,120998.566,20 ans,12 mois
2013-04-01,1597.5699,0.0181,138096.5536,123186.9179,20 ans,12 mois
2013-05-01,1630.74,0.0208,140963.8263,125744.6247,20 ans,12 mois
2013-06-01,1606.28,-0.015,138849.4674,123858.5432,20 ans,12 mois
2013-07-01,1685.73,0.0495,145717.2508,129984.8443,20 ans,12 mois
2013-08-01,1632.97,-0.0313,141156.5895,125916.5761,20 ans,12 mois
2013-09-01,1681.55,0.0297,145355.9307,129662.5343,20 ans,12 mois
2013-10-01,1756.54,0.0446,151838.1878,135444.9326,20 ans,12 mois
2013-11-01,1805.8101,0.028,156097.1688,139244.0913,20 ans,12 mois
2013-12-01,1848.36,0.0236,159775.2539,142525.0709,20 ans,12 mois
2014-01-01,1782.59,-0.0356,154089.986,137453.6147,20 ans,12 mois
2014-02-01,1859.45,0.0431,160733.8886,143380.2063,20 ans,12 mois
2014-03-01,1872.34,0.0069,161848.1225,144374.1417,20 ans,12 mois
2014-04-01,1883.95,0.0062,162851.7086,145269.3753,20 ans,12 mois
2014-05-01,1923.5699,0.021,166276.5256,148324.4309,20 ans,12 mois
2014-06-01,1960.23,0.0191,169445.4788,151151.2471,20 ans,12 mois
2014-07-01,1930.67,-0.0151,166890.2697,148871.9119,20 ans,12 mois
2014-08-01,2003.37,0.0377,173174.5721,154477.7277,20 ans,12 mois
2014-09-01,1972.29,-0.0155,170487.97,152081.1854,20 ans,12 mois
2014-10-01,2018.05,0.0232,174443.5399,155609.691,20 ans,12 mois
2014-11-01,2067.5601,0.0245,178723.266,159427.3552,20 ans,12 mois
2014-12-01,2058.8999,-0.0042,177974.6679,158759.5798,20 ans,12 mois
2015-01-01,1994.99,-0.031,172450.1908,153831.5545,20 ans,12 mois
2015-02-01,2104.5,0.0549,181916.4148,162275.7548,20 ans,12 mois
2015-03-01,2067.8899,-0.0174,178751.7773,159452.7883,20 ans,12 mois
2015-04-01,2085.51,0.0085,180274.889,160811.4568,20 ans,12 mois
2015-05-01,2107.3899,0.0105,182166.2218,162498.5913,20 ans,12 mois
2015-06-01,2063.1101,-0.021,178338.6049,159084.2242,20 ans,12 mois
2015-07-01,2103.8401,0.0197,181859.3709,162224.8696,20 ans,12 mois
2015-08-01,1972.1801,-0.0626,170478.4627,152072.7046,20 ans,12 mois
2015-09-01,1920.03,-0.0264,165970.5294,148051.4717,20 ans,12 mois
2015-10-01,2079.3601,0.083,179743.2814,160337.2444,20 ans,12 mois
2015-11-01,2080.4099,0.0005,179834.0283,160418.1937,20 ans,12 mois
2015-12-01,2043.9399,-0.0175,176681.5045,157606.0331,20 ans,12 mois
2016-01-01,1940.24,-0.0507,167717.5114,149609.8403,20 ans,12 mois
2016-02-01,1932.23,-0.0041,167025.1131,148992.1969,20 ans,12 mois
2016-03-01,2059.74,0.066,178047.2865,158824.358,20 ans,12 mois
2016-04-01,2065.3,0.0027,178527.907,159253.0882,20 ans,12 mois
2016-05-01,2096.95,0.0153,181263.7762,161693.5785,20 ans,12 mois
2016-06-01,2098.8601,0.0009,181428.8933,161840.8686,20 ans,12 mois
2016-07-01,2173.6001,0.0356,187889.54,167603.9897,20 ans,12 mois
2016-08-01,2170.95,-0.0012,187660.457,167399.6398,20 ans,12 mois
2016-09-01,2168.27,-0.0012,187428.7994,167192.9931,20 ans,12 mois
2016-10-01,2126.1499,-0.0194,183787.8677,163945.1557,20 ans,12 mois
2016-11-01,2198.8101,0.0342,190068.7302,169547.903,20 ans,12 mois
2016-12-01,2238.8301,0.0182,193528.126,172633.8041,20 ans,12 mois
2017-01-01,2278.8701,0.0179,196989.2523,175721.2489,20 ans,12 mois
2017-02-01,2363.6399,0.0372,204316.89,182257.756,20 ans,12 mois
2017-03-01,2362.72,-0.0004,204237.3705,182186.8218,20 ans,12 mois
2017-04-01,2384.2,0.0091,206094.1351,183843.1202,20 ans,12 mois
2017-05-01,2411.8,0.0116,208479.9326,185971.3344,20 ans,12 mois
2017-06-01,2423.4099,0.0048,209483.5081,186866.5586,20 ans,12 mois
2017-07-01,2470.3,0.0193,213536.768,190482.2071,20 ans,12 mois
2017-08-01,2471.6499,0.0005,213653.4516,190586.2929,20 ans,12 mois
2017-09-01,2519.3601,0.0193,217777.5996,194265.176,20 ans,12 mois
2017-10-01,2575.26,0.0222,222609.6784,198575.558,20 ans,12 mois
2017-11-01,2647.5801,0.0281,228861.1431,204152.0815,20 ans,12 mois
2017-12-01,2673.6101,0.0098,231111.2213,206159.2293,20 ans,12 mois
2018-01-01,2823.8101,0.0562,244094.7502,217740.9877,20 ans,12 mois
2018-02-01,2713.8301,-0.0389,234587.9012,209260.5484,20 ans,12 mois
2018-03-01,2640.8701,-0.0269,228281.1231,203634.6835,20 ans,12 mois
2018-04-01,2648.05,0.0027,228901.7681,204188.3204,20 ans,12 mois
2018-05-01,2705.27,0.0216,233847.9558,208600.4914,20 ans,12 mois
2018-06-01,2718.3701,0.0048,234980.3496,209610.626,20 ans,12 mois
2018-07-01,2816.29,0.036,243444.7075,217161.127,20 ans,12 mois
2018-08-01,2901.52,0.0303,250812.1261,223733.12,20 ans,12 mois
2018-09-01,2913.98,0.0043,251889.1855,224693.8944,20 ans,12 mois
2018-10-01,2711.74,-0.0694,234407.2306,209099.384,20 ans,12 mois
2018-11-01,2760.1699,0.0179,238593.593,212833.7645,20 ans,12 mois
2018-12-01,2506.8501,-0.0918,216696.2139,193300.5425,20 ans,12 mois
2019-01-01,2704.1001,0.0787,233746.8258,208510.28,20 ans,12 mois
2019-02-01,2784.49,0.0297,240695.8594,214709.0591,20 ans,12 mois
2019-03-01,2834.3999,0.0179,245010.1536,218557.5592,20 ans,12 mois
2019-04-01,2945.8301,0.0393,254642.3599,227149.8215,20 ans,12 mois
2019-05-01,2752.0601,-0.0658,237892.5631,212208.4215,20 ans,12 mois
2019-06-01,2941.76,0.0689,254290.5365,226835.9828,20 ans,12 mois
2019-07-01,2980.3799,0.0131,257628.9014,229813.9201,20 ans,12 mois
2019-08-01,2926.46,-0.0181,252967.9753,225656.2124,20 ans,12 mois
2019-09-01,2976.74,0.0172,257314.2631,229533.2519,20 ans,12 mois
2019-10-01,3037.5601,0.0204,262571.6491,234223.0226,20 ans,12 mois
2019-11-01,3140.98,0.034,271511.4359,242197.6227,20 ans,12 mois
2019-12-01,3230.78,0.0286,279273.8987,249122.0089,20 ans,12 mois
2020-01-01,3225.52,-0.0016,278819.2149,248716.4151,20 ans,12 mois
2020-02-01,2954.22,-0.0841,255367.5959,227796.7572,20 ans,12 mois
2020-03-01,2584.5901,-0.1251,223416.1855,199294.9904,20 ans,12 mois
2020-04-01,2912.4299,0.1268,251755.1967,224574.3717,20 ans,12 mois
2020-05-01,3044.3101,0.0453,263155.1301,234743.5079,20 ans,12 mois
2020-06-01,3100.29,0.0184,267994.131,239060.0646,20 ans,12 mois
2020-07-01,3271.1201,0.0551,282760.9618,252232.5901,20 ans,12 mois
2020-08-01,3500.3101,0.0701,302572.5144,269905.1825,20 ans,12 mois
2020-09-01,3363.0,-0.0392,290703.2088,259317.3501,20 ans,12 mois
2020-10-01,3269.96,-0.0277,282660.676,252143.1317,20 ans,12 mois
2020-11-01,3621.6299,0.1075,313059.598,279260.025,20 ans,12 mois
2020-12-01,3756.0701,0.0371,324680.827,289626.5646,20 ans,12 mois
2021-01-01,3714.24,-0.0111,321064.9668,286401.0918,20 ans,12 mois
2021-02-01,3811.1499,0.0261,329442.0178,293873.712,20 ans,12 mois
2021-03-01,3972.8899,0.0424,343423.0865,306345.3105,20 ans,12 mois
2021-04-01,4181.1699,0.0524,361427.1522,322405.5618,20 ans,12 mois
2021-05-01,4204.1099,0.0055,363410.1182,324174.4363,20 ans,12 mois
2021-06-01,4297.5,0.0222,371482.914,331375.6503,20 ans,12 mois
2021-07-01,4395.2598,0.0227,379933.4277,338913.8018,20 ans,12 mois
2021-08-01,4522.6802,0.029,390947.8559,348739.054,20 ans,12 mois
2021-09-01,4307.54,-0.0476,372350.7914,332149.827,20 ans,12 mois
2021-10-01,4605.3799,0.0691,398096.5536,355115.9403,20 ans,12 mois
2021-11-01,4567.0,-0.0083,394778.9339,352156.5084,20 ans,12 mois
2021-12-01,4766.1802,0.0436,411996.3933,367515.0797,20 ans,12 mois
2022-01-01,4515.5498,-0.0526,390331.495,348189.2386,20 ans,12 mois
2022-02-01,4373.9399,-0.0314,378090.5073,337269.8528,20 ans,12 mois
2022-03-01,4530.4102,0.0358,391616.048,349335.1045,20 ans,12 mois
2022-04-01,4131.9302,-0.088,357170.7882,318608.7374,20 ans,12 mois
2022-05-01,4132.1499,0.0001,357189.7817,318625.6803,20 ans,12 mois
2022-06-01,3785.3799,-0.0839,327214.4152,291886.6132,20 ans,12 mois
2022-07-01,4130.29,0.0911,357029.0121,318482.2682,20 ans,12 mois
2022-08-01,3955.0,-0.0424,341876.655,304965.8399,20 ans,12 mois
2022-09-01,3585.6201,-0.0934,309946.8551,276483.3503,20 ans,12 mois
2022-10-01,3871.98,0.0799,334700.269,298564.2546,20 ans,12 mois
2022-11-01,4080.1101,0.0538,352691.3769,314612.9471,20 ans,12 mois
2022-12-01,3839.5,-0.059,331892.6465,296059.7578,20 ans,12 mois
2023-01-01,4076.6001,0.0618,352387.9659,314342.294,20 ans,12 mois
2023-02-01,3970.1499,-0.0261,343186.2373,306134.0327,20 ans,12 mois
2023-03-01,4109.3101,0.0351,355215.4683,316864.5242,20 ans,12 mois
2023-04-01,4169.48,0.0146,360416.6546,321504.1629,20 ans,12 mois
2023-05-01,4179.8301,0.0025,361311.3339,322302.2479,20 ans,12 mois
2023-06-01,4450.3799,0.0647,384698.1006,343164.0553,20 ans,12 mois
2023-07-01,4588.96,0.0311,396677.1887,353849.8176,20 ans,12 mois
2023-08-01,4507.6602,-0.0177,389649.5009,347580.8762,20 ans,12 mois
2023-09-01,4288.0498,-0.0487,370666.0237,330646.9558,20 ans,12 mois
2023-10-01,4193.7998,-0.022,362518.8999,323379.4386,20 ans,12 mois
2023-11-01,4567.7998,0.0892,394848.0703,352218.1805,20 ans,12 mois
2023-12-01,4769.8301,0.0442,412311.8969,367796.5198,20 ans,12 mois
2024-01-01,4845.6499,0.0159,418865.8862,373642.9058,20 ans,12 mois
2024-02-01,5096.27,0.0517,440529.8982,392967.9562,20 ans,12 mois
2024-03-01,5254.3501,0.031,454194.5981,405157.3428,20 ans,12 mois
2024-04-01,5035.6899,-0.0416,435293.2574,388296.6909,20 ans,12 mois
2024-05-01,5277.5098,0.048,456196.5576,406943.1601,20 ans,12 mois
2024-06-01,5460.48,0.0347,472012.8016,421051.7986,20 ans,12 mois
2024-07-01,5522.2998,0.0113,477356.6081,425818.6594,20 ans,12 mois
2024-08-01,5648.3999,0.0228,488256.9064,435542.1037,20 ans,12 mois
2024-09-01,5762.48,0.0202,498118.1745,444338.6971,20 ans,12 mois
2024-10-01,5705.4502,-0.0099,493188.4268,439941.1911,20 ans,12 mois
2024-11-01,6032.3799,0.0573,521448.7626,465150.3913,20 ans,12 mois
2024-12-01,5881.6299,-0.025,508417.6866,453526.2193,20 ans,12 mois
2025-01-01,6040.5298,0.027,522153.2535,465778.8216,20 ans,12 mois
2025-02-01,5954.5,-0.0142,514716.6984,459145.1564,20 ans,12 mois
2025-03-01,5611.8501,-0.0575,485097.4816,432723.7872,20 ans,12 mois
2025-04-01,5363.3599,-0.0443,463617.5802,413562.9697,20 ans,12 mois
2010-05-01,1089.41,-0.082,91802.4158,7650.2013,15 ans,12 mois
2010-06-01,1030.71,-0.0539,86855.8774,15534.5143,15 ans,12 mois
2010-07-01,1101.6,0.0688,92829.6379,24440.9964,15 ans,12 mois
2010-08-01,1049.33,-0.0474,88424.9474,32378.9198,15 ans,12 mois
2010-09-01,1141.2,0.0876,96166.649,41441.8457,15 ans,12 mois
2010-10-01,1183.26,0.0369,99710.9665,50082.3123,15 ans,12 mois
2010-11-01,1180.55,-0.0023,99482.6035,58396.5602,15 ans,12 mois
2010-12-01,1257.64,0.0653,105978.8215,67274.0606,15 ans,12 mois
2011-01-01,1286.12,0.0226,108378.7728,75796.107,15 ans,12 mois
2011-02-01,1327.22,0.032,111842.1859,84395.7451,15 ans,12 mois
2011-03-01,1325.83,-0.001,111725.0522,92720.3508,15 ans,12 mois
2011-04-01,1363.61,0.0285,114908.7001,101291.1456,15 ans,12 mois
2011-05-01,1345.2,-0.0135,113357.3231,99923.6186,15 ans,12 mois
2011-06-01,1320.64,-0.0183,111287.7061,98099.267,15 ans,12 mois
2011-07-01,1292.28,-0.0215,108897.8666,95992.6416,15 ans,12 mois
2011-08-01,1218.89,-0.0568,102713.4361,90541.1131,15 ans,12 mois
2011-09-01,1131.42,-0.0718,95342.5157,84043.7029,15 ans,12 mois
2011-10-01,1253.3,0.1077,105613.1012,93097.1459,15 ans,12 mois
2011-11-01,1246.96,-0.0051,105078.8346,92626.194,15 ans,12 mois
2011-12-01,1257.6,0.0085,105975.4475,93416.5514,15 ans,12 mois
2012-01-01,1312.41,0.0436,110594.1821,97487.9308,15 ans,12 mois
2012-02-01,1365.6801,0.0406,115083.1406,101444.9136,15 ans,12 mois
2012-03-01,1408.47,0.0313,118688.9618,104623.4176,15 ans,12 mois
2012-04-01,1397.91,-0.0075,117799.0969,103839.0085,15 ans,12 mois
2012-05-01,1310.33,-0.0627,110418.898,97333.4192,15 ans,12 mois
2012-06-01,1362.16,0.0396,114786.5156,101183.4409,15 ans,12 mois
2012-07-01,1379.3199,0.0126,116232.5472,102458.1068,15 ans,12 mois
2012-08-01,1406.58,0.0198,118529.694,104483.0242,15 ans,12 mois
2012-09-01,1440.67,0.0242,121402.3979,107015.2909,15 ans,12 mois
2012-10-01,1412.16,-0.0198,118999.9161,104897.5214,15 ans,12 mois
2012-11-01,1416.1801,0.0028,119338.6751,105196.135,15 ans,12 mois
2012-12-01,1426.1899,0.0071,120182.1884,105939.6855,15 ans,12 mois
2013-01-01,1498.11,0.0504,126242.7474,111282.0222,15 ans,12 mois
2013-02-01,1514.6801,0.0111,127639.0741,112512.8736,15 ans,12 mois
2013-03-01,1569.1899,0.036,132232.5139,116561.9558,15 ans,12 mois
2013-04-01,1597.5699,0.0181,134624.0404,118670.0683,15 ans,12 mois
2013-05-01,1630.74,0.0208,137419.214,121133.9926,15 ans,12 mois
2013-06-01,1606.28,-0.015,135358.0218,119317.0673,15 ans,12 mois
2013-07-01,1685.73,0.0495,142053.1111,125218.7376,15 ans,12 mois
2013-08-01,1632.97,-0.0313,137607.13,121299.6391,15 ans,12 mois
2013-09-01,1681.55,0.0297,141700.8765,124908.2455,15 ans,12 mois
2013-10-01,1756.54,0.0446,148020.1338,130478.6228,15 ans,12 mois
2013-11-01,1805.8101,0.028,152172.0203,134138.4792,15 ans,12 mois
2013-12-01,1848.36,0.0236,155757.618,137299.1563,15 ans,12 mois
2014-01-01,1782.59,-0.0356,150215.3093,132413.6533,15 ans,12 mois
2014-02-01,1859.45,0.0431,156692.1473,138122.9368,15 ans,12 mois
2014-03-01,1872.34,0.0069,157778.3632,139080.4278,15 ans,12 mois
2014-04-01,1883.95,0.0062,158756.7136,139942.8362,15 ans,12 mois
2014-05-01,1923.5699,0.021,162095.4117,142885.8733,15 ans,12 mois
2014-06-01,1960.23,0.0191,165184.6798,145609.0396,15 ans,12 mois
2014-07-01,1930.67,-0.0151,162693.7228,143413.28,15 ans,12 mois
2014-08-01,2003.37,0.0377,168820.003,148813.5494,15 ans,12 mois
2014-09-01,1972.29,-0.0155,166200.957,146504.8802,15 ans,12 mois
2014-10-01,2018.05,0.0232,170057.062,149904.0074,15 ans,12 mois
2014-11-01,2067.5601,0.0245,174229.172,153581.6907,15 ans,12 mois
2014-12-01,2058.8999,-0.0042,173499.3978,152938.4003,15 ans,12 mois
2015-01-01,1994.99,-0.031,168113.8367,148191.0691,15 ans,12 mois
2015-02-01,2104.5,0.0549,177342.0273,156325.649,15 ans,12 mois
2015-03-01,2067.8899,-0.0174,174256.9664,153606.1913,15 ans,12 mois
2015-04-01,2085.51,0.0085,175741.7786,154915.042,15 ans,12 mois
2015-05-01,2107.3899,0.0105,177585.5528,156540.3149,15 ans,12 mois
2015-06-01,2063.1101,-0.021,173854.1834,153251.1411,15 ans,12 mois
2015-07-01,2103.8401,0.0197,177286.4178,156276.6297,15 ans,12 mois
2015-08-01,1972.1801,-0.0626,166191.6887,146496.7103,15 ans,12 mois
2015-09-01,1920.03,-0.0264,161797.11,142622.9225,15 ans,12 mois
2015-10-01,2079.3601,0.083,175223.5386,154458.2173,15 ans,12 mois
2015-11-01,2080.4099,0.0005,175312.0035,154536.1985,15 ans,12 mois
2015-12-01,2043.9399,-0.0175,172238.7517,151827.1503,15 ans,12 mois
2016-01-01,1940.24,-0.0507,163500.1631,144124.151,15 ans,12 mois
2016-02-01,1932.23,-0.0041,162825.1756,143529.1546,15 ans,12 mois
2016-03-01,2059.74,0.066,173570.1904,153000.8034,15 ans,12 mois
2016-04-01,2065.3,0.0027,174038.7254,153413.8135,15 ans,12 mois
2016-05-01,2096.95,0.0153,176705.7997,155764.8192,15 ans,12 mois
2016-06-01,2098.8601,0.0009,176866.7648,155906.7087,15 ans,12 mois
2016-07-01,2173.6001,0.0356,183164.955,161458.5156,15 ans,12 mois
2016-08-01,2170.95,-0.0012,182941.6325,161261.6584,15 ans,12 mois
2016-09-01,2168.27,-0.0012,182715.8,161062.5888,15 ans,12 mois
2016-10-01,2126.1499,-0.0194,179166.4215,157933.8386,15 ans,12 mois
2016-11-01,2198.8101,0.0342,185289.3483,163331.152,15 ans,12 mois
2016-12-01,2238.8301,0.0182,188661.7557,166303.9035,15 ans,12 mois
2017-01-01,2278.8701,0.0179,192035.8501,169278.1421,15 ans,12 mois
2017-02-01,2363.6399,0.0372,199179.2304,175574.9776,15 ans,12 mois
2017-03-01,2362.72,-0.0004,199101.7104,175506.6443,15 ans,12 mois
2017-04-01,2384.2,0.0091,200911.7856,177102.2118,15 ans,12 mois
2017-05-01,2411.8,0.0116,203237.5909,179152.3915,15 ans,12 mois
2017-06-01,2423.4099,0.0048,204215.931,180014.7909,15 ans,12 mois
2017-07-01,2470.3,0.0193,208167.2695,183497.8657,15 ans,12 mois
2017-08-01,2471.6499,0.0005,208281.019,183598.135,15 ans,12 mois
2017-09-01,2519.3601,0.0193,212301.463,187142.1259,15 ans,12 mois
2017-10-01,2575.26,0.0222,217012.0366,191294.4606,15 ans,12 mois
2017-11-01,2647.5801,0.0281,223106.3048,196666.5118,15 ans,12 mois
2017-12-01,2673.6101,0.0098,225299.8036,198600.0643,15 ans,12 mois
2018-01-01,2823.8101,0.0562,237956.8546,209757.1585,15 ans,12 mois
2018-02-01,2713.8301,-0.0389,228689.0605,201587.6685,15 ans,12 mois
2018-03-01,2640.8701,-0.0269,222540.8698,196168.0851,15 ans,12 mois
2018-04-01,2648.05,0.0027,223145.9083,196701.422,15 ans,12 mois
2018-05-01,2705.27,0.0216,227967.7214,200951.8135,15 ans,12 mois
2018-06-01,2718.3701,0.0048,229071.6406,201924.9099,15 ans,12 mois
2018-07-01,2816.29,0.036,237323.1575,209198.5594,15 ans,12 mois
2018-08-01,2901.52,0.0303,244505.3184,215529.5796,15 ans,12 mois
2018-09-01,2913.98,0.0043,245555.2945,216455.1255,15 ans,12 mois
2018-10-01,2711.74,-0.0694,228512.933,201432.4134,15 ans,12 mois
2018-11-01,2760.1699,0.0179,232594.0269,205029.8667,15 ans,12 mois
2018-12-01,2506.8501,-0.0918,211247.2694,186212.8622,15 ans,12 mois
2019-01-01,2704.1001,0.0787,227869.1344,200864.9099,15 ans,12 mois
2019-02-01,2784.49,0.0297,234643.4307,206836.4005,15 ans,12 mois
2019-03-01,2834.3999,0.0179,238849.2397,210543.7892,15 ans,12 mois
2019-04-01,2945.8301,0.0393,248239.2389,218821.0021,15 ans,12 mois
2019-05-01,2752.0601,-0.0658,231910.6249,204427.453,15 ans,12 mois
2019-06-01,2941.76,0.0689,247896.2623,218518.6708,15 ans,12 mois
2019-07-01,2980.3799,0.0131,251150.6821,221387.4172,15 ans,12 mois
2019-08-01,2926.46,-0.0181,246606.9576,217382.1586,15 ans,12 mois
2019-09-01,2976.74,0.0172,250843.9556,221117.0401,15 ans,12 mois
2019-10-01,3037.5601,0.0204,255969.1418,225634.8527,15 ans,12 mois
2019-11-01,3140.98,0.034,264684.1328,233317.0511,15 ans,12 mois
2019-12-01,3230.78,0.0286,272251.4042,239987.5433,15 ans,12 mois
2020-01-01,3225.52,-0.0016,271808.1537,239596.8213,15 ans,12 mois
2020-02-01,2954.22,-0.0841,248946.2384,219444.2168,15 ans,12 mois
2020-03-01,2584.5901,-0.1251,217798.2637,191987.5139,15 ans,12 mois
2020-04-01,2912.4299,0.1268,245424.675,216339.9854,15 ans,12 mois
2020-05-01,3044.3101,0.0453,256537.9508,226136.2536,15 ans,12 mois
2020-06-01,3100.29,0.0184,261255.2724,230294.5367,15 ans,12 mois
2020-07-01,3271.1201,0.0551,275650.7832,242984.07,15 ans,12 mois
2020-08-01,3500.3101,0.0701,294964.1635,260008.6679,15 ans,12 mois
2020-09-01,3363.0,-0.0392,283393.3181,249809.0557,15 ans,12 mois
2020-10-01,3269.96,-0.0277,275553.0191,242897.8917,15 ans,12 mois
2020-11-01,3621.6299,0.1075,305187.5436,269020.4999,15 ans,12 mois
2020-12-01,3756.0701,0.0371,316516.5506,279006.9333,15 ans,12 mois
2021-01-01,3714.24,-0.0111,312991.6131,275899.7278,15 ans,12 mois
2021-02-01,3811.1499,0.0261,321158.0186,283098.3521,15 ans,12 mois
2021-03-01,3972.8899,0.0424,334787.5257,295112.659,15 ans,12 mois
2021-04-01,4181.1699,0.0524,352338.8693,310584.035,15 ans,12 mois
2021-05-01,4204.1099,0.0055,354271.9725,312288.0508,15 ans,12 mois
2021-06-01,4297.5,0.0222,362141.7735,319225.2206,15 ans,12 mois
2021-07-01,4395.2598,0.0227,370379.7944,326486.9734,15 ans,12 mois
2021-08-01,4522.6802,0.029,381117.2589,335951.9666,15 ans,12 mois
2021-09-01,4307.54,-0.0476,362987.8276,319971.0108,15 ans,12 mois
2021-10-01,4605.3799,0.0691,388086.1986,342095.0341,15 ans,12 mois
2021-11-01,4567.0,-0.0083,384852.0022,339244.1146,15 ans,12 mois
2021-12-01,4766.1802,0.0436,401636.5193,354039.5388,15 ans,12 mois
2022-01-01,4515.5498,-0.0526,380516.3967,335422.3112,15 ans,12 mois
2022-02-01,4373.9399,-0.0314,368583.2153,324903.3025,15 ans,12 mois
2022-03-01,4530.4102,0.0358,381768.6489,336526.162,15 ans,12 mois
2022-04-01,4131.9302,-0.088,348189.5339,306926.4274,15 ans,12 mois
2022-05-01,4132.1499,0.0001,348208.0498,306942.749,15 ans,12 mois
2022-06-01,3785.3799,-0.0839,318986.4303,281184.1136,15 ans,12 mois
2022-07-01,4130.29,0.0911,348051.3228,306804.5954,15 ans,12 mois
2022-08-01,3955.0,-0.0424,333279.9801,293783.769,15 ans,12 mois
2022-09-01,3585.6201,-0.0934,302153.0723,266345.6365,15 ans,12 mois
2022-10-01,3871.98,0.0799,326284.0482,287616.9083,15 ans,12 mois
2022-11-01,4080.1101,0.0538,343822.7599,303077.1493,15 ans,12 mois
2022-12-01,3839.5,-0.059,323547.0249,285204.243,15 ans,12 mois
2023-01-01,4076.6001,0.0618,343526.9783,302816.4201,15 ans,12 mois
2023-02-01,3970.1499,-0.0261,334556.6322,294909.1281,15 ans,12 mois
2023-03-01,4109.3101,0.0351,346283.3816,305246.1687,15 ans,12 mois
2023-04-01,4169.48,0.0146,351353.7812,309715.6873,15 ans,12 mois
2023-05-01,4179.8301,0.0025,352225.9634,310484.5093,15 ans,12 mois
2023-06-01,4450.3799,0.0647,375024.657,330581.3844,15 ans,12 mois
2023-07-01,4588.96,0.0311,386702.5245,340875.3358,15 ans,12 mois
2023-08-01,4507.6602,-0.0177,379851.5517,334836.2554,15 ans,12 mois
2023-09-01,4288.0498,-0.0487,361345.4244,318523.2448,15 ans,12 mois
2023-10-01,4193.7998,-0.022,353403.1644,311522.2031,15 ans,12 mois
2023-11-01,4567.7998,0.0892,384919.4002,339303.5253,15 ans,12 mois
2023-12-01,4769.8301,0.0442,401944.0893,354310.6594,15 ans,12 mois
2024-01-01,4845.6499,0.0159,408333.275,359942.678,15 ans,12 mois
2024-02-01,5096.27,0.0517,429452.5336,378559.1439,15 ans,12 mois
2024-03-01,5254.3501,0.031,442773.6272,390301.5867,15 ans,12 mois
2024-04-01,5035.6899,-0.0416,424347.571,374059.1582,15 ans,12 mois
2024-05-01,5277.5098,0.048,444725.2464,392021.9241,15 ans,12 mois
2024-06-01,5460.48,0.0347,460143.7823,405613.2463,15 ans,12 mois
2024-07-01,5522.2998,0.0113,465353.2159,410205.3224,15 ans,12 mois
2024-08-01,5648.3999,0.0228,475979.4202,419572.2407,15 ans,12 mois
2024-09-01,5762.48,0.0202,485592.7214,428046.2927,15 ans,12 mois
2024-10-01,5705.4502,-0.0099,480786.9348,423810.0284,15 ans,12 mois
2024-11-01,6032.3799,0.0573,508336.6491,448094.892,15 ans,12 mois
2024-12-01,5881.6299,-0.025,495633.2465,436896.9393,15 ans,12 mois
2025-01-01,6040.5298,0.027,509023.4251,448700.2799,15 ans,12 mois
2025-02-01,5954.5,-0.0142,501773.8663,442309.8489,15 ans,12 mois
2025-03-01,5611.8501,-0.0575,472899.4409,416857.2624,15 ans,12 mois
2025-04-01,5363.3599,-0.0443,451959.6633,398399.0076,15 ans,12 mois
2015-05-01,2107.3899,0.0105,101049.1382,8420.7615,10 ans,12 mois
2015-06-01,2063.1101,-0.021,98925.9269,16578.9976,10 ans,12 mois
2015-07-01,2103.8401,0.0197,100878.9254,25076.8478,10 ans,12 mois
2015-08-01,1972.1801,-0.0626,94565.8397,32888.6743,10 ans,12 mois
2015-09-01,1920.03,-0.0264,92065.2512,41001.6508,10 ans,12 mois
2015-10-01,2079.3601,0.083,99705.1128,50026.5101,10 ans,12 mois
2015-11-01,2080.4099,0.0005,99755.4508,58364.0506,10 ans,12 mois
2015-12-01,2043.9399,-0.0175,98006.7193,66551.2991,10 ans,12 mois
2016-01-01,1940.24,-0.0507,93034.3168,74461.8381,10 ans,12 mois
2016-02-01,1932.23,-0.0041,92650.2377,82760.7684,10 ans,12 mois
2016-03-01,2059.74,0.066,98764.3301,91644.0277,10 ans,12 mois
2016-04-01,2065.3,0.0027,99030.9344,99999.856,10 ans,12 mois
2016-05-01,2096.95,0.0153,100548.5441,101532.3141,10 ans,12 mois
2016-06-01,2098.8601,0.0009,100640.1359,101624.802,10 ans,12 mois
2016-07-01,2173.6001,0.0356,104223.9111,105243.641,10 ans,12 mois
2016-08-01,2170.95,-0.0012,104096.8368,105115.3234,10 ans,12 mois
2016-09-01,2168.27,-0.0012,103968.3343,104985.5637,10 ans,12 mois
2016-10-01,2126.1499,-0.0194,101948.6789,102946.1478,10 ans,12 mois
2016-11-01,2198.8101,0.0342,105432.7262,106464.2832,10 ans,12 mois
2016-12-01,2238.8301,0.0182,107351.6822,108402.0143,10 ans,12 mois
2017-01-01,2278.8701,0.0179,109271.5981,110340.7148,10 ans,12 mois
2017-02-01,2363.6399,0.0372,113336.3005,114445.1863,10 ans,12 mois
2017-03-01,2362.72,-0.0004,113292.1904,114400.6446,10 ans,12 mois
2017-04-01,2384.2,0.0091,114322.1533,115440.6847,10 ans,12 mois
2017-05-01,2411.8,0.0116,115645.5753,116777.0551,10 ans,12 mois
2017-06-01,2423.4099,0.0048,116202.2671,117339.1936,10 ans,12 mois
2017-07-01,2470.3,0.0193,118450.6446,119609.5692,10 ans,12 mois
2017-08-01,2471.6499,0.0005,118515.3699,119674.9279,10 ans,12 mois
2017-09-01,2519.3601,0.0193,120803.0695,121985.0104,10 ans,12 mois
2017-10-01,2575.26,0.0222,123483.4644,124691.6303,10 ans,12 mois
2017-11-01,2647.5801,0.0281,126951.2045,128193.299,10 ans,12 mois
2017-12-01,2673.6101,0.0098,128199.3419,129453.6481,10 ans,12 mois
2018-01-01,2823.8101,0.0562,135401.4148,136726.1863,10 ans,12 mois
2018-02-01,2713.8301,-0.0389,130127.8855,131401.0607,10 ans,12 mois
2018-03-01,2640.8701,-0.0269,126629.4626,127868.4091,10 ans,12 mois
2018-04-01,2648.05,0.0027,126973.7396,128216.0545,10 ans,12 mois
2018-05-01,2705.27,0.0216,129717.4316,130986.5908,10 ans,12 mois
2018-06-01,2718.3701,0.0048,130345.58,131620.8851,10 ans,12 mois
2018-07-01,2816.29,0.036,135040.8306,136362.0742,10 ans,12 mois
2018-08-01,2901.52,0.0303,139127.5998,140488.8284,10 ans,12 mois
2018-09-01,2913.98,0.0043,139725.0537,141092.1278,10 ans,12 mois
2018-10-01,2711.74,-0.0694,130027.666,131299.8606,10 ans,12 mois
2018-11-01,2760.1699,0.0179,132349.8765,133644.7917,10 ans,12 mois
2018-12-01,2506.8501,-0.0918,120203.2158,121379.2877,10 ans,12 mois
2019-01-01,2704.1001,0.0787,129661.3339,130929.9443,10 ans,12 mois
2019-02-01,2784.49,0.0297,133516.0214,134822.3462,10 ans,12 mois
2019-03-01,2834.3999,0.0179,135909.1967,137238.9364,10 ans,12 mois
2019-04-01,2945.8301,0.0393,141252.2627,142634.2791,10 ans,12 mois
2019-05-01,2752.0601,-0.0658,131961.0093,133252.1198,10 ans,12 mois
2019-06-01,2941.76,0.0689,141057.1033,142437.2103,10 ans,12 mois
2019-07-01,2980.3799,0.0131,142908.9225,144307.1477,10 ans,12 mois
2019-08-01,2926.46,-0.0181,140323.4675,141696.3966,10 ans,12 mois
2019-09-01,2976.74,0.0172,142734.39,144130.9076,10 ans,12 mois
2019-10-01,3037.5601,0.0204,145650.7063,147075.7572,10 ans,12 mois
2019-11-01,3140.98,0.034,150609.6814,152083.251,10 ans,12 mois
2019-12-01,3230.78,0.0286,154915.5849,156431.2837,10 ans,12 mois
2020-01-01,3225.52,-0.0016,154663.3679,156176.599,10 ans,12 mois
2020-02-01,2954.22,-0.0841,141654.5572,143040.5097,10 ans,12 mois
2020-03-01,2584.5901,-0.1251,123930.8407,125143.3838,10 ans,12 mois
2020-04-01,2912.4299,0.1268,139650.729,141017.0759,10 ans,12 mois
2020-05-01,3044.3101,0.0453,145974.3681,147402.5857,10 ans,12 mois
2020-06-01,3100.29,0.0184,148658.6027,150113.0829,10 ans,12 mois
2020-07-01,3271.1201,0.0551,156849.8881,158384.5122,10 ans,12 mois
2020-08-01,3500.3101,0.0701,167839.5233,169481.6703,10 ans,12 mois
2020-09-01,3363.0,-0.0392,161255.5195,162833.2484,10 ans,12 mois
2020-10-01,3269.96,-0.0277,156794.2587,158328.3385,10 ans,12 mois
2020-11-01,3621.6299,0.1075,173656.7969,175355.8603,10 ans,12 mois
2020-12-01,3756.0701,0.0371,180103.1906,181865.3257,10 ans,12 mois
2021-01-01,3714.24,-0.0111,178097.4425,179839.9533,10 ans,12 mois
2021-02-01,3811.1499,0.0261,182744.2632,184532.2387,10 ans,12 mois
2021-03-01,3972.8899,0.0424,190499.6799,192363.5345,10 ans,12 mois
2021-04-01,4181.1699,0.0524,200486.6868,202448.2546,10 ans,12 mois
2021-05-01,4204.1099,0.0055,201586.6548,203558.9847,10 ans,12 mois
2021-06-01,4297.5,0.0222,206064.7026,208080.8459,10 ans,12 mois
2021-07-01,4395.2598,0.0227,210752.2738,212814.2804,10 ans,12 mois
2021-08-01,4522.6802,0.029,216862.0699,218983.855,10 ans,12 mois
2021-09-01,4307.54,-0.0476,206546.1215,208566.975,10 ans,12 mois
2021-10-01,4605.3799,0.0691,220827.5128,222988.0958,10 ans,12 mois
2021-11-01,4567.0,-0.0083,218987.2011,221129.7786,10 ans,12 mois
2021-12-01,4766.1802,0.0436,228537.871,230773.8925,10 ans,12 mois
2022-01-01,4515.5498,-0.0526,216520.1693,218638.6092,10 ans,12 mois
2022-02-01,4373.9399,-0.0314,209729.9903,211781.9949,10 ans,12 mois
2022-03-01,4530.4102,0.0358,217232.7217,219358.1333,10 ans,12 mois
2022-04-01,4131.9302,-0.088,198125.6458,200064.1132,10 ans,12 mois
2022-05-01,4132.1499,0.0001,198136.1817,200074.7521,10 ans,12 mois
2022-06-01,3785.3799,-0.0839,181508.5933,183284.4789,10 ans,12 mois
2022-07-01,4130.29,0.0911,198047.0014,199984.6993,10 ans,12 mois
2022-08-01,3955.0,-0.0424,189641.8613,191497.323,10 ans,12 mois
2022-09-01,3585.6201,-0.0934,171930.1322,173612.3018,10 ans,12 mois
2022-10-01,3871.98,0.0799,185661.0595,187477.5729,10 ans,12 mois
2022-11-01,4080.1101,0.0538,195640.8786,197555.0349,10 ans,12 mois
2022-12-01,3839.5,-0.059,184103.6476,185904.9233,10 ans,12 mois
2023-01-01,4076.6001,0.0618,195472.574,197385.0836,10 ans,12 mois
2023-02-01,3970.1499,-0.0261,190368.2976,192230.8668,10 ans,12 mois
2023-03-01,4109.3101,0.0351,197041.0134,198968.8687,10 ans,12 mois
2023-04-01,4169.48,0.0146,199926.1553,201882.2388,10 ans,12 mois
2023-05-01,4179.8301,0.0025,200422.4414,202383.3807,10 ans,12 mois
2023-06-01,4450.3799,0.0647,213395.278,215483.1439,10 ans,12 mois
2023-07-01,4588.96,0.0311,220040.1791,222193.0589,10 ans,12 mois
2023-08-01,4507.6602,-0.0177,216141.8615,218256.6,10 ans,12 mois
2023-09-01,4288.0498,-0.0487,205611.5667,207623.2765,10 ans,12 mois
2023-10-01,4193.7998,-0.022,201092.2885,203059.7815,10 ans,12 mois
2023-11-01,4567.7998,0.0892,219025.5517,221168.5043,10 ans,12 mois
2023-12-01,4769.8301,0.0442,228712.8835,230950.6172,10 ans,12 mois
2024-01-01,4845.6499,0.0159,232348.4366,234621.7407,10 ans,12 mois
2024-02-01,5096.27,0.0517,244365.6466,246756.5275,10 ans,12 mois
2024-03-01,5254.3501,0.031,251945.5708,254410.6139,10 ans,12 mois
2024-04-01,5035.6899,-0.0416,241460.8378,243823.2979,10 ans,12 mois
2024-05-01,5277.5098,0.048,253056.0746,255531.9829,10 ans,12 mois
2024-06-01,5460.48,0.0347,261829.4784,264391.2259,10 ans,12 mois
2024-07-01,5522.2998,0.0113,264793.7329,267384.4828,10 ans,12 mois
2024-08-01,5648.3999,0.0228,270840.2202,273490.1291,10 ans,12 mois
2024-09-01,5762.48,0.0202,276310.3487,279013.7775,10 ans,12 mois
2024-10-01,5705.4502,-0.0099,273575.7761,276252.4498,10 ans,12 mois
2024-11-01,6032.3799,0.0573,289252.0225,292082.0731,10 ans,12 mois
2024-12-01,5881.6299,-0.025,282023.5748,284782.902,10 ans,12 mois
2025-01-01,6040.5298,0.027,289642.8095,292476.6835,10 ans,12 mois
2025-02-01,5954.5,-0.0142,285517.6898,288311.2035,10 ans,12 mois
2025-03-01,5611.8501,-0.0575,269087.6606,271720.4225,10 ans,12 mois
2025-04-01,5363.3599,-0.0443,257172.5783,259688.7626,10 ans,12 mois
2020-05-01,3044.3101,0.0453,104528.182,8710.6818,5 ans,12 mois
2020-06-01,3100.29,0.0184,106450.2876,17197.2518,5 ans,12 mois
2020-07-01,3271.1201,0.0551,112315.8391,25989.7628,5 ans,12 mois
2020-08-01,3500.3101,0.0701,120185.211,34906.9684,5 ans,12 mois
2020-09-01,3363.0,-0.0392,115470.5891,42913.402,5 ans,12 mois
2020-10-01,3269.96,-0.0277,112276.0045,51016.1871,5 ans,12 mois
2020-11-01,3621.6299,0.1075,124350.7987,60245.734,5 ans,12 mois
2020-12-01,3756.0701,0.0371,128966.8818,68888.4129,5 ans,12 mois
2021-01-01,3714.24,-0.0111,127530.6214,77128.9407,5 ans,12 mois
2021-02-01,3811.1499,0.0261,130858.0804,85679.7028,5 ans,12 mois
2021-03-01,3972.8899,0.0424,136411.5184,94366.6914,5 ans,12 mois
2021-04-01,4181.1699,0.0524,143562.9361,103136.9024,5 ans,12 mois
2021-05-01,4204.1099,0.0055,144350.5925,103702.7618,5 ans,12 mois
2021-06-01,4297.5,0.0222,147557.198,106006.416,5 ans,12 mois
2021-07-01,4395.2598,0.0227,150913.8372,108417.8557,5 ans,12 mois
2021-08-01,4522.6802,0.029,155288.8922,111560.9345,5 ans,12 mois
2021-09-01,4307.54,-0.0476,147901.9286,106254.0736,5 ans,12 mois
2021-10-01,4605.3799,0.0691,158128.4354,113600.8879,5 ans,12 mois
2021-11-01,4567.0,-0.0083,156810.6395,112654.1714,5 ans,12 mois
2021-12-01,4766.1802,0.0436,163649.6083,117567.3481,5 ans,12 mois
2022-01-01,4515.5498,-0.0526,155044.0667,111385.0497,5 ans,12 mois
2022-02-01,4373.9399,-0.0314,150181.8085,107891.9597,5 ans,12 mois
2022-03-01,4530.4102,0.0358,155554.3056,111751.6099,5 ans,12 mois
2022-04-01,4131.9302,-0.088,141872.2604,101922.3058,5 ans,12 mois
2022-05-01,4132.1499,0.0001,141879.8048,101927.7258,5 ans,12 mois
2022-06-01,3785.3799,-0.0839,129973.2516,93373.951,5 ans,12 mois
2022-07-01,4130.29,0.0911,141815.9453,101881.8485,5 ans,12 mois
2022-08-01,3955.0,-0.0424,135797.2584,97557.9698,5 ans,12 mois
2022-09-01,3585.6201,-0.0934,123114.3822,88446.4777,5 ans,12 mois
2022-10-01,3871.98,0.0799,132946.717,95510.1153,5 ans,12 mois
2022-11-01,4080.1101,0.0538,140092.9878,100644.0603,5 ans,12 mois
2022-12-01,3839.5,-0.059,131831.4978,94708.9317,5 ans,12 mois
2023-01-01,4076.6001,0.0618,139972.4695,100557.4789,5 ans,12 mois
2023-02-01,3970.1499,-0.0261,136317.4392,97931.6724,5 ans,12 mois
2023-03-01,4109.3101,0.0351,141095.5853,101364.3354,5 ans,12 mois
2023-04-01,4169.48,0.0146,143161.5551,102848.5467,5 ans,12 mois
2023-05-01,4179.8301,0.0025,143516.9318,103103.8525,5 ans,12 mois
2023-06-01,4450.3799,0.0647,152806.4189,109777.5035,5 ans,12 mois
2023-07-01,4588.96,0.0311,157564.6477,113195.8577,5 ans,12 mois
2023-08-01,4507.6602,-0.0177,154773.1709,111190.4357,5 ans,12 mois
2023-09-01,4288.0498,-0.0487,147232.7199,105773.3081,5 ans,12 mois
2023-10-01,4193.7998,-0.022,143996.5906,103448.4437,5 ans,12 mois
2023-11-01,4567.7998,0.0892,156838.1012,112673.9002,5 ans,12 mois
2023-12-01,4769.8301,0.0442,163774.9299,117657.3802,5 ans,12 mois
2024-01-01,4845.6499,0.0159,166378.2483,119527.6275,5 ans,12 mois
2024-02-01,5096.27,0.0517,174983.4379,125709.673,5 ans,12 mois
2024-03-01,5254.3501,0.031,180411.2106,129609.0337,5 ans,12 mois
2024-04-01,5035.6899,-0.0416,172903.3851,124215.3444,5 ans,12 mois
2024-05-01,5277.5098,0.048,181206.4115,130180.3131,5 ans,12 mois
2024-06-01,5460.48,0.0347,187488.8017,134693.6387,5 ans,12 mois
2024-07-01,5522.2998,0.0113,189611.4219,136218.5481,5 ans,12 mois
2024-08-01,5648.3999,0.0228,193941.1431,139329.0587,5 ans,12 mois
2024-09-01,5762.48,0.0202,197858.1499,142143.0715,5 ans,12 mois
2024-10-01,5705.4502,-0.0099,195899.9986,140736.318,5 ans,12 mois
2024-11-01,6032.3799,0.0573,207125.3223,148800.6914,5 ans,12 mois
2024-12-01,5881.6299,-0.025,201949.2321,145082.1417,5 ans,12 mois
2025-01-01,6040.5298,0.027,207405.154,149001.725,5 ans,12 mois
2025-02-01,5954.5,-0.0142,204451.2706,146879.6286,5 ans,12 mois
2025-03-01,5611.8501,-0.0575,192686.184,138427.4848,5 ans,12 mois
2025-04-01,5363.3599,-0.0443,184154.1252,132297.9771,5 ans,12 mois
2000-05-01,1420.6,-0.0219,97808.4949,4075.354,25 ans,24 mois
2000-06-01,1454.6,0.0239,100149.3994,8341.7437,25 ans,24 mois
2000-07-01,1430.83,-0.0163,98512.8304,12440.3218,25 ans,24 mois
2000-08-01,1517.6801,0.0607,104492.4711,16859.9014,25 ans,24 mois
2000-09-01,1436.51,-0.0535,98903.9029,20803.7223,25 ans,24 mois
2000-10-01,1429.4,-0.0049,98414.3795,24949.7661,25 ans,24 mois
2000-11-01,1314.95,-0.0801,90534.4769,28782.8136,25 ans,24 mois
2000-12-01,1320.28,0.0041,90901.4535,32966.3696,25 ans,24 mois
2001-01-01,1366.01,0.0346,94049.9686,37277.3553,25 ans,24 mois
2001-02-01,1239.9399,-0.0923,85370.0279,41059.4773,25 ans,24 mois
2001-03-01,1160.33,-0.0642,79888.8699,44958.6243,25 ans,24 mois
2001-04-01,1249.46,0.0768,86025.4824,49445.3508,25 ans,24 mois
2001-05-01,1255.8199,0.0051,86463.3683,53633.2266,25 ans,24 mois
2001-06-01,1224.38,-0.025,84298.7242,57695.5791,25 ans,24 mois
2001-07-01,1211.23,-0.0107,83393.3433,61817.4952,25 ans,24 mois
2001-08-01,1133.58,-0.0641,78047.1289,65717.0435,25 ans,24 mois
2001-09-01,1040.9399,-0.0817,71668.8517,69543.196,25 ans,24 mois
2001-10-01,1059.78,0.0181,72965.9942,73785.2756,25 ans,24 mois
2001-11-01,1139.45,0.0752,78451.2788,78265.1752,25 ans,24 mois
2001-12-01,1148.08,0.0076,79045.4558,82463.3995,25 ans,24 mois
2002-01-01,1130.2,-0.0156,77814.4151,86565.1752,25 ans,24 mois
2002-02-01,1106.73,-0.0208,76198.5045,90645.316,25 ans,24 mois
2002-03-01,1147.39,0.0367,78997.9532,94965.0614,25 ans,24 mois
2002-04-01,1076.92,-0.0614,74146.0865,98875.8213,25 ans,24 mois
2002-05-01,1067.14,-0.0091,73472.7302,97977.8823,25 ans,24 mois
2002-06-01,989.82,-0.0725,68149.2375,90878.8602,25 ans,24 mois
2002-07-01,911.62,-0.079,62765.1564,83699.0417,25 ans,24 mois
2002-08-01,916.07,0.0049,63071.5403,84107.613,25 ans,24 mois
2002-09-01,815.28,-0.11,56132.1371,74853.7302,25 ans,24 mois
2002-10-01,885.76,0.0864,60984.693,81324.7454,25 ans,24 mois
2002-11-01,936.31,0.0571,64465.0663,85965.9178,25 ans,24 mois
2002-12-01,879.82,-0.0603,60575.7231,80779.3729,25 ans,24 mois
2003-01-01,855.7,-0.0274,58915.0583,78564.8312,25 ans,24 mois
2003-02-01,841.15,-0.017,57913.2897,77228.9456,25 ans,24 mois
2003-03-01,848.18,0.0084,58397.3039,77874.3917,25 ans,24 mois
2003-04-01,916.92,0.081,63130.0613,84185.6523,25 ans,24 mois
2003-05-01,963.59,0.0509,66343.2999,88470.5933,25 ans,24 mois
2003-06-01,974.5,0.0113,67094.453,89472.2764,25 ans,24 mois
2003-07-01,990.31,0.0162,68182.9734,90923.8479,25 ans,24 mois
2003-08-01,1008.01,0.0179,69401.6216,92548.9484,25 ans,24 mois
2003-09-01,995.97,-0.0119,68572.6633,91443.51,25 ans,24 mois
2003-10-01,1050.71,0.055,72341.5188,96469.3813,25 ans,24 mois
2003-11-01,1058.2,0.0071,72857.2057,97157.0636,25 ans,24 mois
2003-12-01,1111.92,0.0508,76555.8411,102089.2945,25 ans,24 mois
2004-01-01,1131.13,0.0173,77878.4494,103853.0287,25 ans,24 mois
2004-02-01,1144.9399,0.0122,78829.2654,105120.9676,25 ans,24 mois
2004-03-01,1126.21,-0.0164,77539.7038,103401.3021,25 ans,24 mois
2004-04-01,1107.3,-0.0168,76237.7538,101665.1165,25 ans,24 mois
2004-05-01,1120.6801,0.0121,77158.9689,102893.5819,25 ans,24 mois
2004-06-01,1140.84,0.018,78546.9815,104744.5344,25 ans,24 mois
2004-07-01,1101.72,-0.0343,75853.5647,101152.7899,25 ans,24 mois
2004-08-01,1104.24,0.0023,76027.0684,101384.1617,25 ans,24 mois
2004-09-01,1114.58,0.0094,76738.9764,102333.5104,25 ans,24 mois
2004-10-01,1130.2,0.014,77814.4151,103767.6372,25 ans,24 mois
2004-11-01,1173.8199,0.0386,80817.6575,107772.5425,25 ans,24 mois
2004-12-01,1211.92,0.0325,83440.8542,111270.6466,25 ans,24 mois
2005-01-01,1181.27,-0.0253,81330.596,108456.56,25 ans,24 mois
2005-02-01,1203.6,0.0189,82868.0164,110506.7519,25 ans,24 mois
2005-03-01,1180.59,-0.0191,81283.7742,108394.1218,25 ans,24 mois
2005-04-01,1156.85,-0.0201,79649.2728,106214.4697,25 ans,24 mois
2005-05-01,1191.5,0.03,82034.9315,109395.8105,25 ans,24 mois
2005-06-01,1191.33,-0.0001,82023.224,109380.1982,25 ans,24 mois
2005-07-01,1234.1801,0.036,84973.4588,113314.4165,25 ans,24 mois
2005-08-01,1220.33,-0.0112,84019.8778,112042.7903,25 ans,24 mois
2005-09-01,1228.8101,0.0069,84603.734,112821.3783,25 ans,24 mois
2005-10-01,1207.01,-0.0177,83102.7977,110819.8391,25 ans,24 mois
2005-11-01,1249.48,0.0352,86026.8608,114719.1567,25 ans,24 mois
2005-12-01,1248.29,-0.001,85944.9332,114609.9039,25 ans,24 mois
2006-01-01,1280.08,0.0255,88133.6731,117528.6482,25 ans,24 mois
2006-02-01,1280.66,0.0005,88173.6116,117581.9072,25 ans,24 mois
2006-03-01,1294.87,0.0111,89151.9693,118886.5737,25 ans,24 mois
2006-04-01,1310.61,0.0122,90235.6697,120331.7177,25 ans,24 mois
2006-05-01,1270.09,-0.0309,87445.861,116611.432,25 ans,24 mois
2006-06-01,1270.2,0.0001,87453.4335,116621.5301,25 ans,24 mois
2006-07-01,1276.66,0.0051,87898.2111,117214.6531,25 ans,24 mois
2006-08-01,1303.8199,0.0213,89768.1746,119708.3003,25 ans,24 mois
2006-09-01,1335.85,0.0246,91973.4463,122649.09,25 ans,24 mois
2006-10-01,1377.9399,0.0315,94871.346,126513.518,25 ans,24 mois
2006-11-01,1400.63,0.0165,96433.5598,128596.7726,25 ans,24 mois
2006-12-01,1418.3,0.0126,97650.1447,130219.1216,25 ans,24 mois
2007-01-01,1438.24,0.0141,99023.0123,132049.8778,25 ans,24 mois
2007-02-01,1406.8199,-0.0218,96859.7381,129165.0929,25 ans,24 mois
2007-03-01,1420.86,0.01,97826.3966,130454.1584,25 ans,24 mois
2007-04-01,1482.37,0.0433,102061.3689,136101.6089,25 ans,24 mois
2007-05-01,1530.62,0.0325,105383.3877,140531.6113,25 ans,24 mois
2007-06-01,1503.35,-0.0178,103505.8433,138027.8548,25 ans,24 mois
2007-07-01,1455.27,-0.032,100195.532,133613.4648,25 ans,24 mois
2007-08-01,1473.99,0.0129,101484.4045,135332.2112,25 ans,24 mois
2007-09-01,1526.75,0.0358,105116.9381,140176.2935,25 ans,24 mois
2007-10-01,1549.38,0.0148,106675.0169,142254.0339,25 ans,24 mois
2007-11-01,1481.14,-0.044,101976.6846,135988.6801,25 ans,24 mois
2007-12-01,1468.36,-0.0086,101096.7779,134815.3006,25 ans,24 mois
2008-01-01,1378.55,-0.0612,94913.352,126569.5341,25 ans,24 mois
2008-02-01,1330.63,-0.0348,91614.0506,122169.8261,25 ans,24 mois
2008-03-01,1322.7,-0.006,91068.0654,121441.74,25 ans,24 mois
2008-04-01,1385.59,0.0475,95398.0512,127215.8937,25 ans,24 mois
2008-05-01,1400.38,0.0107,96416.3473,128573.8192,25 ans,24 mois
2008-06-01,1280.0,-0.086,88128.1682,117521.3071,25 ans,24 mois
2008-07-01,1267.38,-0.0099,87259.2798,116362.6209,25 ans,24 mois
2008-08-01,1282.83,0.0122,88323.011,117781.1353,25 ans,24 mois
2008-09-01,1166.36,-0.0908,80304.0382,107087.6172,25 ans,24 mois
2008-10-01,968.75,-0.1694,66698.5648,88944.3486,25 ans,24 mois
2008-11-01,896.24,-0.0748,61706.2411,82286.9493,25 ans,24 mois
2008-12-01,903.25,0.0078,62188.8812,82930.563,25 ans,24 mois
2009-01-01,825.88,-0.0857,56861.9468,75826.9513,25 ans,24 mois
2009-02-01,735.09,-0.1099,50611.0449,67491.2038,25 ans,24 mois
2009-03-01,797.87,0.0854,54933.454,73255.2537,25 ans,24 mois
2009-04-01,872.81,0.0939,60093.083,80135.7592,25 ans,24 mois
2009-05-01,919.14,0.0531,63282.9108,84389.4812,25 ans,24 mois
2009-06-01,919.32,0.0002,63295.3033,84406.007,25 ans,24 mois
2009-07-01,987.48,0.0741,67988.1264,90664.0141,25 ans,24 mois
2009-08-01,1020.62,0.0336,70269.8207,93706.7155,25 ans,24 mois
2009-09-01,1057.08,0.0357,72780.0938,97054.2329,25 ans,24 mois
2009-10-01,1036.1899,-0.0198,71341.8136,95136.2471,25 ans,24 mois
2009-11-01,1095.63,0.0574,75434.2698,100593.6487,25 ans,24 mois
2009-12-01,1115.1,0.0178,76774.7798,102381.2552,25 ans,24 mois
2010-01-01,1073.87,-0.037,73936.0902,98595.7855,25 ans,24 mois
2010-02-01,1104.49,0.0285,76044.2809,101407.1151,25 ans,24 mois
2010-03-01,1169.4301,0.0588,80515.4128,107369.491,25 ans,24 mois
2010-04-01,1186.6899,0.0148,81703.7584,108954.1821,25 ans,24 mois
2010-05-01,1089.41,-0.082,75006.024,100022.5713,25 ans,24 mois
2010-06-01,1030.71,-0.0539,70964.5162,94633.1108,25 ans,24 mois
2010-07-01,1101.6,0.0688,75845.303,101141.7727,25 ans,24 mois
2010-08-01,1049.33,-0.0474,72246.5053,96342.6781,25 ans,24 mois
2010-09-01,1141.2,0.0876,78571.7666,104777.5859,25 ans,24 mois
2010-10-01,1183.26,0.0369,81467.6071,108639.268,25 ans,24 mois
2010-11-01,1180.55,-0.0023,81281.0259,108390.4569,25 ans,24 mois
2010-12-01,1257.64,0.0653,86588.6802,115468.3581,25 ans,24 mois
2011-01-01,1286.12,0.0226,88549.5306,118083.2054,25 ans,24 mois
2011-02-01,1327.22,0.032,91379.2693,121856.7389,25 ans,24 mois
2011-03-01,1325.83,-0.001,91283.5666,121729.1168,25 ans,24 mois
2011-04-01,1363.61,0.0285,93884.7266,125197.8343,25 ans,24 mois
2011-05-01,1345.2,-0.0135,92617.1934,123507.5442,25 ans,24 mois
2011-06-01,1320.64,-0.0183,90926.2385,121252.61,25 ans,24 mois
2011-07-01,1292.28,-0.0215,88973.6498,118648.7798,25 ans,24 mois
2011-08-01,1218.89,-0.0568,83920.7376,111910.5842,25 ans,24 mois
2011-09-01,1131.42,-0.0718,77898.4187,103879.6582,25 ans,24 mois
2011-10-01,1253.3,0.1077,86289.873,115069.8906,25 ans,24 mois
2011-11-01,1246.96,-0.0051,85853.3571,114487.7848,25 ans,24 mois
2011-12-01,1257.6,0.0085,86585.9235,115464.682,25 ans,24 mois
2012-01-01,1312.41,0.0436,90359.6033,120496.9865,25 ans,24 mois
2012-02-01,1365.6801,0.0406,94027.2511,125387.8945,25 ans,24 mois
2012-03-01,1408.47,0.0313,96973.3425,129316.5875,25 ans,24 mois
2012-04-01,1397.91,-0.0075,96246.2895,128347.0425,25 ans,24 mois
2012-05-01,1310.33,-0.0627,90216.3896,120306.0072,25 ans,24 mois
2012-06-01,1362.16,0.0396,93784.8973,125064.7092,25 ans,24 mois
2012-07-01,1379.3199,0.0126,94966.3595,126640.2211,25 ans,24 mois
2012-08-01,1406.58,0.0198,96843.2148,129143.0586,25 ans,24 mois
2012-09-01,1440.67,0.0242,99190.3218,132272.9896,25 ans,24 mois
2012-10-01,1412.16,-0.0198,97227.4039,129655.3852,25 ans,24 mois
2012-11-01,1416.1801,0.0028,97504.1827,130024.4774,25 ans,24 mois
2012-12-01,1426.1899,0.0071,98193.3648,130943.5204,25 ans,24 mois
2013-01-01,1498.11,0.0504,103145.0693,137546.7529,25 ans,24 mois
2013-02-01,1514.6801,0.0111,104285.9207,139068.1092,25 ans,24 mois
2013-03-01,1569.1899,0.036,108038.9336,144072.8539,25 ans,24 mois
2013-04-01,1597.5699,0.0181,109992.9007,146678.5221,25 ans,24 mois
2013-05-01,1630.74,0.0208,112276.6626,149723.9806,25 ans,24 mois
2013-06-01,1606.28,-0.015,110592.591,147478.2255,25 ans,24 mois
2013-07-01,1685.73,0.0495,116062.7306,154772.8053,25 ans,24 mois
2013-08-01,1632.97,-0.0313,112430.197,149928.723,25 ans,24 mois
2013-09-01,1681.55,0.0297,115774.9418,154389.031,25 ans,24 mois
2013-10-01,1756.54,0.0446,120938.0124,161274.1261,25 ans,24 mois
2013-11-01,1805.8101,0.028,124330.2598,165797.7801,25 ans,24 mois
2013-12-01,1848.36,0.0236,127259.8278,169704.4387,25 ans,24 mois
2014-01-01,1782.59,-0.0356,122731.5533,163665.8616,25 ans,24 mois
2014-02-01,1859.45,0.0431,128023.3734,170722.6475,25 ans,24 mois
2014-03-01,1872.34,0.0069,128910.8526,171906.1251,25 ans,24 mois
2014-04-01,1883.95,0.0062,129710.2016,172972.0788,25 ans,24 mois
2014-05-01,1923.5699,0.021,132438.0435,176609.73,25 ans,24 mois
2014-06-01,1960.23,0.0191,134962.0917,179975.6168,25 ans,24 mois
2014-07-01,1930.67,-0.0151,132926.8862,177261.615,25 ans,24 mois
2014-08-01,2003.37,0.0377,137932.2873,183936.4535,25 ans,24 mois
2014-09-01,1972.29,-0.0155,135792.4283,181082.8933,25 ans,24 mois
2014-10-01,2018.05,0.0232,138943.011,185284.2809,25 ans,24 mois
2014-11-01,2067.5601,0.0245,142351.7816,189829.9692,25 ans,24 mois
2014-12-01,2058.8999,-0.0042,141755.5287,189034.8498,25 ans,24 mois
2015-01-01,1994.99,-0.031,137355.3229,183167.0557,25 ans,24 mois
2015-02-01,2104.5,0.0549,144895.1015,193221.5553,25 ans,24 mois
2015-03-01,2067.8899,-0.0174,142374.4908,189860.2525,25 ans,24 mois
2015-04-01,2085.51,0.0085,143587.6381,191478.0175,25 ans,24 mois
2015-05-01,2107.3899,0.0105,145094.0709,193486.8865,25 ans,24 mois
2015-06-01,2063.1101,-0.021,142045.4019,189421.4036,25 ans,24 mois
2015-07-01,2103.8401,0.0197,144849.6664,193160.9665,25 ans,24 mois
2015-08-01,1972.1801,-0.0626,135784.8558,181072.7951,25 ans,24 mois
2015-09-01,1920.03,-0.0264,132194.3197,176284.7178,25 ans,24 mois
2015-10-01,2079.3601,0.083,143164.2166,190913.3733,25 ans,24 mois
2015-11-01,2080.4099,0.0005,143236.4957,191009.7595,25 ans,24 mois
2015-12-01,2043.9399,-0.0175,140725.5335,187661.3231,25 ans,24 mois
2016-01-01,1940.24,-0.0507,133585.7782,178140.2654,25 ans,24 mois
2016-02-01,1932.23,-0.0041,133034.288,177404.8382,25 ans,24 mois
2016-03-01,2059.74,0.066,141813.3689,189111.9812,25 ans,24 mois
2016-04-01,2065.3,0.0027,142196.1797,189622.4698,25 ans,24 mois
2016-05-01,2096.95,0.0153,144375.2796,192528.3588,25 ans,24 mois
2016-06-01,2098.8601,0.0009,144506.7941,192703.7369,25 ans,24 mois
2016-07-01,2173.6001,0.0356,149652.6523,199565.8786,25 ans,24 mois
2016-08-01,2170.95,-0.0012,149470.1893,199322.5593,25 ans,24 mois
2016-09-01,2168.27,-0.0012,149285.6757,199076.5054,25 ans,24 mois
2016-10-01,2126.1499,-0.0194,146385.7001,195209.3091,25 ans,24 mois
2016-11-01,2198.8101,0.0342,151388.3614,201880.4939,25 ans,24 mois
2016-12-01,2238.8301,0.0182,154143.745,205554.8728,25 ans,24 mois
2017-01-01,2278.8701,0.0179,156900.5069,209231.0898,25 ans,24 mois
2017-02-01,2363.6399,0.0372,162736.9171,217014.1013,25 ans,24 mois
2017-03-01,2362.72,-0.0004,162673.5804,216929.6401,25 ans,24 mois
2017-04-01,2384.2,0.0091,164152.4798,218901.7927,25 ans,24 mois
2017-05-01,2411.8,0.0116,166052.7502,221435.8549,25 ans,24 mois
2017-06-01,2423.4099,0.0048,166852.0908,222501.7973,25 ans,24 mois
2017-07-01,2470.3,0.0193,170080.4829,226806.9459,25 ans,24 mois
2017-08-01,2471.6499,0.0005,170173.4205,226930.8807,25 ans,24 mois
2017-09-01,2519.3601,0.0193,173458.2744,231311.3226,25 ans,24 mois
2017-10-01,2575.26,0.0222,177306.99,236443.6895,25 ans,24 mois
2017-11-01,2647.5801,0.0281,182286.2362,243083.6496,25 ans,24 mois
2017-12-01,2673.6101,0.0098,184078.4071,245473.5582,25 ans,24 mois
2018-01-01,2823.8101,0.0562,194419.6935,259263.9446,25 ans,24 mois
2018-02-01,2713.8301,-0.0389,186847.5574,249166.2954,25 ans,24 mois
2018-03-01,2640.8701,-0.0269,181824.2545,242467.5844,25 ans,24 mois
2018-04-01,2648.05,0.0027,182318.5937,243126.7993,25 ans,24 mois
2018-05-01,2705.27,0.0216,186258.1962,248380.3662,25 ans,24 mois
2018-06-01,2718.3701,0.0048,187160.1397,249583.1323,25 ans,24 mois
2018-07-01,2816.29,0.036,193901.9392,258573.5052,25 ans,24 mois
2018-08-01,2901.52,0.0303,199770.0345,266398.7698,25 ans,24 mois
2018-09-01,2913.98,0.0043,200627.9045,267542.7627,25 ans,24 mois
2018-10-01,2711.74,-0.0694,186703.6546,248974.397,25 ans,24 mois
2018-11-01,2760.1699,0.0179,190038.0617,253420.9196,25 ans,24 mois
2018-12-01,2506.8501,-0.0918,172596.9585,230162.7345,25 ans,24 mois
2019-01-01,2704.1001,0.0787,186177.647,248272.9516,25 ans,24 mois
2019-02-01,2784.49,0.0297,191712.5016,255653.8307,25 ans,24 mois
2019-03-01,2834.3999,0.0179,195148.8056,260236.2355,25 ans,24 mois
2019-04-01,2945.8301,0.0393,202820.7879,270467.0323,25 ans,24 mois
2019-05-01,2752.0601,-0.0658,189479.6966,252676.3245,25 ans,24 mois
2019-06-01,2941.76,0.0689,202540.5631,270093.345,25 ans,24 mois
2019-07-01,2980.3799,0.0131,205199.5465,273639.1715,25 ans,24 mois
2019-08-01,2926.46,-0.0181,201487.1528,268688.5936,25 ans,24 mois
2019-09-01,2976.74,0.0172,204948.9394,273304.9802,25 ans,24 mois
2019-10-01,3037.5601,0.0204,209136.4091,278889.0848,25 ans,24 mois
2019-11-01,3140.98,0.034,216256.8843,288384.432,25 ans,24 mois
2019-12-01,3230.78,0.0286,222439.6294,296629.2907,25 ans,24 mois
2020-01-01,3225.52,-0.0016,222077.4771,296146.3506,25 ans,24 mois
2020-02-01,2954.22,-0.0841,203398.4331,271237.3379,25 ans,24 mois
2020-03-01,2584.5901,-0.1251,177949.3671,237300.3168,25 ans,24 mois
2020-04-01,2912.4299,0.1268,200521.1834,267400.4472,25 ans,24 mois
2020-05-01,3044.3101,0.0453,209601.1475,279508.8261,25 ans,24 mois
2020-06-01,3100.29,0.0184,213455.3765,284648.5452,25 ans,24 mois
2020-07-01,3271.1201,0.0551,225217.0498,300333.0562,25 ans,24 mois
2020-08-01,3500.3101,0.0701,240996.8074,321375.7917,25 ans,24 mois
2020-09-01,3363.0,-0.0392,231542.9918,308768.8717,25 ans,24 mois
2020-10-01,3269.96,-0.0277,225137.1729,300226.5381,25 ans,24 mois
2020-11-01,3621.6299,0.1075,249349.6932,332514.592,25 ans,24 mois
2020-12-01,3756.0701,0.0371,258605.9176,344858.0188,25 ans,24 mois
2021-01-01,3714.24,-0.0111,255725.9113,341017.452,25 ans,24 mois
2021-02-01,3811.1499,0.0261,262398.1714,349915.0923,25 ans,24 mois
2021-03-01,3972.8899,0.0424,273533.991,364765.0103,25 ans,24 mois
2021-04-01,4181.1699,0.0524,287874.0984,383887.9332,25 ans,24 mois
2021-05-01,4204.1099,0.0055,289453.5164,385994.13,25 ans,24 mois
2021-06-01,4297.5,0.0222,295883.4396,394568.6073,25 ans,24 mois
2021-07-01,4395.2598,0.0227,302614.2123,403544.2756,25 ans,24 mois
2021-08-01,4522.6802,0.029,311387.1242,415243.1921,25 ans,24 mois
2021-09-01,4307.54,-0.0476,296574.6976,395490.4186,25 ans,24 mois
2021-10-01,4605.3799,0.0691,317081.0099,422836.1434,25 ans,24 mois
2021-11-01,4567.0,-0.0083,314438.55,419312.3512,25 ans,24 mois
2021-12-01,4766.1802,0.0436,328152.1312,437599.7845,25 ans,24 mois
2022-01-01,4515.5498,-0.0526,310896.1972,414588.5276,25 ans,24 mois
2022-02-01,4373.9399,-0.0314,301146.3396,401586.8275,25 ans,24 mois
2022-03-01,4530.4102,0.0358,311919.3344,415952.9089,25 ans,24 mois
2022-04-01,4131.9302,-0.088,284483.9354,379367.0587,25 ans,24 mois
2022-05-01,4132.1499,0.0001,284499.0636,379387.2326,25 ans,24 mois
2022-06-01,3785.3799,-0.0839,260623.9022,347549.0561,25 ans,24 mois
2022-07-01,4130.29,0.0911,284371.0118,379216.472,25 ans,24 mois
2022-08-01,3955.0,-0.0424,272302.2696,363122.4763,25 ans,24 mois
2022-09-01,3585.6201,-0.0934,246870.4161,329208.4086,25 ans,24 mois
2022-10-01,3871.98,0.0799,266586.3303,355500.116,25 ans,24 mois
2022-11-01,4080.1101,0.0538,280916.1169,374609.2758,25 ans,24 mois
2022-12-01,3839.5,-0.059,264350.0794,352518.0146,25 ans,24 mois
2023-01-01,4076.6001,0.0618,280674.4523,374287.0094,25 ans,24 mois
2023-02-01,3970.1499,-0.0261,273345.3423,364513.4422,25 ans,24 mois
2023-03-01,4109.3101,0.0351,282926.5374,377290.2261,25 ans,24 mois
2023-04-01,4169.48,0.0146,287069.2444,382814.6385,25 ans,24 mois
2023-05-01,4179.8301,0.0025,287781.85,383764.9174,25 ans,24 mois
2023-06-01,4450.3799,0.0647,306409.2396,408605.0476,25 ans,24 mois
2023-07-01,4588.96,0.0311,315950.4962,421328.5726,25 ans,24 mois
2023-08-01,4507.6602,-0.0177,310352.9939,413864.1512,25 ans,24 mois
2023-09-01,4288.0498,-0.0487,295232.7924,393700.9516,25 ans,24 mois
2023-10-01,4193.7998,-0.022,288743.6675,385047.5272,25 ans,24 mois
2023-11-01,4567.7998,0.0892,314493.6166,419385.7841,25 ans,24 mois
2023-12-01,4769.8301,0.0442,328403.4275,437934.8949,25 ans,24 mois
2024-01-01,4845.6499,0.0159,333623.6323,444896.18,25 ans,24 mois
2024-02-01,5096.27,0.0517,350878.8603,467906.4954,25 ans,24 mois
2024-03-01,5254.3501,0.031,361762.6945,482420.384,25 ans,24 mois
2024-04-01,5035.6899,-0.0416,346707.914,462344.4251,25 ans,24 mois
2024-05-01,5277.5098,0.048,363357.2407,484546.7547,25 ans,24 mois
2024-06-01,5460.48,0.0347,375954.764,501345.8944,25 ans,24 mois
2024-07-01,5522.2998,0.0113,380211.067,507021.7901,25 ans,24 mois
2024-08-01,5648.3999,0.0228,388893.0753,518599.4841,25 ans,24 mois
2024-09-01,5762.48,0.0202,396747.5037,529073.5778,25 ans,24 mois
2024-10-01,5705.4502,-0.0099,392820.9955,523837.4724,25 ans,24 mois
2024-11-01,6032.3799,0.0573,415330.1474,553854.0382,25 ans,24 mois
2024-12-01,5881.6299,-0.025,404950.9901,540013.1498,25 ans,24 mois
2025-01-01,6040.5298,0.027,415891.2692,554602.3094,25 ans,24 mois
2025-02-01,5954.5,-0.0142,409968.1072,546703.6119,25 ans,24 mois
2025-03-01,5611.8501,-0.0575,386376.6164,515243.7178,25 ans,24 mois
2025-04-01,5363.3599,-0.0443,369268.0312,492428.9544,25 ans,24 mois
2005-05-01,1191.5,0.03,102995.2047,4291.4669,20 ans,24 mois
2005-06-01,1191.33,-0.0001,102980.5058,8457.5389,20 ans,24 mois
2005-07-01,1234.1801,0.036,106684.5382,12774.0734,20 ans,24 mois
2005-08-01,1220.33,-0.0112,105487.3131,16893.9813,20 ans,24 mois
2005-09-01,1228.8101,0.0069,106220.347,21089.6022,20 ans,24 mois
2005-10-01,1207.01,-0.0177,104335.9152,25182.349,20 ans,24 mois
2005-11-01,1249.48,0.0352,108007.0888,29495.6244,20 ans,24 mois
2005-12-01,1248.29,-0.001,107904.2283,33658.3229,20 ans,24 mois
2006-01-01,1280.08,0.0255,110652.2006,37931.1012,20 ans,24 mois
2006-02-01,1280.66,0.0005,110702.3435,42099.656,20 ans,24 mois
2006-03-01,1294.87,0.0111,111930.6758,46312.5552,20 ans,24 mois
2006-04-01,1310.61,0.0122,113291.2662,50529.8704,20 ans,24 mois
2006-05-01,1270.09,-0.0309,109788.6496,54567.7166,20 ans,24 mois
2006-06-01,1270.2,0.0001,109798.1569,58734.7441,20 ans,24 mois
2006-07-01,1276.66,0.0051,110356.577,62922.6019,20 ans,24 mois
2006-08-01,1303.8199,0.0213,112704.3241,67177.911,20 ans,24 mois
2006-09-01,1335.85,0.0246,115473.0521,71446.9373,20 ans,24 mois
2006-10-01,1377.9399,0.0315,119111.3775,75744.8873,20 ans,24 mois
2006-11-01,1400.63,0.0165,121072.7436,79980.165,20 ans,24 mois
2006-12-01,1418.3,0.0126,122600.171,84199.3975,20 ans,24 mois
2007-01-01,1438.24,0.0141,124323.8121,88424.6435,20 ans,24 mois
2007-02-01,1406.8199,-0.0218,121607.8122,92500.2844,20 ans,24 mois
2007-03-01,1420.86,0.01,122821.4561,96708.5343,20 ans,24 mois
2007-04-01,1482.37,0.0433,128138.4818,101055.5789,20 ans,24 mois
2007-05-01,1530.62,0.0325,132309.2905,104344.86,20 ans,24 mois
2007-06-01,1503.35,-0.0178,129952.0255,102485.8183,20 ans,24 mois
2007-07-01,1455.27,-0.032,125795.9157,99208.1294,20 ans,24 mois
2007-08-01,1473.99,0.0129,127414.1005,100484.3003,20 ans,24 mois
2007-09-01,1526.75,0.0358,131974.7618,104081.0362,20 ans,24 mois
2007-10-01,1549.38,0.0148,133930.9364,105623.7605,20 ans,24 mois
2007-11-01,1481.14,-0.044,128032.1603,100971.7291,20 ans,24 mois
2007-12-01,1468.36,-0.0086,126927.4337,100100.4937,20 ans,24 mois
2008-01-01,1378.55,-0.0612,119164.1162,93978.0039,20 ans,24 mois
2008-02-01,1330.63,-0.0348,115021.8294,90711.2164,20 ans,24 mois
2008-03-01,1322.7,-0.006,114336.3426,90170.6117,20 ans,24 mois
2008-04-01,1385.59,0.0475,119772.6581,94457.9265,20 ans,24 mois
2008-05-01,1400.38,0.0107,121051.1332,95466.1876,20 ans,24 mois
2008-06-01,1280.0,-0.086,110645.2891,87259.6864,20 ans,24 mois
2008-07-01,1267.38,-0.0099,109554.3961,86399.3608,20 ans,24 mois
2008-08-01,1282.83,0.0122,110889.9151,87452.6092,20 ans,24 mois
2008-09-01,1166.36,-0.0908,100822.0608,79512.6614,20 ans,24 mois
2008-10-01,968.75,-0.1694,83740.3311,66041.2666,20 ans,24 mois
2008-11-01,896.24,-0.0748,77472.4475,61098.141,20 ans,24 mois
2008-12-01,903.25,0.0078,78078.4042,61576.0248,20 ans,24 mois
2009-01-01,825.88,-0.0857,71390.4156,56301.5861,20 ans,24 mois
2009-02-01,735.09,-0.1099,63542.3817,50112.2854,20 ans,24 mois
2009-03-01,797.87,0.0854,68969.1846,54392.0981,20 ans,24 mois
2009-04-01,872.81,0.0939,75447.1207,59500.8802,20 ans,24 mois
2009-05-01,919.14,0.0531,79451.963,62659.273,20 ans,24 mois
2009-06-01,919.32,0.0002,79467.5219,62671.5434,20 ans,24 mois
2009-07-01,987.48,0.0741,85359.3812,67318.1199,20 ans,24 mois
2009-08-01,1020.62,0.0336,88224.0581,69577.3287,20 ans,24 mois
2009-09-01,1057.08,0.0357,91375.7167,72062.8637,20 ans,24 mois
2009-10-01,1036.1899,-0.0198,89569.9497,70638.7573,20 ans,24 mois
2009-11-01,1095.63,0.0574,94708.0458,74690.8833,20 ans,24 mois
2009-12-01,1115.1,0.0178,96391.0619,76018.183,20 ans,24 mois
2010-01-01,1073.87,-0.037,92827.0751,73207.468,20 ans,24 mois
2010-02-01,1104.49,0.0285,95473.9174,75294.883,20 ans,24 mois
2010-03-01,1169.4301,0.0588,101087.4425,79721.953,20 ans,24 mois
2010-04-01,1186.6899,0.0148,102579.4153,80898.5877,20 ans,24 mois
2010-05-01,1089.41,-0.082,94170.3814,74266.8578,20 ans,24 mois
2010-06-01,1030.71,-0.0539,89096.2513,70265.1781,20 ans,24 mois
2010-07-01,1101.6,0.0688,95224.0998,75097.866,20 ans,24 mois
2010-08-01,1049.33,-0.0474,90705.794,71534.5335,20 ans,24 mois
2010-09-01,1141.2,0.0876,98647.1863,77797.4609,20 ans,24 mois
2010-10-01,1183.26,0.0369,102282.9265,80664.7636,20 ans,24 mois
2010-11-01,1180.55,-0.0023,102048.673,80480.0212,20 ans,24 mois
2010-12-01,1257.64,0.0653,108712.4555,85735.3698,20 ans,24 mois
2011-01-01,1286.12,0.0226,111174.3115,87676.8965,20 ans,24 mois
2011-02-01,1327.22,0.032,114727.0604,90478.7488,20 ans,24 mois
2011-03-01,1325.83,-0.001,114606.9053,90383.9893,20 ans,24 mois
2011-04-01,1363.61,0.0285,117872.6727,92959.5154,20 ans,24 mois
2011-05-01,1345.2,-0.0135,116281.2793,91704.4734,20 ans,24 mois
2011-06-01,1320.64,-0.0183,114158.2783,90030.1825,20 ans,24 mois
2011-07-01,1292.28,-0.0215,111706.7949,88096.8361,20 ans,24 mois
2011-08-01,1218.89,-0.0568,105362.8422,83093.7191,20 ans,24 mois
2011-09-01,1131.42,-0.0718,97801.7952,77130.7487,20 ans,24 mois
2011-10-01,1253.3,0.1077,108337.3017,85439.5073,20 ans,24 mois
2011-11-01,1246.96,-0.0051,107789.2542,85007.2931,20 ans,24 mois
2011-12-01,1257.6,0.0085,108708.9944,85732.6403,20 ans,24 mois
2012-01-01,1312.41,0.0436,113446.8654,89469.1313,20 ans,24 mois
2012-02-01,1365.6801,0.0406,118051.6128,93100.6354,20 ans,24 mois
2012-03-01,1408.47,0.0313,121750.4431,96017.6938,20 ans,24 mois
2012-04-01,1397.91,-0.0075,120837.6249,95297.8057,20 ans,24 mois
2012-05-01,1310.33,-0.0627,113267.06,89327.329,20 ans,24 mois
2012-06-01,1362.16,0.0396,117747.3366,92860.6699,20 ans,24 mois
2012-07-01,1379.3199,0.0126,119230.6674,94030.4891,20 ans,24 mois
2012-08-01,1406.58,0.0198,121587.0671,95888.8484,20 ans,24 mois
2012-09-01,1440.67,0.0242,124533.8699,98212.8252,20 ans,24 mois
2012-10-01,1412.16,-0.0198,122069.4182,96269.2514,20 ans,24 mois
2012-11-01,1416.1801,0.0028,122416.9152,96543.3027,20 ans,24 mois
2012-12-01,1426.1899,0.0071,123282.1862,97225.693,20 ans,24 mois
2013-01-01,1498.11,0.0504,129499.0722,102128.5997,20 ans,24 mois
2013-02-01,1514.6801,0.0111,130931.416,103258.2082,20 ans,24 mois
2013-03-01,1569.1899,0.036,135643.3396,106974.2361,20 ans,24 mois
2013-04-01,1597.5699,0.0181,138096.5536,108908.9473,20 ans,24 mois
2013-05-01,1630.74,0.0208,140963.8263,111170.2033,20 ans,24 mois
2013-06-01,1606.28,-0.015,138849.4674,109502.7279,20 ans,24 mois
2013-07-01,1685.73,0.0495,145717.2508,114918.9606,20 ans,24 mois
2013-08-01,1632.97,-0.0313,141156.5895,111322.2247,20 ans,24 mois
2013-09-01,1681.55,0.0297,145355.9307,114634.0078,20 ans,24 mois
2013-10-01,1756.54,0.0446,151838.1878,119746.1977,20 ans,24 mois
2013-11-01,1805.8101,0.028,156097.1688,123105.0152,20 ans,24 mois
2013-12-01,1848.36,0.0236,159775.2539,126005.7131,20 ans,24 mois
2014-01-01,1782.59,-0.0356,154089.986,121522.0637,20 ans,24 mois
2014-02-01,1859.45,0.0431,160733.8886,126761.7341,20 ans,24 mois
2014-03-01,1872.34,0.0069,161848.1225,127640.4674,20 ans,24 mois
2014-04-01,1883.95,0.0062,162851.7086,128431.9391,20 ans,24 mois
2014-05-01,1923.5699,0.021,166276.5256,131132.8987,20 ans,24 mois
2014-06-01,1960.23,0.0191,169445.4788,133632.073,20 ans,24 mois
2014-07-01,1930.67,-0.0151,166890.2697,131616.924,20 ans,24 mois
2014-08-01,2003.37,0.0377,173174.5721,136572.9981,20 ans,24 mois
2014-09-01,1972.29,-0.0155,170487.97,134454.2269,20 ans,24 mois
2014-10-01,2018.05,0.0232,174443.5399,137573.7613,20 ans,24 mois
2014-11-01,2067.5601,0.0245,178723.266,140948.9394,20 ans,24 mois
2014-12-01,2058.8999,-0.0042,177974.6679,140358.5624,20 ans,24 mois
2015-01-01,1994.99,-0.031,172450.1908,136001.7195,20 ans,24 mois
2015-02-01,2104.5,0.0549,181916.4148,143467.1954,20 ans,24 mois
2015-03-01,2067.8899,-0.0174,178751.7773,140971.4247,20 ans,24 mois
2015-04-01,2085.51,0.0085,180274.889,142172.6168,20 ans,24 mois
2015-05-01,2107.3899,0.0105,182166.2218,143664.2041,20 ans,24 mois
2015-06-01,2063.1101,-0.021,178338.6049,140645.579,20 ans,24 mois
2015-07-01,2103.8401,0.0197,181859.3709,143422.2081,20 ans,24 mois
2015-08-01,1972.1801,-0.0626,170478.4627,134446.729,20 ans,24 mois
2015-09-01,1920.03,-0.0264,165970.5294,130891.5768,20 ans,24 mois
2015-10-01,2079.3601,0.083,179743.2814,141753.368,20 ans,24 mois
2015-11-01,2080.4099,0.0005,179834.0283,141824.9348,20 ans,24 mois
2015-12-01,2043.9399,-0.0175,176681.5045,139338.7175,20 ans,24 mois
2016-01-01,1940.24,-0.0507,167717.5114,132269.3228,20 ans,24 mois
2016-02-01,1932.23,-0.0041,167025.1131,131723.2674,20 ans,24 mois
2016-03-01,2059.74,0.066,178047.2865,140415.8326,20 ans,24 mois
2016-04-01,2065.3,0.0027,178527.907,140794.8708,20 ans,24 mois
2016-05-01,2096.95,0.0153,181263.7762,142952.4963,20 ans,24 mois
2016-06-01,2098.8601,0.0009,181428.8933,143082.7147,20 ans,24 mois
2016-07-01,2173.6001,0.0356,187889.54,148177.8617,20 ans,24 mois
2016-08-01,2170.95,-0.0012,187660.457,147997.1969,20 ans,24 mois
2016-09-01,2168.27,-0.0012,187428.7994,147814.5016,20 ans,24 mois
2016-10-01,2126.1499,-0.0194,183787.8677,144943.1045,20 ans,24 mois
2016-11-01,2198.8101,0.0342,190068.7302,149896.4658,20 ans,24 mois
2016-12-01,2238.8301,0.0182,193528.126,152624.6958,20 ans,24 mois
2017-01-01,2278.8701,0.0179,196989.2523,155354.2905,20 ans,24 mois
2017-02-01,2363.6399,0.0372,204316.89,161133.1843,20 ans,24 mois
2017-03-01,2362.72,-0.0004,204237.3705,161070.4717,20 ans,24 mois
2017-04-01,2384.2,0.0091,206094.1351,162534.797,20 ans,24 mois
2017-05-01,2411.8,0.0116,208479.9326,164416.3406,20 ans,24 mois
2017-06-01,2423.4099,0.0048,209483.5081,165207.804,20 ans,24 mois
2017-07-01,2470.3,0.0193,213536.768,168404.381,20 ans,24 mois
2017-08-01,2471.6499,0.0005,213653.4516,168496.4027,20 ans,24 mois
2017-09-01,2519.3601,0.0193,217777.5996,171748.8852,20 ans,24 mois
2017-10-01,2575.26,0.0222,222609.6784,175559.6726,20 ans,24 mois
2017-11-01,2647.5801,0.0281,228861.1431,180489.8496,20 ans,24 mois
2017-12-01,2673.6101,0.0098,231111.2213,182264.3591,20 ans,24 mois
2018-01-01,2823.8101,0.0562,244094.7502,192503.7346,20 ans,24 mois
2018-02-01,2713.8301,-0.0389,234587.9012,185006.2201,20 ans,24 mois
2018-03-01,2640.8701,-0.0269,228281.1231,180032.4206,20 ans,24 mois
2018-04-01,2648.05,0.0027,228901.7681,180521.8882,20 ans,24 mois
2018-05-01,2705.27,0.0216,233847.9558,184422.6669,20 ans,24 mois
2018-06-01,2718.3701,0.0048,234980.3496,185315.7219,20 ans,24 mois
2018-07-01,2816.29,0.036,243444.7075,191991.0826,20 ans,24 mois
2018-08-01,2901.52,0.0303,250812.1261,197801.3493,20 ans,24 mois
2018-09-01,2913.98,0.0043,251889.1855,198650.7652,20 ans,24 mois
2018-10-01,2711.74,-0.0694,234407.2306,184863.7354,20 ans,24 mois
2018-11-01,2760.1699,0.0179,238593.593,188165.2827,20 ans,24 mois
2018-12-01,2506.8501,-0.0918,216696.2139,170896.0574,20 ans,24 mois
2019-01-01,2704.1001,0.0787,233746.8258,184342.9114,20 ans,24 mois
2019-02-01,2784.49,0.0297,240695.8594,189823.2215,20 ans,24 mois
2019-03-01,2834.3999,0.0179,245010.1536,193225.6615,20 ans,24 mois
2019-04-01,2945.8301,0.0393,254642.3599,200822.0382,20 ans,24 mois
2019-05-01,2752.0601,-0.0658,237892.5631,187612.4201,20 ans,24 mois
2019-06-01,2941.76,0.0689,254290.5365,200544.575,20 ans,24 mois
2019-07-01,2980.3799,0.0131,257628.9014,203177.3547,20 ans,24 mois
2019-08-01,2926.46,-0.0181,252967.9753,199501.5458,20 ans,24 mois
2019-09-01,2976.74,0.0172,257314.2631,202929.2173,20 ans,24 mois
2019-10-01,3037.5601,0.0204,262571.6491,207075.4205,20 ans,24 mois
2019-11-01,3140.98,0.034,271511.4359,214125.7252,20 ans,24 mois
2019-12-01,3230.78,0.0286,279273.8987,220247.5409,20 ans,24 mois
2020-01-01,3225.52,-0.0016,278819.2149,219888.9574,20 ans,24 mois
2020-02-01,2954.22,-0.0841,255367.5959,201393.9909,20 ans,24 mois
2020-03-01,2584.5901,-0.1251,223416.1855,176195.7193,20 ans,24 mois
2020-04-01,2912.4299,0.1268,251755.1967,198545.0958,20 ans,24 mois
2020-05-01,3044.3101,0.0453,263155.1301,207535.579,20 ans,24 mois
2020-06-01,3100.29,0.0184,267994.131,211351.8255,20 ans,24 mois
2020-07-01,3271.1201,0.0551,282760.9618,222997.5904,20 ans,24 mois
2020-08-01,3500.3101,0.0701,302572.5144,238621.8423,20 ans,24 mois
2020-09-01,3363.0,-0.0392,290703.2088,229261.1918,20 ans,24 mois
2020-10-01,3269.96,-0.0277,282660.676,222918.5007,20 ans,24 mois
2020-11-01,3621.6299,0.1075,313059.598,246892.4125,20 ans,24 mois
2020-12-01,3756.0701,0.0371,324680.827,256057.4191,20 ans,24 mois
2021-01-01,3714.24,-0.0111,321064.9668,253205.7945,20 ans,24 mois
2021-02-01,3811.1499,0.0261,329442.0178,259812.3012,20 ans,24 mois
2021-03-01,3972.8899,0.0424,343423.0865,270838.3799,20 ans,24 mois
2021-04-01,4181.1699,0.0524,361427.1522,285037.169,20 ans,24 mois
2021-05-01,4204.1099,0.0055,363410.1182,286601.0222,20 ans,24 mois
2021-06-01,4297.5,0.0222,371482.914,292967.5801,20 ans,24 mois
2021-07-01,4395.2598,0.0227,379933.4277,299632.0227,20 ans,24 mois
2021-08-01,4522.6802,0.029,390947.8559,308318.4797,20 ans,24 mois
2021-09-01,4307.54,-0.0476,372350.7914,293652.0259,20 ans,24 mois
2021-10-01,4605.3799,0.0691,398096.5536,313956.2535,20 ans,24 mois
2021-11-01,4567.0,-0.0083,394778.9339,311339.8344,20 ans,24 mois
2021-12-01,4766.1802,0.0436,411996.3933,324918.2716,20 ans,24 mois
2022-01-01,4515.5498,-0.0526,390331.495,307832.3907,20 ans,24 mois
2022-02-01,4373.9399,-0.0314,378090.5073,298178.6155,20 ans,24 mois
2022-03-01,4530.4102,0.0358,391616.048,308845.4451,20 ans,24 mois
2022-04-01,4131.9302,-0.088,357170.7882,281680.4153,20 ans,24 mois
2022-05-01,4132.1499,0.0001,357189.7817,281695.3944,20 ans,24 mois
2022-06-01,3785.3799,-0.0839,327214.4152,258055.5169,20 ans,24 mois
2022-07-01,4130.29,0.0911,357029.0121,281568.6045,20 ans,24 mois
2022-08-01,3955.0,-0.0424,341876.655,269618.7968,20 ans,24 mois
2022-09-01,3585.6201,-0.0934,309946.8551,244437.5681,20 ans,24 mois
2022-10-01,3871.98,0.0799,334700.269,263959.1867,20 ans,24 mois
2022-11-01,4080.1101,0.0538,352691.3769,278147.7567,20 ans,24 mois
2022-12-01,3839.5,-0.059,331892.6465,261744.9735,20 ans,24 mois
2023-01-01,4076.6001,0.0618,352387.9659,277908.4737,20 ans,24 mois
2023-02-01,3970.1499,-0.0261,343186.2373,270651.5903,20 ans,24 mois
2023-03-01,4109.3101,0.0351,355215.4683,280138.365,20 ans,24 mois
2023-04-01,4169.48,0.0146,360416.6546,284240.2467,20 ans,24 mois
2023-05-01,4179.8301,0.0025,361311.3339,284945.8297,20 ans,24 mois
2023-06-01,4450.3799,0.0647,384698.1006,303389.6509,20 ans,24 mois
2023-07-01,4588.96,0.0311,396677.1887,312836.8807,20 ans,24 mois
2023-08-01,4507.6602,-0.0177,389649.5009,307294.5405,20 ans,24 mois
2023-09-01,4288.0498,-0.0487,370666.0237,292323.3449,20 ans,24 mois
2023-10-01,4193.7998,-0.022,362518.8999,285898.1687,20 ans,24 mois
2023-11-01,4567.7998,0.0892,394848.0703,311394.3584,20 ans,24 mois
2023-12-01,4769.8301,0.0442,412311.8969,325167.0914,20 ans,24 mois
2024-01-01,4845.6499,0.0159,418865.8862,330335.8524,20 ans,24 mois
2024-02-01,5096.27,0.0517,440529.8982,347421.0343,20 ans,24 mois
2024-03-01,5254.3501,0.031,454194.5981,358197.6109,20 ans,24 mois
2024-04-01,5035.6899,-0.0416,435293.2574,343291.1917,20 ans,24 mois
2024-05-01,5277.5098,0.048,456196.5576,359776.4432,20 ans,24 mois
2024-06-01,5460.48,0.0347,472012.8016,372249.821,20 ans,24 mois
2024-07-01,5522.2998,0.0113,477356.6081,376464.1792,20 ans,24 mois
2024-08-01,5648.3999,0.0228,488256.9064,385060.6284,20 ans,24 mois
2024-09-01,5762.48,0.0202,498118.1745,392837.6533,20 ans,24 mois
2024-10-01,5705.4502,-0.0099,493188.4268,388949.8399,20 ans,24 mois
2024-11-01,6032.3799,0.0573,521448.7626,411237.1696,20 ans,24 mois
2024-12-01,5881.6299,-0.025,508417.6866,400960.2964,20 ans,24 mois
2025-01-01,6040.5298,0.027,522153.2535,411792.7617,20 ans,24 mois
2025-02-01,5954.5,-0.0142,514716.6984,405927.971,20 ans,24 mois
2025-03-01,5611.8501,-0.0575,485097.4816,382568.9687,20 ans,24 mois
2025-04-01,5363.3599,-0.0443,463617.5802,365628.9843,20 ans,24 mois
2010-05-01,1089.41,-0.082,91802.4158,3825.1007,15 ans,24 mois
2010-06-01,1030.71,-0.0539,86855.8774,7767.2571,15 ans,24 mois
2010-07-01,1101.6,0.0688,92829.6379,12220.4982,15 ans,24 mois
2010-08-01,1049.33,-0.0474,88424.9474,16189.4599,15 ans,24 mois
2010-09-01,1141.2,0.0876,96166.649,20720.9229,15 ans,24 mois
2010-10-01,1183.26,0.0369,99710.9665,25041.1562,15 ans,24 mois
2010-11-01,1180.55,-0.0023,99482.6035,29198.2801,15 ans,24 mois
2010-12-01,1257.64,0.0653,105978.8215,33637.0303,15 ans,24 mois
2011-01-01,1286.12,0.0226,108378.7728,37898.0535,15 ans,24 mois
2011-02-01,1327.22,0.032,111842.1859,42197.8725,15 ans,24 mois
2011-03-01,1325.83,-0.001,111725.0522,46360.1754,15 ans,24 mois
2011-04-01,1363.61,0.0285,114908.7001,50645.5728,15 ans,24 mois
2011-05-01,1345.2,-0.0135,113357.3231,54755.9855,15 ans,24 mois
2011-06-01,1320.64,-0.0183,111287.7061,58846.5794,15 ans,24 mois
2011-07-01,1292.28,-0.0215,108897.8666,62923.7693,15 ans,24 mois
2011-08-01,1218.89,-0.0568,102713.4361,66853.8064,15 ans,24 mois
2011-09-01,1131.42,-0.0718,95342.5157,70721.4647,15 ans,24 mois
2011-10-01,1253.3,0.1077,105613.1012,75336.9774,15 ans,24 mois
2011-11-01,1246.96,-0.0051,105078.8346,79482.5661,15 ans,24 mois
2011-12-01,1257.6,0.0085,105975.4475,83684.7859,15 ans,24 mois
2012-01-01,1312.41,0.0436,110594.1821,88033.0487,15 ans,24 mois
2012-02-01,1365.6801,0.0406,115083.1406,92368.8381,15 ans,24 mois
2012-03-01,1408.47,0.0313,118688.9618,96666.0561,15 ans,24 mois
2012-04-01,1397.91,-0.0075,117799.0969,100801.4834,15 ans,24 mois
2012-05-01,1310.33,-0.0627,110418.898,94486.1973,15 ans,24 mois
2012-06-01,1362.16,0.0396,114786.5156,98223.5972,15 ans,24 mois
2012-07-01,1379.3199,0.0126,116232.5472,99460.9762,15 ans,24 mois
2012-08-01,1406.58,0.0198,118529.694,101426.6602,15 ans,24 mois
2012-09-01,1440.67,0.0242,121402.3979,103884.8524,15 ans,24 mois
2012-10-01,1412.16,-0.0198,118999.9161,101829.0325,15 ans,24 mois
2012-11-01,1416.1801,0.0028,119338.6751,102118.9109,15 ans,24 mois
2012-12-01,1426.1899,0.0071,120182.1884,102840.7109,15 ans,24 mois
2013-01-01,1498.11,0.0504,126242.7474,108026.7722,15 ans,24 mois
2013-02-01,1514.6801,0.0111,127639.0741,109221.6184,15 ans,24 mois
2013-03-01,1569.1899,0.036,132232.5139,113152.2558,15 ans,24 mois
2013-04-01,1597.5699,0.0181,134624.0404,115198.7013,15 ans,24 mois
2013-05-01,1630.74,0.0208,137419.214,117590.5502,15 ans,24 mois
2013-06-01,1606.28,-0.015,135358.0218,115826.7741,15 ans,24 mois
2013-07-01,1685.73,0.0495,142053.1111,121555.8072,15 ans,24 mois
2013-08-01,1632.97,-0.0313,137607.13,117751.3512,15 ans,24 mois
2013-09-01,1681.55,0.0297,141700.8765,121254.3978,15 ans,24 mois
2013-10-01,1756.54,0.0446,148020.1338,126661.8289,15 ans,24 mois
2013-11-01,1805.8101,0.028,152172.0203,130214.6263,15 ans,24 mois
2013-12-01,1848.36,0.0236,155757.618,133282.8464,15 ans,24 mois
2014-01-01,1782.59,-0.0356,150215.3093,128540.2554,15 ans,24 mois
2014-02-01,1859.45,0.0431,156692.1473,134082.5295,15 ans,24 mois
2014-03-01,1872.34,0.0069,157778.3632,135012.0118,15 ans,24 mois
2014-04-01,1883.95,0.0062,158756.7136,135849.1928,15 ans,24 mois
2014-05-01,1923.5699,0.021,162095.4117,138706.1394,15 ans,24 mois
2014-06-01,1960.23,0.0191,165184.6798,141349.647,15 ans,24 mois
2014-07-01,1930.67,-0.0151,162693.7228,139218.1182,15 ans,24 mois
2014-08-01,2003.37,0.0377,168820.003,144460.4176,15 ans,24 mois
2014-09-01,1972.29,-0.0155,166200.957,142219.2822,15 ans,24 mois
2014-10-01,2018.05,0.0232,170057.062,145518.9773,15 ans,24 mois
2014-11-01,2067.5601,0.0245,174229.172,149089.08,15 ans,24 mois
2014-12-01,2058.8999,-0.0042,173499.3978,148464.6073,15 ans,24 mois
2015-01-01,1994.99,-0.031,168113.8367,143856.1463,15 ans,24 mois
2015-02-01,2104.5,0.0549,177342.0273,151752.7714,15 ans,24 mois
2015-03-01,2067.8899,-0.0174,174256.9664,149112.8639,15 ans,24 mois
2015-04-01,2085.51,0.0085,175741.7786,150383.4277,15 ans,24 mois
2015-05-01,2107.3899,0.0105,177585.5528,151961.1578,15 ans,24 mois
2015-06-01,2063.1101,-0.021,173854.1834,148768.1998,15 ans,24 mois
2015-07-01,2103.8401,0.0197,177286.4178,151705.186,15 ans,24 mois
2015-08-01,1972.1801,-0.0626,166191.6887,142211.3513,15 ans,24 mois
2015-09-01,1920.03,-0.0264,161797.11,138450.8805,15 ans,24 mois
2015-10-01,2079.3601,0.083,175223.5386,149939.9662,15 ans,24 mois
2015-11-01,2080.4099,0.0005,175312.0035,150015.6663,15 ans,24 mois
2015-12-01,2043.9399,-0.0175,172238.7517,147385.8639,15 ans,24 mois
2016-01-01,1940.24,-0.0507,163500.1631,139908.1946,15 ans,24 mois
2016-02-01,1932.23,-0.0041,162825.1756,139330.6032,15 ans,24 mois
2016-03-01,2059.74,0.066,173570.1904,148525.185,15 ans,24 mois
2016-04-01,2065.3,0.0027,174038.7254,148926.1136,15 ans,24 mois
2016-05-01,2096.95,0.0153,176705.7997,151208.3471,15 ans,24 mois
2016-06-01,2098.8601,0.0009,176866.7648,151346.086,15 ans,24 mois
2016-07-01,2173.6001,0.0356,183164.955,156735.49,15 ans,24 mois
2016-08-01,2170.95,-0.0012,182941.6325,156544.3913,15 ans,24 mois
2016-09-01,2168.27,-0.0012,182715.8,156351.1449,15 ans,24 mois
2016-10-01,2126.1499,-0.0194,179166.4215,153313.9178,15 ans,24 mois
2016-11-01,2198.8101,0.0342,185289.3483,158553.3476,15 ans,24 mois
2016-12-01,2238.8301,0.0182,188661.7557,161439.1394,15 ans,24 mois
2017-01-01,2278.8701,0.0179,192035.8501,164326.3748,15 ans,24 mois
2017-02-01,2363.6399,0.0372,199179.2304,170439.0136,15 ans,24 mois
2017-03-01,2362.72,-0.0004,199101.7104,170372.6793,15 ans,24 mois
2017-04-01,2384.2,0.0091,200911.7856,171921.5729,15 ans,24 mois
2017-05-01,2411.8,0.0116,203237.5909,173911.7802,15 ans,24 mois
2017-06-01,2423.4099,0.0048,204215.931,174748.9524,15 ans,24 mois
2017-07-01,2470.3,0.0193,208167.2695,178130.1395,15 ans,24 mois
2017-08-01,2471.6499,0.0005,208281.019,178227.4757,15 ans,24 mois
2017-09-01,2519.3601,0.0193,212301.463,181667.7968,15 ans,24 mois
2017-10-01,2575.26,0.0222,217012.0366,185698.6664,15 ans,24 mois
2017-11-01,2647.5801,0.0281,223106.3048,190913.5729,15 ans,24 mois
2017-12-01,2673.6101,0.0098,225299.8036,192790.5647,15 ans,24 mois
2018-01-01,2823.8101,0.0562,237956.8546,203621.2888,15 ans,24 mois
2018-02-01,2713.8301,-0.0389,228689.0605,195690.7747,15 ans,24 mois
2018-03-01,2640.8701,-0.0269,222540.8698,190429.7263,15 ans,24 mois
2018-04-01,2648.05,0.0027,223145.9083,190947.4619,15 ans,24 mois
2018-05-01,2705.27,0.0216,227967.7214,195073.52,15 ans,24 mois
2018-06-01,2718.3701,0.0048,229071.6406,196018.151,15 ans,24 mois
2018-07-01,2816.29,0.036,237323.1575,203079.0299,15 ans,24 mois
2018-08-01,2901.52,0.0303,244505.3184,209224.8535,15 ans,24 mois
2018-09-01,2913.98,0.0043,245555.2945,210123.3251,15 ans,24 mois
2018-10-01,2711.74,-0.0694,228512.933,195540.0612,15 ans,24 mois
2018-11-01,2760.1699,0.0179,232594.0269,199032.2809,15 ans,24 mois
2018-12-01,2506.8501,-0.0918,211247.2694,180765.7162,15 ans,24 mois
2019-01-01,2704.1001,0.0787,227869.1344,194989.1584,15 ans,24 mois
2019-02-01,2784.49,0.0297,234643.4307,200785.9695,15 ans,24 mois
2019-03-01,2834.3999,0.0179,238849.2397,204384.9087,15 ans,24 mois
2019-04-01,2945.8301,0.0393,248239.2389,212419.9945,15 ans,24 mois
2019-05-01,2752.0601,-0.0658,231910.6249,198447.4891,15 ans,24 mois
2019-06-01,2941.76,0.0689,247896.2623,212126.5071,15 ans,24 mois
2019-07-01,2980.3799,0.0131,251150.6821,214911.3362,15 ans,24 mois
2019-08-01,2926.46,-0.0181,246606.9576,211023.2404,15 ans,24 mois
2019-09-01,2976.74,0.0172,250843.9556,214648.8682,15 ans,24 mois
2019-10-01,3037.5601,0.0204,255969.1418,219034.5246,15 ans,24 mois
2019-11-01,3140.98,0.034,264684.1328,226492.0013,15 ans,24 mois
2019-12-01,3230.78,0.0286,272251.4042,232967.3667,15 ans,24 mois
2020-01-01,3225.52,-0.0016,271808.1537,232588.0742,15 ans,24 mois
2020-02-01,2954.22,-0.0841,248946.2384,213024.9787,15 ans,24 mois
2020-03-01,2584.5901,-0.1251,217798.2637,186371.4463,15 ans,24 mois
2020-04-01,2912.4299,0.1268,245424.675,210011.5531,15 ans,24 mois
2020-05-01,3044.3101,0.0453,256537.9508,219521.2584,15 ans,24 mois
2020-06-01,3100.29,0.0184,261255.2724,223557.9023,15 ans,24 mois
2020-07-01,3271.1201,0.0551,275650.7832,235876.2382,15 ans,24 mois
2020-08-01,3500.3101,0.0701,294964.1635,252402.8282,15 ans,24 mois
2020-09-01,3363.0,-0.0392,283393.3181,242501.5776,15 ans,24 mois
2020-10-01,3269.96,-0.0277,275553.0191,235792.5808,15 ans,24 mois
2020-11-01,3621.6299,0.1075,305187.5436,261151.0438,15 ans,24 mois
2020-12-01,3756.0701,0.0371,316516.5506,270845.3515,15 ans,24 mois
2021-01-01,3714.24,-0.0111,312991.6131,267829.0387,15 ans,24 mois
2021-02-01,3811.1499,0.0261,321158.0186,274817.0871,15 ans,24 mois
2021-03-01,3972.8899,0.0424,334787.5257,286479.9485,15 ans,24 mois
2021-04-01,4181.1699,0.0524,352338.8693,301498.7518,15 ans,24 mois
2021-05-01,4204.1099,0.0055,354271.9725,303152.9213,15 ans,24 mois
2021-06-01,4297.5,0.0222,362141.7735,309887.1632,15 ans,24 mois
2021-07-01,4395.2598,0.0227,370379.7944,316936.4934,15 ans,24 mois
2021-08-01,4522.6802,0.029,381117.2589,326124.6142,15 ans,24 mois
2021-09-01,4307.54,-0.0476,362987.8276,310611.1374,15 ans,24 mois
2021-10-01,4605.3799,0.0691,388086.1986,332087.9831,15 ans,24 mois
2021-11-01,4567.0,-0.0083,384852.0022,329320.4594,15 ans,24 mois
2021-12-01,4766.1802,0.0436,401636.5193,343683.0841,15 ans,24 mois
2022-01-01,4515.5498,-0.0526,380516.3967,325610.4524,15 ans,24 mois
2022-02-01,4373.9399,-0.0314,368583.2153,315399.1484,15 ans,24 mois
2022-03-01,4530.4102,0.0358,381768.6489,326682.0131,15 ans,24 mois
2022-04-01,4131.9302,-0.088,348189.5339,297948.1374,15 ans,24 mois
2022-05-01,4132.1499,0.0001,348208.0498,297963.9816,15 ans,24 mois
2022-06-01,3785.3799,-0.0839,318986.4303,272958.8443,15 ans,24 mois
2022-07-01,4130.29,0.0911,348051.3228,297829.8693,15 ans,24 mois
2022-08-01,3955.0,-0.0424,333279.9801,285189.9315,15 ans,24 mois
2022-09-01,3585.6201,-0.0934,302153.0723,258554.4262,15 ans,24 mois
2022-10-01,3871.98,0.0799,326284.0482,279203.4653,15 ans,24 mois
2022-11-01,4080.1101,0.0538,343822.7599,294211.4594,15 ans,24 mois
2022-12-01,3839.5,-0.059,323547.0249,276861.3759,15 ans,24 mois
2023-01-01,4076.6001,0.0618,343526.9783,293958.3571,15 ans,24 mois
2023-02-01,3970.1499,-0.0261,334556.6322,286282.3713,15 ans,24 mois
2023-03-01,4109.3101,0.0351,346283.3816,296317.0301,15 ans,24 mois
2023-04-01,4169.48,0.0146,351353.7812,300655.8053,15 ans,24 mois
2023-05-01,4179.8301,0.0025,352225.9634,301402.1374,15 ans,24 mois
2023-06-01,4450.3799,0.0647,375024.657,320911.1337,15 ans,24 mois
2023-07-01,4588.96,0.0311,386702.5245,330903.9638,15 ans,24 mois
2023-08-01,4507.6602,-0.0177,379851.5517,325041.5401,15 ans,24 mois
2023-09-01,4288.0498,-0.0487,361345.4244,309205.7218,15 ans,24 mois
2023-10-01,4193.7998,-0.022,353403.1644,302409.4763,15 ans,24 mois
2023-11-01,4567.7998,0.0892,384919.4002,329378.1323,15 ans,24 mois
2023-12-01,4769.8301,0.0442,401944.0893,343946.2738,15 ans,24 mois
2024-01-01,4845.6499,0.0159,408333.275,349413.5432,15 ans,24 mois
2024-02-01,5096.27,0.0517,429452.5336,367485.4355,15 ans,24 mois
2024-03-01,5254.3501,0.031,442773.6272,378884.3854,15 ans,24 mois
2024-04-01,5035.6899,-0.0416,424347.571,363117.0845,15 ans,24 mois
2024-05-01,5277.5098,0.048,444725.2464,380554.3991,15 ans,24 mois
2024-06-01,5460.48,0.0347,460143.7823,393748.1445,15 ans,24 mois
2024-07-01,5522.2998,0.0113,465353.2159,398205.892,15 ans,24 mois
2024-08-01,5648.3999,0.0228,475979.4202,407298.8068,15 ans,24 mois
2024-09-01,5762.48,0.0202,485592.7214,415524.9736,15 ans,24 mois
2024-10-01,5705.4502,-0.0099,480786.9348,411412.6296,15 ans,24 mois
2024-11-01,6032.3799,0.0573,508336.6491,434987.1063,15 ans,24 mois
2024-12-01,5881.6299,-0.025,495633.2465,424116.7189,15 ans,24 mois
2025-01-01,6040.5298,0.027,509023.4251,435574.7852,15 ans,24 mois
2025-02-01,5954.5,-0.0142,501773.8663,429371.2887,15 ans,24 mois
2025-03-01,5611.8501,-0.0575,472899.4409,404663.2477,15 ans,24 mois
2025-04-01,5363.3599,-0.0443,451959.6633,386744.9385,15 ans,24 mois
2015-05-01,2107.3899,0.0105,101049.1382,4210.3808,10 ans,24 mois
2015-06-01,2063.1101,-0.021,98925.9269,8289.4988,10 ans,24 mois
2015-07-01,2103.8401,0.0197,100878.9254,12538.4239,10 ans,24 mois
2015-08-01,1972.1801,-0.0626,94565.8397,16444.3372,10 ans,24 mois
2015-09-01,1920.03,-0.0264,92065.2512,20500.8254,10 ans,24 mois
2015-10-01,2079.3601,0.083,99705.1128,25013.255,10 ans,24 mois
2015-11-01,2080.4099,0.0005,99755.4508,29182.0253,10 ans,24 mois
2015-12-01,2043.9399,-0.0175,98006.7193,33275.6496,10 ans,24 mois
2016-01-01,1940.24,-0.0507,93034.3168,37230.919,10 ans,24 mois
2016-02-01,1932.23,-0.0041,92650.2377,41380.3842,10 ans,24 mois
2016-03-01,2059.74,0.066,98764.3301,45822.0139,10 ans,24 mois
2016-04-01,2065.3,0.0027,99030.9344,49999.928,10 ans,24 mois
2016-05-01,2096.95,0.0153,100548.5441,54230.4472,10 ans,24 mois
2016-06-01,2098.8601,0.0009,100640.1359,58400.9094,10 ans,24 mois
2016-07-01,2173.6001,0.0356,104223.9111,62715.9502,10 ans,24 mois
2016-08-01,2170.95,-0.0012,104096.8368,66877.5367,10 ans,24 mois
2016-09-01,2168.27,-0.0012,103968.3343,71039.0598,10 ans,24 mois
2016-10-01,2126.1499,-0.0194,101948.6789,75124.7861,10 ans,24 mois
2016-11-01,2198.8101,0.0342,105432.7262,79433.8466,10 ans,24 mois
2016-12-01,2238.8301,0.0182,107351.6822,83676.3498,10 ans,24 mois
2017-01-01,2278.8701,0.0179,109271.5981,87917.5347,10 ans,24 mois
2017-02-01,2363.6399,0.0372,113336.3005,92239.1937,10 ans,24 mois
2017-03-01,2362.72,-0.0004,113292.1904,96404.2387,10 ans,24 mois
2017-04-01,2384.2,0.0091,114322.1533,100608.7854,10 ans,24 mois
2017-05-01,2411.8,0.0116,115645.5753,101773.4579,10 ans,24 mois
2017-06-01,2423.4099,0.0048,116202.2671,102263.3725,10 ans,24 mois
2017-07-01,2470.3,0.0193,118450.6446,104242.0487,10 ans,24 mois
2017-08-01,2471.6499,0.0005,118515.3699,104299.01,10 ans,24 mois
2017-09-01,2519.3601,0.0193,120803.0695,106312.2915,10 ans,24 mois
2017-10-01,2575.26,0.0222,123483.4644,108671.163,10 ans,24 mois
2017-11-01,2647.5801,0.0281,126951.2045,111722.9349,10 ans,24 mois
2017-12-01,2673.6101,0.0098,128199.3419,112821.3535,10 ans,24 mois
2018-01-01,2823.8101,0.0562,135401.4148,119159.5109,10 ans,24 mois
2018-02-01,2713.8301,-0.0389,130127.8855,114518.5611,10 ans,24 mois
2018-03-01,2640.8701,-0.0269,126629.4626,111439.787,10 ans,24 mois
2018-04-01,2648.05,0.0027,126973.7396,111742.7667,10 ans,24 mois
2018-05-01,2705.27,0.0216,129717.4316,114157.3426,10 ans,24 mois
2018-06-01,2718.3701,0.0048,130345.58,114710.1423,10 ans,24 mois
2018-07-01,2816.29,0.036,135040.8306,118842.1801,10 ans,24 mois
2018-08-01,2901.52,0.0303,139127.5998,122438.7261,10 ans,24 mois
2018-09-01,2913.98,0.0043,139725.0537,122964.5132,10 ans,24 mois
2018-10-01,2711.74,-0.0694,130027.666,114430.3633,10 ans,24 mois
2018-11-01,2760.1699,0.0179,132349.8765,116474.016,10 ans,24 mois
2018-12-01,2506.8501,-0.0918,120203.2158,105784.3925,10 ans,24 mois
2019-01-01,2704.1001,0.0787,129661.3339,114107.9741,10 ans,24 mois
2019-02-01,2784.49,0.0297,133516.0214,117500.2775,10 ans,24 mois
2019-03-01,2834.3999,0.0179,135909.1967,119606.3825,10 ans,24 mois
2019-04-01,2945.8301,0.0393,141252.2627,124308.5279,10 ans,24 mois
2019-05-01,2752.0601,-0.0658,131961.0093,116131.7949,10 ans,24 mois
2019-06-01,2941.76,0.0689,141057.1033,124136.7786,10 ans,24 mois
2019-07-01,2980.3799,0.0131,142908.9225,125766.4651,10 ans,24 mois
2019-08-01,2926.46,-0.0181,140323.4675,123491.1451,10 ans,24 mois
2019-09-01,2976.74,0.0172,142734.39,125612.8684,10 ans,24 mois
2019-10-01,3037.5601,0.0204,145650.7063,128179.3617,10 ans,24 mois
2019-11-01,3140.98,0.034,150609.6814,132543.4893,10 ans,24 mois
2019-12-01,3230.78,0.0286,154915.5849,136332.8836,10 ans,24 mois
2020-01-01,3225.52,-0.0016,154663.3679,136110.9211,10 ans,24 mois
2020-02-01,2954.22,-0.0841,141654.5572,124662.5657,10 ans,24 mois
2020-03-01,2584.5901,-0.1251,123930.8407,109064.8749,10 ans,24 mois
2020-04-01,2912.4299,0.1268,139650.729,122899.1041,10 ans,24 mois
2020-05-01,3044.3101,0.0453,145974.3681,128464.1991,10 ans,24 mois
2020-06-01,3100.29,0.0184,148658.6027,130826.4498,10 ans,24 mois
2020-07-01,3271.1201,0.0551,156849.8881,138035.16,10 ans,24 mois
2020-08-01,3500.3101,0.0701,167839.5233,147706.5475,10 ans,24 mois
2020-09-01,3363.0,-0.0392,161255.5195,141912.3195,10 ans,24 mois
2020-10-01,3269.96,-0.0277,156794.2587,137986.2036,10 ans,24 mois
2020-11-01,3621.6299,0.1075,173656.7969,152826.0175,10 ans,24 mois
2020-12-01,3756.0701,0.0371,180103.1906,158499.1423,10 ans,24 mois
2021-01-01,3714.24,-0.0111,178097.4425,156733.9911,10 ans,24 mois
2021-02-01,3811.1499,0.0261,182744.2632,160823.4084,10 ans,24 mois
2021-03-01,3972.8899,0.0424,190499.6799,167648.534,10 ans,24 mois
2021-04-01,4181.1699,0.0524,200486.6868,176437.5622,10 ans,24 mois
2021-05-01,4204.1099,0.0055,201586.6548,177405.5849,10 ans,24 mois
2021-06-01,4297.5,0.0222,206064.7026,181346.4743,10 ans,24 mois
2021-07-01,4395.2598,0.0227,210752.2738,185471.7538,10 ans,24 mois
2021-08-01,4522.6802,0.029,216862.0699,190848.6572,10 ans,24 mois
2021-09-01,4307.54,-0.0476,206546.1215,181770.1452,10 ans,24 mois
2021-10-01,4605.3799,0.0691,220827.5128,194338.4304,10 ans,24 mois
2021-11-01,4567.0,-0.0083,218987.2011,192718.871,10 ans,24 mois
2021-12-01,4766.1802,0.0436,228537.871,201123.9024,10 ans,24 mois
2022-01-01,4515.5498,-0.0526,216520.1693,190547.7688,10 ans,24 mois
2022-02-01,4373.9399,-0.0314,209729.9903,184572.0971,10 ans,24 mois
2022-03-01,4530.4102,0.0358,217232.7217,191174.8479,10 ans,24 mois
2022-04-01,4131.9302,-0.088,198125.6458,174359.7369,10 ans,24 mois
2022-05-01,4132.1499,0.0001,198136.1817,174369.009,10 ans,24 mois
2022-06-01,3785.3799,-0.0839,181508.5933,159735.9617,10 ans,24 mois
2022-07-01,4130.29,0.0911,198047.0014,174290.5262,10 ans,24 mois
2022-08-01,3955.0,-0.0424,189641.8613,166893.6139,10 ans,24 mois
2022-09-01,3585.6201,-0.0934,171930.1322,151306.4727,10 ans,24 mois
2022-10-01,3871.98,0.0799,185661.0595,163390.3241,10 ans,24 mois
2022-11-01,4080.1101,0.0538,195640.8786,172173.0268,10 ans,24 mois
2022-12-01,3839.5,-0.059,184103.6476,162019.7296,10 ans,24 mois
2023-01-01,4076.6001,0.0618,195472.574,172024.9109,10 ans,24 mois
2023-02-01,3970.1499,-0.0261,190368.2976,167532.9115,10 ans,24 mois
2023-03-01,4109.3101,0.0351,197041.0134,173405.2102,10 ans,24 mois
2023-04-01,4169.48,0.0146,199926.1553,175944.2685,10 ans,24 mois
2023-05-01,4179.8301,0.0025,200422.4414,176381.0233,10 ans,24 mois
2023-06-01,4450.3799,0.0647,213395.278,187797.7198,10 ans,24 mois
2023-07-01,4588.96,0.0311,220040.1791,193645.5403,10 ans,24 mois
2023-08-01,4507.6602,-0.0177,216141.8615,190214.8404,10 ans,24 mois
2023-09-01,4288.0498,-0.0487,205611.5667,180947.6937,10 ans,24 mois
2023-10-01,4193.7998,-0.022,201092.2885,176970.5197,10 ans,24 mois
2023-11-01,4567.7998,0.0892,219025.5517,192752.6212,10 ans,24 mois
2023-12-01,4769.8301,0.0442,228712.8835,201277.9215,10 ans,24 mois
2024-01-01,4845.6499,0.0159,232348.4366,204477.3765,10 ans,24 mois
2024-02-01,5096.27,0.0517,244365.6466,215053.0774,10 ans,24 mois
2024-03-01,5254.3501,0.031,251945.5708,221723.7614,10 ans,24 mois
2024-04-01,5035.6899,-0.0416,241460.8378,212496.7112,10 ans,24 mois
2024-05-01,5277.5098,0.048,253056.0746,222701.0562,10 ans,24 mois
2024-06-01,5460.48,0.0347,261829.4784,230422.0575,10 ans,24 mois
2024-07-01,5522.2998,0.0113,264793.7329,233030.7387,10 ans,24 mois
2024-08-01,5648.3999,0.0228,270840.2202,238351.9273,10 ans,24 mois
2024-09-01,5762.48,0.0202,276310.3487,243165.8936,10 ans,24 mois
2024-10-01,5705.4502,-0.0099,273575.7761,240759.3431,10 ans,24 mois
2024-11-01,6032.3799,0.0573,289252.0225,254555.1654,10 ans,24 mois
2024-12-01,5881.6299,-0.025,282023.5748,248193.7969,10 ans,24 mois
2025-01-01,6040.5298,0.027,289642.8095,254899.076,10 ans,24 mois
2025-02-01,5954.5,-0.0142,285517.6898,251268.7798,10 ans,24 mois
2025-03-01,5611.8501,-0.0575,269087.6606,236809.5938,10 ans,24 mois
2025-04-01,5363.3599,-0.0443,257172.5783,226323.77,10 ans,24 mois
2020-05-01,3044.3101,0.0453,104528.182,4355.3409,5 ans,24 mois
2020-06-01,3100.29,0.0184,106450.2876,8598.6259,5 ans,24 mois
2020-07-01,3271.1201,0.0551,112315.8391,12994.8814,5 ans,24 mois
2020-08-01,3500.3101,0.0701,120185.211,17453.4842,5 ans,24 mois
2020-09-01,3363.0,-0.0392,115470.5891,21456.701,5 ans,24 mois
2020-10-01,3269.96,-0.0277,112276.0045,25508.0935,5 ans,24 mois
2020-11-01,3621.6299,0.1075,124350.7987,30122.867,5 ans,24 mois
2020-12-01,3756.0701,0.0371,128966.8818,34444.2064,5 ans,24 mois
2021-01-01,3714.24,-0.0111,127530.6214,38564.4703,5 ans,24 mois
2021-02-01,3811.1499,0.0261,130858.0804,42839.8514,5 ans,24 mois
2021-03-01,3972.8899,0.0424,136411.5184,47183.3457,5 ans,24 mois
2021-04-01,4181.1699,0.0524,143562.9361,51568.4512,5 ans,24 mois
2021-05-01,4204.1099,0.0055,144350.5925,55757.9782,5 ans,24 mois
2021-06-01,4297.5,0.0222,147557.198,60017.2033,5 ans,24 mois
2021-07-01,4395.2598,0.0227,150913.8372,64278.6535,5 ans,24 mois
2021-08-01,4522.6802,0.029,155288.8922,68566.1136,5 ans,24 mois
2021-09-01,4307.54,-0.0476,147901.9286,72534.5754,5 ans,24 mois
2021-10-01,4605.3799,0.0691,158128.4354,76989.3414,5 ans,24 mois
2021-11-01,4567.0,-0.0083,156810.6395,81121.2842,5 ans,24 mois
2021-12-01,4766.1802,0.0436,163649.6083,85469.6714,5 ans,24 mois
2022-01-01,4515.5498,-0.0526,155044.0667,89417.2332,5 ans,24 mois
2022-02-01,4373.9399,-0.0314,150181.8085,93453.2311,5 ans,24 mois
2022-03-01,4530.4102,0.0358,155554.3056,97768.9532,5 ans,24 mois
2022-04-01,4131.9302,-0.088,141872.2604,101569.1335,5 ans,24 mois
2022-05-01,4132.1499,0.0001,141879.8048,101574.5348,5 ans,24 mois
2022-06-01,3785.3799,-0.0839,129973.2516,93050.3998,5 ans,24 mois
2022-07-01,4130.29,0.0911,141815.9453,101528.8165,5 ans,24 mois
2022-08-01,3955.0,-0.0424,135797.2584,97219.9205,5 ans,24 mois
2022-09-01,3585.6201,-0.0934,123114.3822,88140.0007,5 ans,24 mois
2022-10-01,3871.98,0.0799,132946.717,95179.162,5 ans,24 mois
2022-11-01,4080.1101,0.0538,140092.9878,100295.3174,5 ans,24 mois
2022-12-01,3839.5,-0.059,131831.4978,94380.7547,5 ans,24 mois
2023-01-01,4076.6001,0.0618,139972.4695,100209.036,5 ans,24 mois
2023-02-01,3970.1499,-0.0261,136317.4392,97592.3282,5 ans,24 mois
2023-03-01,4109.3101,0.0351,141095.5853,101013.0966,5 ans,24 mois
2023-04-01,4169.48,0.0146,143161.5551,102492.1649,5 ans,24 mois
2023-05-01,4179.8301,0.0025,143516.9318,102746.5861,5 ans,24 mois
2023-06-01,4450.3799,0.0647,152806.4189,109397.1121,5 ans,24 mois
2023-07-01,4588.96,0.0311,157564.6477,112803.6214,5 ans,24 mois
2023-08-01,4507.6602,-0.0177,154773.1709,110805.1484,5 ans,24 mois
2023-09-01,4288.0498,-0.0487,147232.7199,105406.7917,5 ans,24 mois
2023-10-01,4193.7998,-0.022,143996.5906,103089.9832,5 ans,24 mois
2023-11-01,4567.7998,0.0892,156838.1012,112283.4725,5 ans,24 mois
2023-12-01,4769.8301,0.0442,163774.9299,117249.6842,5 ans,24 mois
2024-01-01,4845.6499,0.0159,166378.2483,119113.4509,5 ans,24 mois
2024-02-01,5096.27,0.0517,174983.4379,125274.0749,5 ans,24 mois
2024-03-01,5254.3501,0.031,180411.2106,129159.9238,5 ans,24 mois
2024-04-01,5035.6899,-0.0416,172903.3851,123784.9243,5 ans,24 mois
2024-05-01,5277.5098,0.048,181206.4115,129729.2237,5 ans,24 mois
2024-06-01,5460.48,0.0347,187488.8017,134226.9101,5 ans,24 mois
2024-07-01,5522.2998,0.0113,189611.4219,135746.5355,5 ans,24 mois
2024-08-01,5648.3999,0.0228,193941.1431,138846.2679,5 ans,24 mois
2024-09-01,5762.48,0.0202,197858.1499,141650.5298,5 ans,24 mois
2024-10-01,5705.4502,-0.0099,195899.9986,140248.6509,5 ans,24 mois
2024-11-01,6032.3799,0.0573,207125.3223,148285.0803,5 ans,24 mois
2024-12-01,5881.6299,-0.025,201949.2321,144579.4158,5 ans,24 mois
2025-01-01,6040.5298,0.027,207405.154,148485.4173,5 ans,24 mois
2025-02-01,5954.5,-0.0142,204451.2706,146370.6742,5 ans,24 mois
2025-03-01,5611.8501,-0.0575,192686.184,137947.818,5 ans,24 mois
2025-04-01,5363.3599,-0.0443,184154.1252,131839.5498,5 ans,24 mois
2000-05-01,1420.6,-0.0219,97808.4949,2037.677,25 ans,48 mois
2000-06-01,1454.6,0.0239,100149.3994,4170.8719,25 ans,48 mois
2000-07-01,1430.83,-0.0163,98512.8304,6220.1609,25 ans,48 mois
2000-08-01,1517.6801,0.0607,104492.4711,8429.9507,25 ans,48 mois
2000-09-01,1436.51,-0.0535,98903.9029,10401.8612,25 ans,48 mois
2000-10-01,1429.4,-0.0049,98414.3795,12474.8831,25 ans,48 mois
2000-11-01,1314.95,-0.0801,90534.4769,14391.4068,25 ans,48 mois
2000-12-01,1320.28,0.0041,90901.4535,16483.1848,25 ans,48 mois
2001-01-01,1366.01,0.0346,94049.9686,18638.6777,25 ans,48 mois
2001-02-01,1239.9399,-0.0923,85370.0279,20529.7386,25 ans,48 mois
2001-03-01,1160.33,-0.0642,79888.8699,22479.3122,25 ans,48 mois
2001-04-01,1249.46,0.0768,86025.4824,24722.6754,25 ans,48 mois
2001-05-01,1255.8199,0.0051,86463.3683,26816.6133,25 ans,48 mois
2001-06-01,1224.38,-0.025,84298.7242,28847.7896,25 ans,48 mois
2001-07-01,1211.23,-0.0107,83393.3433,30908.7476,25 ans,48 mois
2001-08-01,1133.58,-0.0641,78047.1289,32858.5217,25 ans,48 mois
2001-09-01,1040.9399,-0.0817,71668.8517,34771.598,25 ans,48 mois
2001-10-01,1059.78,0.0181,72965.9942,36892.6378,25 ans,48 mois
2001-11-01,1139.45,0.0752,78451.2788,39132.5876,25 ans,48 mois
2001-12-01,1148.08,0.0076,79045.4558,41231.6998,25 ans,48 mois
2002-01-01,1130.2,-0.0156,77814.4151,43282.5876,25 ans,48 mois
2002-02-01,1106.73,-0.0208,76198.5045,45322.658,25 ans,48 mois
2002-03-01,1147.39,0.0367,78997.9532,47482.5307,25 ans,48 mois
2002-04-01,1076.92,-0.0614,74146.0865,49437.9106,25 ans,48 mois
2002-05-01,1067.14,-0.0091,73472.7302,51502.3242,25 ans,48 mois
2002-06-01,989.82,-0.0725,68149.2375,53434.7089,25 ans,48 mois
2002-07-01,911.62,-0.079,62765.1564,55353.45,25 ans,48 mois
2002-08-01,916.07,0.0049,63071.5403,57446.953,25 ans,48 mois
2002-09-01,815.28,-0.11,56132.1371,59301.069,25 ans,48 mois
2002-10-01,885.76,0.0864,60984.693,61564.504,25 ans,48 mois
2002-11-01,936.31,0.0571,64465.0663,63766.7324,25 ans,48 mois
2002-12-01,879.82,-0.0603,60575.7231,65724.3728,25 ans,48 mois
2003-01-01,855.7,-0.0274,58915.0583,67750.5922,25 ans,48 mois
2003-02-01,841.15,-0.017,57913.2897,69798.5014,25 ans,48 mois
2003-03-01,848.18,0.0084,58397.3039,71899.2463,25 ans,48 mois
2003-04-01,916.92,0.081,63130.0613,74151.4215,25 ans,48 mois
2003-05-01,963.59,0.0509,66343.2999,76340.7938,25 ans,48 mois
2003-06-01,974.5,0.0113,67094.453,78447.7151,25 ans,48 mois
2003-07-01,990.31,0.0162,68182.9734,80564.8478,25 ans,48 mois
2003-08-01,1008.01,0.0179,69401.6216,82685.417,25 ans,48 mois
2003-09-01,995.97,-0.0119,68572.6633,84743.8662,25 ans,48 mois
2003-10-01,1050.71,0.055,72341.5188,86941.7027,25 ans,48 mois
2003-11-01,1058.2,0.0071,72857.2057,89039.8871,25 ans,48 mois
2003-12-01,1111.92,0.0508,76555.8411,91228.9819,25 ans,48 mois
2004-01-01,1131.13,0.0173,77878.4494,93348.3077,25 ans,48 mois
2004-02-01,1144.9399,0.0122,78829.2654,95457.0764,25 ans,48 mois
2004-03-01,1126.21,-0.0164,77539.7038,97506.3287,25 ans,48 mois
2004-04-01,1107.3,-0.0168,76237.7538,99554.6813,25 ans,48 mois
2004-05-01,1120.6801,0.0121,77158.9689,100757.6453,25 ans,48 mois
2004-06-01,1140.84,0.018,78546.9815,102570.1745,25 ans,48 mois
2004-07-01,1101.72,-0.0343,75853.5647,99052.9899,25 ans,48 mois
2004-08-01,1104.24,0.0023,76027.0684,99279.5588,25 ans,48 mois
2004-09-01,1114.58,0.0094,76738.9764,100209.2002,25 ans,48 mois
2004-10-01,1130.2,0.014,77814.4151,101613.5564,25 ans,48 mois
2004-11-01,1173.8199,0.0386,80817.6575,105535.3251,25 ans,48 mois
2004-12-01,1211.92,0.0325,83440.8542,108960.8131,25 ans,48 mois
2005-01-01,1181.27,-0.0253,81330.596,106205.1433,25 ans,48 mois
2005-02-01,1203.6,0.0189,82868.0164,108212.7758,25 ans,48 mois
2005-03-01,1180.59,-0.0191,81283.7742,106144.0013,25 ans,48 mois
2005-04-01,1156.85,-0.0201,79649.2728,104009.5959,25 ans,48 mois
2005-05-01,1191.5,0.03,82034.9315,107124.8962,25 ans,48 mois
2005-06-01,1191.33,-0.0001,82023.224,107109.6079,25 ans,48 mois
2005-07-01,1234.1801,0.036,84973.4588,110962.157,25 ans,48 mois
2005-08-01,1220.33,-0.0112,84019.8778,109716.9281,25 ans,48 mois
2005-09-01,1228.8101,0.0069,84603.734,110479.3537,25 ans,48 mois
2005-10-01,1207.01,-0.0177,83102.7977,108519.3638,25 ans,48 mois
2005-11-01,1249.48,0.0352,86026.8608,112337.7366,25 ans,48 mois
2005-12-01,1248.29,-0.001,85944.9332,112230.7518,25 ans,48 mois
2006-01-01,1280.08,0.0255,88133.6731,115088.9067,25 ans,48 mois
2006-02-01,1280.66,0.0005,88173.6116,115141.0602,25 ans,48 mois
2006-03-01,1294.87,0.0111,89151.9693,116418.6435,25 ans,48 mois
2006-04-01,1310.61,0.0122,90235.6697,117833.7882,25 ans,48 mois
2006-05-01,1270.09,-0.0309,87445.861,114190.7308,25 ans,48 mois
2006-06-01,1270.2,0.0001,87453.4335,114200.6193,25 ans,48 mois
2006-07-01,1276.66,0.0051,87898.2111,114781.4298,25 ans,48 mois
2006-08-01,1303.8199,0.0213,89768.1746,117223.3121,25 ans,48 mois
2006-09-01,1335.85,0.0246,91973.4463,120103.0549,25 ans,48 mois
2006-10-01,1377.9399,0.0315,94871.346,123887.2624,25 ans,48 mois
2006-11-01,1400.63,0.0165,96433.5598,125927.2714,25 ans,48 mois
2006-12-01,1418.3,0.0126,97650.1447,127515.9425,25 ans,48 mois
2007-01-01,1438.24,0.0141,99023.0123,129308.6946,25 ans,48 mois
2007-02-01,1406.8199,-0.0218,96859.7381,126483.7941,25 ans,48 mois
2007-03-01,1420.86,0.01,97826.3966,127746.1002,25 ans,48 mois
2007-04-01,1482.37,0.0433,102061.3689,133276.3171,25 ans,48 mois
2007-05-01,1530.62,0.0325,105383.3877,137614.3584,25 ans,48 mois
2007-06-01,1503.35,-0.0178,103505.8433,135162.5766,25 ans,48 mois
2007-07-01,1455.27,-0.032,100195.532,130839.8235,25 ans,48 mois
2007-08-01,1473.99,0.0129,101484.4045,132522.891,25 ans,48 mois
2007-09-01,1526.75,0.0358,105116.9381,137266.4165,25 ans,48 mois
2007-10-01,1549.38,0.0148,106675.0169,139301.0257,25 ans,48 mois
2007-11-01,1481.14,-0.044,101976.6846,133165.7325,25 ans,48 mois
2007-12-01,1468.36,-0.0086,101096.7779,132016.7108,25 ans,48 mois
2008-01-01,1378.55,-0.0612,94913.352,123942.1157,25 ans,48 mois
2008-02-01,1330.63,-0.0348,91614.0506,119633.7399,25 ans,48 mois
2008-03-01,1322.7,-0.006,91068.0654,118920.7679,25 ans,48 mois
2008-04-01,1385.59,0.0475,95398.0512,124575.0577,25 ans,48 mois
2008-05-01,1400.38,0.0107,96416.3473,125904.7945,25 ans,48 mois
2008-06-01,1280.0,-0.086,88128.1682,115081.7181,25 ans,48 mois
2008-07-01,1267.38,-0.0099,87259.2798,113947.0847,25 ans,48 mois
2008-08-01,1282.83,0.0122,88323.011,115336.1526,25 ans,48 mois
2008-09-01,1166.36,-0.0908,80304.0382,104864.618,25 ans,48 mois
2008-10-01,968.75,-0.1694,66698.5648,87097.98,25 ans,48 mois
2008-11-01,896.24,-0.0748,61706.2411,80578.7796,25 ans,48 mois
2008-12-01,903.25,0.0078,62188.8812,81209.0327,25 ans,48 mois
2009-01-01,825.88,-0.0857,56861.9468,74252.8827,25 ans,48 mois
2009-02-01,735.09,-0.1099,50611.0449,66090.1744,25 ans,48 mois
2009-03-01,797.87,0.0854,54933.454,71734.5702,25 ans,48 mois
2009-04-01,872.81,0.0939,60093.083,78472.2454,25 ans,48 mois
2009-05-01,919.14,0.0531,63282.9108,82637.6657,25 ans,48 mois
2009-06-01,919.32,0.0002,63295.3033,82653.8484,25 ans,48 mois
2009-07-01,987.48,0.0741,67988.1264,88781.9474,25 ans,48 mois
2009-08-01,1020.62,0.0336,70269.8207,91761.4864,25 ans,48 mois
2009-09-01,1057.08,0.0357,72780.0938,95039.5137,25 ans,48 mois
2009-10-01,1036.1899,-0.0198,71341.8136,93161.3427,25 ans,48 mois
2009-11-01,1095.63,0.0574,75434.2698,98505.4557,25 ans,48 mois
2009-12-01,1115.1,0.0178,76774.7798,100255.9539,25 ans,48 mois
2010-01-01,1073.87,-0.037,73936.0902,96549.0656,25 ans,48 mois
2010-02-01,1104.49,0.0285,76044.2809,99302.0357,25 ans,48 mois
2010-03-01,1169.4301,0.0588,80515.4128,105140.6404,25 ans,48 mois
2010-04-01,1186.6899,0.0148,81703.7584,106692.4354,25 ans,48 mois
2010-05-01,1089.41,-0.082,75006.024,97946.2331,25 ans,48 mois
2010-06-01,1030.71,-0.0539,70964.5162,92668.6509,25 ans,48 mois
2010-07-01,1101.6,0.0688,75845.303,99042.2014,25 ans,48 mois
2010-08-01,1049.33,-0.0474,72246.5053,94342.7298,25 ans,48 mois
2010-09-01,1141.2,0.0876,78571.7666,102602.5399,25 ans,48 mois
2010-10-01,1183.26,0.0369,81467.6071,106384.0585,25 ans,48 mois
2010-11-01,1180.55,-0.0023,81281.0259,106140.4124,25 ans,48 mois
2010-12-01,1257.64,0.0653,86588.6802,113071.3856,25 ans,48 mois
2011-01-01,1286.12,0.0226,88549.5306,115631.9521,25 ans,48 mois
2011-02-01,1327.22,0.032,91379.2693,119327.152,25 ans,48 mois
2011-03-01,1325.83,-0.001,91283.5666,119202.1791,25 ans,48 mois
2011-04-01,1363.61,0.0285,93884.7266,122598.8905,25 ans,48 mois
2011-05-01,1345.2,-0.0135,92617.1934,120943.6887,25 ans,48 mois
2011-06-01,1320.64,-0.0183,90926.2385,118735.5639,25 ans,48 mois
2011-07-01,1292.28,-0.0215,88973.6498,116185.7859,25 ans,48 mois
2011-08-01,1218.89,-0.0568,83920.7376,109587.4664,25 ans,48 mois
2011-09-01,1131.42,-0.0718,77898.4187,101723.252,25 ans,48 mois
2011-10-01,1253.3,0.1077,86289.873,112681.1898,25 ans,48 mois
2011-11-01,1246.96,-0.0051,85853.3571,112111.1677,25 ans,48 mois
2011-12-01,1257.6,0.0085,86585.9235,113067.7858,25 ans,48 mois
2012-01-01,1312.41,0.0436,90359.6033,117995.6262,25 ans,48 mois
2012-02-01,1365.6801,0.0406,94027.2511,122785.0054,25 ans,48 mois
2012-03-01,1408.47,0.0313,96973.3425,126632.1438,25 ans,48 mois
2012-04-01,1397.91,-0.0075,96246.2895,125682.7254,25 ans,48 mois
2012-05-01,1310.33,-0.0627,90216.3896,117808.6114,25 ans,48 mois
2012-06-01,1362.16,0.0396,93784.8973,122468.5289,25 ans,48 mois
2012-07-01,1379.3199,0.0126,94966.3595,124011.3353,25 ans,48 mois
2012-08-01,1406.58,0.0198,96843.2148,126462.2172,25 ans,48 mois
2012-09-01,1440.67,0.0242,99190.3218,129527.1749,25 ans,48 mois
2012-10-01,1412.16,-0.0198,97227.4039,126963.9085,25 ans,48 mois
2012-11-01,1416.1801,0.0028,97504.1827,127325.3388,25 ans,48 mois
2012-12-01,1426.1899,0.0071,98193.3648,128225.3037,25 ans,48 mois
2013-01-01,1498.11,0.0504,103145.0693,134691.4617,25 ans,48 mois
2013-02-01,1514.6801,0.0111,104285.9207,136181.2367,25 ans,48 mois
2013-03-01,1569.1899,0.036,108038.9336,141082.0894,25 ans,48 mois
2013-04-01,1597.5699,0.0181,109992.9007,143633.6673,25 ans,48 mois
2013-05-01,1630.74,0.0208,112276.6626,146615.9061,25 ans,48 mois
2013-06-01,1606.28,-0.015,110592.591,144416.7699,25 ans,48 mois
2013-07-01,1685.73,0.0495,116062.7306,151559.9237,25 ans,48 mois
2013-08-01,1632.97,-0.0313,112430.197,146816.3983,25 ans,48 mois
2013-09-01,1681.55,0.0297,115774.9418,151184.1161,25 ans,48 mois
2013-10-01,1756.54,0.0446,120938.0124,157926.2856,25 ans,48 mois
2013-11-01,1805.8101,0.028,124330.2598,162356.0344,25 ans,48 mois
2013-12-01,1848.36,0.0236,127259.8278,166181.5959,25 ans,48 mois
2014-01-01,1782.59,-0.0356,122731.5533,160268.3718,25 ans,48 mois
2014-02-01,1859.45,0.0431,128023.3734,167178.668,25 ans,48 mois
2014-03-01,1872.34,0.0069,128910.8526,168337.5782,25 ans,48 mois
2014-04-01,1883.95,0.0062,129710.2016,169381.404,25 ans,48 mois
2014-05-01,1923.5699,0.021,132438.0435,172943.5424,25 ans,48 mois
2014-06-01,1960.23,0.0191,134962.0917,176239.5578,25 ans,48 mois
2014-07-01,1930.67,-0.0151,132926.8862,173581.8951,25 ans,48 mois
2014-08-01,2003.37,0.0377,137932.2873,180118.1726,25 ans,48 mois
2014-09-01,1972.29,-0.0155,135792.4283,177323.8486,25 ans,48 mois
2014-10-01,2018.05,0.0232,138943.011,181438.0209,25 ans,48 mois
2014-11-01,2067.5601,0.0245,142351.7816,185889.3467,25 ans,48 mois
2014-12-01,2058.8999,-0.0042,141755.5287,185110.7329,25 ans,48 mois
2015-01-01,1994.99,-0.031,137355.3229,179364.7466,25 ans,48 mois
2015-02-01,2104.5,0.0549,144895.1015,189210.5279,25 ans,48 mois
2015-03-01,2067.8899,-0.0174,142374.4908,185919.0013,25 ans,48 mois
2015-04-01,2085.51,0.0085,143587.6381,187503.1836,25 ans,48 mois
2015-05-01,2107.3899,0.0105,145094.0709,189470.3512,25 ans,48 mois
2015-06-01,2063.1101,-0.021,142045.4019,185489.2623,25 ans,48 mois
2015-07-01,2103.8401,0.0197,144849.6664,189151.1968,25 ans,48 mois
2015-08-01,1972.1801,-0.0626,135784.8558,177313.9601,25 ans,48 mois
2015-09-01,1920.03,-0.0264,132194.3197,172625.277,25 ans,48 mois
2015-10-01,2079.3601,0.083,143164.2166,186950.2607,25 ans,48 mois
2015-11-01,2080.4099,0.0005,143236.4957,187044.6461,25 ans,48 mois
2015-12-01,2043.9399,-0.0175,140725.5335,183765.7188,25 ans,48 mois
2016-01-01,1940.24,-0.0507,133585.7782,174442.3059,25 ans,48 mois
2016-02-01,1932.23,-0.0041,133034.288,173722.1452,25 ans,48 mois
2016-03-01,2059.74,0.066,141813.3689,185186.2632,25 ans,48 mois
2016-04-01,2065.3,0.0027,142196.1797,185686.1547,25 ans,48 mois
2016-05-01,2096.95,0.0153,144375.2796,188531.7212,25 ans,48 mois
2016-06-01,2098.8601,0.0009,144506.7941,188703.4587,25 ans,48 mois
2016-07-01,2173.6001,0.0356,149652.6523,195423.1513,25 ans,48 mois
2016-08-01,2170.95,-0.0012,149470.1893,195184.883,25 ans,48 mois
2016-09-01,2168.27,-0.0012,149285.6757,194943.9368,25 ans,48 mois
2016-10-01,2126.1499,-0.0194,146385.7001,191157.0185,25 ans,48 mois
2016-11-01,2198.8101,0.0342,151388.3614,197689.7182,25 ans,48 mois
2016-12-01,2238.8301,0.0182,154143.745,201287.8218,25 ans,48 mois
2017-01-01,2278.8701,0.0179,156900.5069,204887.7253,25 ans,48 mois
2017-02-01,2363.6399,0.0372,162736.9171,212509.1717,25 ans,48 mois
2017-03-01,2362.72,-0.0004,162673.5804,212426.4637,25 ans,48 mois
2017-04-01,2384.2,0.0091,164152.4798,214357.6771,25 ans,48 mois
2017-05-01,2411.8,0.0116,166052.7502,216839.1354,25 ans,48 mois
2017-06-01,2423.4099,0.0048,166852.0908,217882.9502,25 ans,48 mois
2017-07-01,2470.3,0.0193,170080.4829,222098.7295,25 ans,48 mois
2017-08-01,2471.6499,0.0005,170173.4205,222220.0916,25 ans,48 mois
2017-09-01,2519.3601,0.0193,173458.2744,226509.6013,25 ans,48 mois
2017-10-01,2575.26,0.0222,177306.99,231535.4269,25 ans,48 mois
2017-11-01,2647.5801,0.0281,182286.2362,238037.5501,25 ans,48 mois
2017-12-01,2673.6101,0.0098,184078.4071,240377.8474,25 ans,48 mois
2018-01-01,2823.8101,0.0562,194419.6935,253881.9633,25 ans,48 mois
2018-02-01,2713.8301,-0.0389,186847.5574,243993.9281,25 ans,48 mois
2018-03-01,2640.8701,-0.0269,181824.2545,237434.2737,25 ans,48 mois
2018-04-01,2648.05,0.0027,182318.5937,238079.804,25 ans,48 mois
2018-05-01,2705.27,0.0216,186258.1962,243224.3138,25 ans,48 mois
2018-06-01,2718.3701,0.0048,187160.1397,244402.1121,25 ans,48 mois
2018-07-01,2816.29,0.036,193901.9392,253205.8565,25 ans,48 mois
2018-08-01,2901.52,0.0303,199770.0345,260868.6788,25 ans,48 mois
2018-09-01,2913.98,0.0043,200627.9045,261988.9239,25 ans,48 mois
2018-10-01,2711.74,-0.0694,186703.6546,243806.0133,25 ans,48 mois
2018-11-01,2760.1699,0.0179,190038.0617,248160.2319,25 ans,48 mois
2018-12-01,2506.8501,-0.0918,172596.9585,225384.8564,25 ans,48 mois
2019-01-01,2704.1001,0.0787,186177.647,243119.129,25 ans,48 mois
2019-02-01,2784.49,0.0297,191712.5016,250346.7907,25 ans,48 mois
2019-03-01,2834.3999,0.0179,195148.8056,254834.0707,25 ans,48 mois
2019-04-01,2945.8301,0.0393,202820.7879,264852.4895,25 ans,48 mois
2019-05-01,2752.0601,-0.0658,189479.6966,247431.0936,25 ans,48 mois
2019-06-01,2941.76,0.0689,202540.5631,264486.5595,25 ans,48 mois
2019-07-01,2980.3799,0.0131,205199.5465,267958.7793,25 ans,48 mois
2019-08-01,2926.46,-0.0181,201487.1528,263110.9689,25 ans,48 mois
2019-09-01,2976.74,0.0172,204948.9394,267631.5253,25 ans,48 mois
2019-10-01,3037.5601,0.0204,209136.4091,273099.7112,25 ans,48 mois
2019-11-01,3140.98,0.034,216256.8843,282397.9473,25 ans,48 mois
2019-12-01,3230.78,0.0286,222439.6294,290471.6535,25 ans,48 mois
2020-01-01,3225.52,-0.0016,222077.4771,289998.7387,25 ans,48 mois
2020-02-01,2954.22,-0.0841,203398.4331,265606.8045,25 ans,48 mois
2020-03-01,2584.5901,-0.1251,177949.3671,232374.2718,25 ans,48 mois
2020-04-01,2912.4299,0.1268,200521.1834,261849.5627,25 ans,48 mois
2020-05-01,3044.3101,0.0453,209601.1475,273706.5874,25 ans,48 mois
2020-06-01,3100.29,0.0184,213455.3765,278739.6127,25 ans,48 mois
2020-07-01,3271.1201,0.0551,225217.0498,294098.5337,25 ans,48 mois
2020-08-01,3500.3101,0.0701,240996.8074,314704.4495,25 ans,48 mois
2020-09-01,3363.0,-0.0392,231542.9918,302359.2327,25 ans,48 mois
2020-10-01,3269.96,-0.0277,225137.1729,293994.2268,25 ans,48 mois
2020-11-01,3621.6299,0.1075,249349.6932,325612.0228,25 ans,48 mois
2020-12-01,3756.0701,0.0371,258605.9176,337699.2162,25 ans,48 mois
2021-01-01,3714.24,-0.0111,255725.9113,333938.3746,25 ans,48 mois
2021-02-01,3811.1499,0.0261,262398.1714,342651.3114,25 ans,48 mois
2021-03-01,3972.8899,0.0424,273533.991,357192.9645,25 ans,48 mois
2021-04-01,4181.1699,0.0524,287874.0984,375918.9205,25 ans,48 mois
2021-05-01,4204.1099,0.0055,289453.5164,377981.3954,25 ans,48 mois
2021-06-01,4297.5,0.0222,295883.4396,386377.8777,25 ans,48 mois
2021-07-01,4395.2598,0.0227,302614.2123,395167.2228,25 ans,48 mois
2021-08-01,4522.6802,0.029,311387.1242,406623.2851,25 ans,48 mois
2021-09-01,4307.54,-0.0476,296574.6976,387280.5534,25 ans,48 mois
2021-10-01,4605.3799,0.0691,317081.0099,414058.6167,25 ans,48 mois
2021-11-01,4567.0,-0.0083,314438.55,410607.9738,25 ans,48 mois
2021-12-01,4766.1802,0.0436,328152.1312,428515.7838,25 ans,48 mois
2022-01-01,4515.5498,-0.0526,310896.1972,405982.2106,25 ans,48 mois
2022-02-01,4373.9399,-0.0314,301146.3396,393250.4088,25 ans,48 mois
2022-03-01,4530.4102,0.0358,311919.3344,407318.269,25 ans,48 mois
2022-04-01,4131.9302,-0.088,284483.9354,371491.8934,25 ans,48 mois
2022-05-01,4132.1499,0.0001,284499.0636,371511.6485,25 ans,48 mois
2022-06-01,3785.3799,-0.0839,260623.9022,340334.391,25 ans,48 mois
2022-07-01,4130.29,0.0911,284371.0118,371344.4327,25 ans,48 mois
2022-08-01,3955.0,-0.0424,272302.2696,355584.5273,25 ans,48 mois
2022-09-01,3585.6201,-0.0934,246870.4161,322374.4715,25 ans,48 mois
2022-10-01,3871.98,0.0799,266586.3303,348120.3973,25 ans,48 mois
2022-11-01,4080.1101,0.0538,280916.1169,366832.8759,25 ans,48 mois
2022-12-01,3839.5,-0.059,264350.0794,345200.2004,25 ans,48 mois
2023-01-01,4076.6001,0.0618,280674.4523,366517.2993,25 ans,48 mois
2023-02-01,3970.1499,-0.0261,273345.3423,356946.6186,25 ans,48 mois
2023-03-01,4109.3101,0.0351,282926.5374,369458.1732,25 ans,48 mois
2023-04-01,4169.48,0.0146,287069.2444,374867.906,25 ans,48 mois
2023-05-01,4179.8301,0.0025,287781.85,375798.4583,25 ans,48 mois
2023-06-01,4450.3799,0.0647,306409.2396,400122.9399,25 ans,48 mois
2023-07-01,4588.96,0.0311,315950.4962,412582.341,25 ans,48 mois
2023-08-01,4507.6602,-0.0177,310352.9939,405272.8713,25 ans,48 mois
2023-09-01,4288.0498,-0.0487,295232.7924,385528.2334,25 ans,48 mois
2023-10-01,4193.7998,-0.022,288743.6675,377054.4428,25 ans,48 mois
2023-11-01,4567.7998,0.0892,314493.6166,410679.8823,25 ans,48 mois
2023-12-01,4769.8301,0.0442,328403.4275,428843.9378,25 ans,48 mois
2024-01-01,4845.6499,0.0159,333623.6323,435660.7156,25 ans,48 mois
2024-02-01,5096.27,0.0517,350878.8603,458193.3669,25 ans,48 mois
2024-03-01,5254.3501,0.031,361762.6945,472405.9661,25 ans,48 mois
2024-04-01,5035.6899,-0.0416,346707.914,452746.7579,25 ans,48 mois
2024-05-01,5277.5098,0.048,363357.2407,474488.1961,25 ans,48 mois
2024-06-01,5460.48,0.0347,375954.764,490938.6076,25 ans,48 mois
2024-07-01,5522.2998,0.0113,380211.067,496496.6791,25 ans,48 mois
2024-08-01,5648.3999,0.0228,388893.0753,507834.0353,25 ans,48 mois
2024-09-01,5762.48,0.0202,396747.5037,518090.7004,25 ans,48 mois
2024-10-01,5705.4502,-0.0099,392820.9955,512963.2898,25 ans,48 mois
2024-11-01,6032.3799,0.0573,415330.1474,542356.7508,25 ans,48 mois
2024-12-01,5881.6299,-0.025,404950.9901,528803.1813,25 ans,48 mois
2025-01-01,6040.5298,0.027,415891.2692,543089.4889,25 ans,48 mois
2025-02-01,5954.5,-0.0142,409968.1072,535354.758,25 ans,48 mois
2025-03-01,5611.8501,-0.0575,386376.6164,504547.9303,25 ans,48 mois
2025-04-01,5363.3599,-0.0443,369268.0312,482206.7717,25 ans,48 mois
2005-05-01,1191.5,0.03,102995.2047,2145.7334,20 ans,48 mois
2005-06-01,1191.33,-0.0001,102980.5058,4228.7694,20 ans,48 mois
2005-07-01,1234.1801,0.036,106684.5382,6387.0367,20 ans,48 mois
2005-08-01,1220.33,-0.0112,105487.3131,8446.9907,20 ans,48 mois
2005-09-01,1228.8101,0.0069,106220.347,10544.8011,20 ans,48 mois
2005-10-01,1207.01,-0.0177,104335.9152,12591.1745,20 ans,48 mois
2005-11-01,1249.48,0.0352,108007.0888,14747.8122,20 ans,48 mois
2005-12-01,1248.29,-0.001,107904.2283,16829.1615,20 ans,48 mois
2006-01-01,1280.08,0.0255,110652.2006,18965.5506,20 ans,48 mois
2006-02-01,1280.66,0.0005,110702.3435,21049.828,20 ans,48 mois
2006-03-01,1294.87,0.0111,111930.6758,23156.2776,20 ans,48 mois
2006-04-01,1310.61,0.0122,113291.2662,25264.9352,20 ans,48 mois
2006-05-01,1270.09,-0.0309,109788.6496,27283.8583,20 ans,48 mois
2006-06-01,1270.2,0.0001,109798.1569,29367.372,20 ans,48 mois
2006-07-01,1276.66,0.0051,110356.577,31461.301,20 ans,48 mois
2006-08-01,1303.8199,0.0213,112704.3241,33588.9555,20 ans,48 mois
2006-09-01,1335.85,0.0246,115473.0521,35723.4686,20 ans,48 mois
2006-10-01,1377.9399,0.0315,119111.3775,37872.4437,20 ans,48 mois
2006-11-01,1400.63,0.0165,121072.7436,39990.0825,20 ans,48 mois
2006-12-01,1418.3,0.0126,122600.171,42099.6987,20 ans,48 mois
2007-01-01,1438.24,0.0141,124323.8121,44212.3217,20 ans,48 mois
2007-02-01,1406.8199,-0.0218,121607.8122,46250.1422,20 ans,48 mois
2007-03-01,1420.86,0.01,122821.4561,48354.2672,20 ans,48 mois
2007-04-01,1482.37,0.0433,128138.4818,50527.7894,20 ans,48 mois
2007-05-01,1530.62,0.0325,132309.2905,52678.9337,20 ans,48 mois
2007-06-01,1503.35,-0.0178,129952.0255,54725.1497,20 ans,48 mois
2007-07-01,1455.27,-0.032,125795.9157,56741.8541,20 ans,48 mois
2007-08-01,1473.99,0.0129,127414.1005,58851.9865,20 ans,48 mois
2007-09-01,1526.75,0.0358,131974.7618,61009.8907,20 ans,48 mois
2007-10-01,1549.38,0.0148,133930.9364,63124.1039,20 ans,48 mois
2007-11-01,1481.14,-0.044,128032.1603,65115.6801,20 ans,48 mois
2007-12-01,1468.36,-0.0086,126927.4337,67181.0374,20 ans,48 mois
2008-01-01,1378.55,-0.0612,119164.1162,69136.9469,20 ans,48 mois
2008-02-01,1330.63,-0.0348,115021.8294,71147.8611,20 ans,48 mois
2008-03-01,1322.7,-0.006,114336.3426,73218.7785,20 ans,48 mois
2008-04-01,1385.59,0.0475,119772.6581,75401.1675,20 ans,48 mois
2008-05-01,1400.38,0.0107,121051.1332,77506.7387,20 ans,48 mois
2008-06-01,1280.0,-0.086,110645.2891,79410.9837,20 ans,48 mois
2008-07-01,1267.38,-0.0099,109554.3961,81473.7767,20 ans,48 mois
2008-08-01,1282.83,0.0122,110889.9151,83582.5069,20 ans,48 mois
2008-09-01,1166.36,-0.0908,100822.0608,85476.6914,20 ans,48 mois
2008-10-01,968.75,-0.1694,83740.3311,87207.0569,20 ans,48 mois
2008-11-01,896.24,-0.0748,77472.4475,89134.4548,20 ans,48 mois
2008-12-01,903.25,0.0078,78078.4042,91234.0831,20 ans,48 mois
2009-01-01,825.88,-0.0857,71390.4156,93138.9636,20 ans,48 mois
2009-02-01,735.09,-0.1099,63542.3817,94993.2736,20 ans,48 mois
2009-03-01,797.87,0.0854,68969.1846,97254.5329,20 ans,48 mois
2009-04-01,872.81,0.0939,75447.1207,99533.5435,20 ans,48 mois
2009-05-01,919.14,0.0531,79451.963,104816.9279,20 ans,48 mois
2009-06-01,919.32,0.0002,79467.5219,104837.4539,20 ans,48 mois
2009-07-01,987.48,0.0741,85359.3812,112610.2838,20 ans,48 mois
2009-08-01,1020.62,0.0336,88224.0581,116389.5062,20 ans,48 mois
2009-09-01,1057.08,0.0357,91375.7167,120547.3288,20 ans,48 mois
2009-10-01,1036.1899,-0.0198,89569.9497,118165.0724,20 ans,48 mois
2009-11-01,1095.63,0.0574,94708.0458,124943.5009,20 ans,48 mois
2009-12-01,1115.1,0.0178,96391.0619,127163.8183,20 ans,48 mois
2010-01-01,1073.87,-0.037,92827.0751,122462.032,20 ans,48 mois
2010-02-01,1104.49,0.0285,95473.9174,125953.8763,20 ans,48 mois
2010-03-01,1169.4301,0.0588,101087.4425,133359.514,20 ans,48 mois
2010-04-01,1186.6899,0.0148,102579.4153,135327.7978,20 ans,48 mois
2010-05-01,1089.41,-0.082,94170.3814,124234.1876,20 ans,48 mois
2010-06-01,1030.71,-0.0539,89096.2513,117540.1462,20 ans,48 mois
2010-07-01,1101.6,0.0688,95224.0998,125624.3047,20 ans,48 mois
2010-08-01,1049.33,-0.0474,90705.794,119663.534,20 ans,48 mois
2010-09-01,1141.2,0.0876,98647.1863,130140.2084,20 ans,48 mois
2010-10-01,1183.26,0.0369,102282.9265,134936.6551,20 ans,48 mois
2010-11-01,1180.55,-0.0023,102048.673,134627.6165,20 ans,48 mois
2010-12-01,1257.64,0.0653,108712.4555,143418.8053,20 ans,48 mois
2011-01-01,1286.12,0.0226,111174.3115,146666.6065,20 ans,48 mois
2011-02-01,1327.22,0.032,114727.0604,151353.5672,20 ans,48 mois
2011-03-01,1325.83,-0.001,114606.9053,151195.0527,20 ans,48 mois
2011-04-01,1363.61,0.0285,117872.6727,155503.4133,20 ans,48 mois
2011-05-01,1345.2,-0.0135,116281.2793,153403.969,20 ans,48 mois
2011-06-01,1320.64,-0.0183,114158.2783,150603.2019,20 ans,48 mois
2011-07-01,1292.28,-0.0215,111706.7949,147369.0847,20 ans,48 mois
2011-08-01,1218.89,-0.0568,105362.8422,138999.8311,20 ans,48 mois
2011-09-01,1131.42,-0.0718,97801.7952,129024.9269,20 ans,48 mois
2011-10-01,1253.3,0.1077,108337.3017,142923.8841,20 ans,48 mois
2011-11-01,1246.96,-0.0051,107789.2542,142200.8729,20 ans,48 mois
2011-12-01,1257.6,0.0085,108708.9944,143414.2393,20 ans,48 mois
2012-01-01,1312.41,0.0436,113446.8654,149664.6711,20 ans,48 mois
2012-02-01,1365.6801,0.0406,118051.6128,155739.4798,20 ans,48 mois
2012-03-01,1408.47,0.0313,121750.4431,160619.1582,20 ans,48 mois
2012-04-01,1397.91,-0.0075,120837.6249,159414.9237,20 ans,48 mois
2012-05-01,1310.33,-0.0627,113267.06,149427.463,20 ans,48 mois
2012-06-01,1362.16,0.0396,117747.3366,155338.0637,20 ans,48 mois
2012-07-01,1379.3199,0.0126,119230.6674,157294.9465,20 ans,48 mois
2012-08-01,1406.58,0.0198,121587.0671,160403.6246,20 ans,48 mois
2012-09-01,1440.67,0.0242,124533.8699,164291.1915,20 ans,48 mois
2012-10-01,1412.16,-0.0198,122069.4182,161039.9658,20 ans,48 mois
2012-11-01,1416.1801,0.0028,122416.9152,161498.401,20 ans,48 mois
2012-12-01,1426.1899,0.0071,123282.1862,162639.909,20 ans,48 mois
2013-01-01,1498.11,0.0504,129499.0722,170841.53,20 ans,48 mois
2013-02-01,1514.6801,0.0111,130931.416,172731.1481,20 ans,48 mois
2013-03-01,1569.1899,0.036,135643.3396,178947.349,20 ans,48 mois
2013-04-01,1597.5699,0.0181,138096.5536,182183.7492,20 ans,48 mois
2013-05-01,1630.74,0.0208,140963.8263,185966.3961,20 ans,48 mois
2013-06-01,1606.28,-0.015,138849.4674,183177.03,20 ans,48 mois
2013-07-01,1685.73,0.0495,145717.2508,192237.3469,20 ans,48 mois
2013-08-01,1632.97,-0.0313,141156.5895,186220.6987,20 ans,48 mois
2013-09-01,1681.55,0.0297,145355.9307,191760.6757,20 ans,48 mois
2013-10-01,1756.54,0.0446,151838.1878,200312.3874,20 ans,48 mois
2013-11-01,1805.8101,0.028,156097.1688,205931.044,20 ans,48 mois
2013-12-01,1848.36,0.0236,159775.2539,210783.3543,20 ans,48 mois
2014-01-01,1782.59,-0.0356,154089.986,203283.07,20 ans,48 mois
2014-02-01,1859.45,0.0431,160733.8886,212048.0323,20 ans,48 mois
2014-03-01,1872.34,0.0069,161848.1225,213517.9843,20 ans,48 mois
2014-04-01,1883.95,0.0062,162851.7086,214841.9643,20 ans,48 mois
2014-05-01,1923.5699,0.021,166276.5256,219360.151,20 ans,48 mois
2014-06-01,1960.23,0.0191,169445.4788,223540.7896,20 ans,48 mois
2014-07-01,1930.67,-0.0151,166890.2697,220169.8323,20 ans,48 mois
2014-08-01,2003.37,0.0377,173174.5721,228460.3924,20 ans,48 mois
2014-09-01,1972.29,-0.0155,170487.97,224916.095,20 ans,48 mois
2014-10-01,2018.05,0.0232,174443.5399,230134.477,20 ans,48 mois
2014-11-01,2067.5601,0.0245,178723.266,235780.5016,20 ans,48 mois
2014-12-01,2058.8999,-0.0042,177974.6679,234792.9143,20 ans,48 mois
2015-01-01,1994.99,-0.031,172450.1908,227504.753,20 ans,48 mois
2015-02-01,2104.5,0.0549,181916.4148,239993.0602,20 ans,48 mois
2015-03-01,2067.8899,-0.0174,178751.7773,235818.1152,20 ans,48 mois
2015-04-01,2085.51,0.0085,180274.889,237827.4788,20 ans,48 mois
2015-05-01,2107.3899,0.0105,182166.2218,240322.6178,20 ans,48 mois
2015-06-01,2063.1101,-0.021,178338.6049,235273.0378,20 ans,48 mois
2015-07-01,2103.8401,0.0197,181859.3709,239917.8051,20 ans,48 mois
2015-08-01,1972.1801,-0.0626,170478.4627,224903.5525,20 ans,48 mois
2015-09-01,1920.03,-0.0264,165970.5294,218956.4658,20 ans,48 mois
2015-10-01,2079.3601,0.083,179743.2814,237126.156,20 ans,48 mois
2015-11-01,2080.4099,0.0005,179834.0283,237245.8737,20 ans,48 mois
2015-12-01,2043.9399,-0.0175,176681.5045,233086.9096,20 ans,48 mois
2016-01-01,1940.24,-0.0507,167717.5114,221261.1702,20 ans,48 mois
2016-02-01,1932.23,-0.0041,167025.1131,220347.7244,20 ans,48 mois
2016-03-01,2059.74,0.066,178047.2865,234888.7163,20 ans,48 mois
2016-04-01,2065.3,0.0027,178527.907,235522.7745,20 ans,48 mois
2016-05-01,2096.95,0.0153,181263.7762,239132.0674,20 ans,48 mois
2016-06-01,2098.8601,0.0009,181428.8933,239349.8978,20 ans,48 mois
2016-07-01,2173.6001,0.0356,187889.54,247873.1,20 ans,48 mois
2016-08-01,2170.95,-0.0012,187660.457,247570.8825,20 ans,48 mois
2016-09-01,2168.27,-0.0012,187428.7994,247265.2683,20 ans,48 mois
2016-10-01,2126.1499,-0.0194,183787.8677,242461.9726,20 ans,48 mois
2016-11-01,2198.8101,0.0342,190068.7302,250747.9946,20 ans,48 mois
2016-12-01,2238.8301,0.0182,193528.126,255311.7993,20 ans,48 mois
2017-01-01,2278.8701,0.0179,196989.2523,259877.887,20 ans,48 mois
2017-02-01,2363.6399,0.0372,204316.89,269544.8662,20 ans,48 mois
2017-03-01,2362.72,-0.0004,204237.3705,269439.9601,20 ans,48 mois
2017-04-01,2384.2,0.0091,206094.1351,271889.495,20 ans,48 mois
2017-05-01,2411.8,0.0116,208479.9326,275036.9561,20 ans,48 mois
2017-06-01,2423.4099,0.0048,209483.5081,276360.9222,20 ans,48 mois
2017-07-01,2470.3,0.0193,213536.768,281708.1816,20 ans,48 mois
2017-08-01,2471.6499,0.0005,213653.4516,281862.1163,20 ans,48 mois
2017-09-01,2519.3601,0.0193,217777.5996,287302.8947,20 ans,48 mois
2017-10-01,2575.26,0.0222,222609.6784,293677.6101,20 ans,48 mois
2017-11-01,2647.5801,0.0281,228861.1431,301924.8491,20 ans,48 mois
2017-12-01,2673.6101,0.0098,231111.2213,304893.2627,20 ans,48 mois
2018-01-01,2823.8101,0.0562,244094.7502,322021.7711,20 ans,48 mois
2018-02-01,2713.8301,-0.0389,234587.9012,309479.8694,20 ans,48 mois
2018-03-01,2640.8701,-0.0269,228281.1231,301159.6583,20 ans,48 mois
2018-04-01,2648.05,0.0027,228901.7681,301978.4436,20 ans,48 mois
2018-05-01,2705.27,0.0216,233847.9558,308503.6971,20 ans,48 mois
2018-06-01,2718.3701,0.0048,234980.3496,309997.6066,20 ans,48 mois
2018-07-01,2816.29,0.036,243444.7075,321164.2028,20 ans,48 mois
2018-08-01,2901.52,0.0303,250812.1261,330883.6629,20 ans,48 mois
2018-09-01,2913.98,0.0043,251889.1855,332304.5725,20 ans,48 mois
2018-10-01,2711.74,-0.0694,234407.2306,309241.5199,20 ans,48 mois
2018-11-01,2760.1699,0.0179,238593.593,314764.3745,20 ans,48 mois
2018-12-01,2506.8501,-0.0918,216696.2139,285876.2776,20 ans,48 mois
2019-01-01,2704.1001,0.0787,233746.8258,308370.2815,20 ans,48 mois
2019-02-01,2784.49,0.0297,240695.8594,317537.7875,20 ans,48 mois
2019-03-01,2834.3999,0.0179,245010.1536,323229.4161,20 ans,48 mois
2019-04-01,2945.8301,0.0393,254642.3599,335936.6952,20 ans,48 mois
2019-05-01,2752.0601,-0.0658,237892.5631,313839.5415,20 ans,48 mois
2019-06-01,2941.76,0.0689,254290.5365,335472.5526,20 ans,48 mois
2019-07-01,2980.3799,0.0131,257628.9014,339876.6873,20 ans,48 mois
2019-08-01,2926.46,-0.0181,252967.9753,333727.765,20 ans,48 mois
2019-09-01,2976.74,0.0172,257314.2631,339461.6011,20 ans,48 mois
2019-10-01,3037.5601,0.0204,262571.6491,346397.4026,20 ans,48 mois
2019-11-01,3140.98,0.034,271511.4359,358191.2081,20 ans,48 mois
2019-12-01,3230.78,0.0286,279273.8987,368431.8298,20 ans,48 mois
2020-01-01,3225.52,-0.0016,278819.2149,367831.9886,20 ans,48 mois
2020-02-01,2954.22,-0.0841,255367.5959,336893.4622,20 ans,48 mois
2020-03-01,2584.5901,-0.1251,223416.1855,294741.5939,20 ans,48 mois
2020-04-01,2912.4299,0.1268,251755.1967,332127.8079,20 ans,48 mois
2020-05-01,3044.3101,0.0453,263155.1301,347167.1594,20 ans,48 mois
2020-06-01,3100.29,0.0184,267994.131,353551.0068,20 ans,48 mois
2020-07-01,3271.1201,0.0551,282760.9618,373032.1345,20 ans,48 mois
2020-08-01,3500.3101,0.0701,302572.5144,399168.5067,20 ans,48 mois
2020-09-01,3363.0,-0.0392,290703.2088,383509.9365,20 ans,48 mois
2020-10-01,3269.96,-0.0277,282660.676,372899.8326,20 ans,48 mois
2020-11-01,3621.6299,0.1075,313059.598,413003.582,20 ans,48 mois
2020-12-01,3756.0701,0.0371,324680.827,428334.8776,20 ans,48 mois
2021-01-01,3714.24,-0.0111,321064.9668,423564.6574,20 ans,48 mois
2021-02-01,3811.1499,0.0261,329442.0178,434616.074,20 ans,48 mois
2021-03-01,3972.8899,0.0424,343423.0865,453060.5859,20 ans,48 mois
2021-04-01,4181.1699,0.0524,361427.1522,476812.4327,20 ans,48 mois
2021-05-01,4204.1099,0.0055,363410.1182,479428.4587,20 ans,48 mois
2021-06-01,4297.5,0.0222,371482.914,490078.4871,20 ans,48 mois
2021-07-01,4395.2598,0.0227,379933.4277,501226.8193,20 ans,48 mois
2021-08-01,4522.6802,0.029,390947.8559,515757.5935,20 ans,48 mois
2021-09-01,4307.54,-0.0476,372350.7914,491223.4335,20 ans,48 mois
2021-10-01,4605.3799,0.0691,398096.5536,525188.5062,20 ans,48 mois
2021-11-01,4567.0,-0.0083,394778.9339,520811.7395,20 ans,48 mois
2021-12-01,4766.1802,0.0436,411996.3933,543525.8568,20 ans,48 mois
2022-01-01,4515.5498,-0.0526,390331.495,514944.4599,20 ans,48 mois
2022-02-01,4373.9399,-0.0314,378090.5073,498795.5483,20 ans,48 mois
2022-03-01,4530.4102,0.0358,391616.048,516639.1053,20 ans,48 mois
2022-04-01,4131.9302,-0.088,357170.7882,471197.2284,20 ans,48 mois
2022-05-01,4132.1499,0.0001,357189.7817,471222.2856,20 ans,48 mois
2022-06-01,3785.3799,-0.0839,327214.4152,431677.3114,20 ans,48 mois
2022-07-01,4130.29,0.0911,357029.0121,471010.1904,20 ans,48 mois
2022-08-01,3955.0,-0.0424,341876.655,451020.4575,20 ans,48 mois
2022-09-01,3585.6201,-0.0934,309946.8551,408897.0988,20 ans,48 mois
2022-10-01,3871.98,0.0799,334700.269,441553.017,20 ans,48 mois
2022-11-01,4080.1101,0.0538,352691.3769,465287.7693,20 ans,48 mois
2022-12-01,3839.5,-0.059,331892.6465,437849.0637,20 ans,48 mois
2023-01-01,4076.6001,0.0618,352387.9659,464887.4946,20 ans,48 mois
2023-02-01,3970.1499,-0.0261,343186.2373,452748.1228,20 ans,48 mois
2023-03-01,4109.3101,0.0351,355215.4683,468617.6745,20 ans,48 mois
2023-04-01,4169.48,0.0146,360416.6546,475479.3346,20 ans,48 mois
2023-05-01,4179.8301,0.0025,361311.3339,476659.6395,20 ans,48 mois
2023-06-01,4450.3799,0.0647,384698.1006,507512.6096,20 ans,48 mois
2023-07-01,4588.96,0.0311,396677.1887,523316.0104,20 ans,48 mois
2023-08-01,4507.6602,-0.0177,389649.5009,514044.7399,20 ans,48 mois
2023-09-01,4288.0498,-0.0487,370666.0237,489000.8053,20 ans,48 mois
2023-10-01,4193.7998,-0.022,362518.8999,478252.7198,20 ans,48 mois
2023-11-01,4567.7998,0.0892,394848.0703,520902.9476,20 ans,48 mois
2023-12-01,4769.8301,0.0442,412311.8969,543942.0845,20 ans,48 mois
2024-01-01,4845.6499,0.0159,418865.8862,552588.4288,20 ans,48 mois
2024-02-01,5096.27,0.0517,440529.8982,581168.6564,20 ans,48 mois
2024-03-01,5254.3501,0.031,454194.5981,599195.799,20 ans,48 mois
2024-04-01,5035.6899,-0.0416,435293.2574,574260.2229,20 ans,48 mois
2024-05-01,5277.5098,0.048,456196.5576,601836.8822,20 ans,48 mois
2024-06-01,5460.48,0.0347,472012.8016,622702.4473,20 ans,48 mois
2024-07-01,5522.2998,0.0113,477356.6081,629752.2591,20 ans,48 mois
2024-08-01,5648.3999,0.0228,488256.9064,644132.4673,20 ans,48 mois
2024-09-01,5762.48,0.0202,498118.1745,657141.9361,20 ans,48 mois
2024-10-01,5705.4502,-0.0099,493188.4268,650638.3711,20 ans,48 mois
2024-11-01,6032.3799,0.0573,521448.7626,687920.7926,20 ans,48 mois
2024-12-01,5881.6299,-0.025,508417.6866,670729.5577,20 ans,48 mois
2025-01-01,6040.5298,0.027,522153.2535,688850.1915,20 ans,48 mois
2025-02-01,5954.5,-0.0142,514716.6984,679039.5233,20 ans,48 mois
2025-03-01,5611.8501,-0.0575,485097.4816,639964.3992,20 ans,48 mois
2025-04-01,5363.3599,-0.0443,463617.5802,611627.0593,20 ans,48 mois
2010-05-01,1089.41,-0.082,91802.4158,1912.5503,15 ans,48 mois
2010-06-01,1030.71,-0.0539,86855.8774,3883.6286,15 ans,48 mois
2010-07-01,1101.6,0.0688,92829.6379,6110.2491,15 ans,48 mois
2010-08-01,1049.33,-0.0474,88424.9474,8094.73,15 ans,48 mois
2010-09-01,1141.2,0.0876,96166.649,10360.4614,15 ans,48 mois
2010-10-01,1183.26,0.0369,99710.9665,12520.5781,15 ans,48 mois
2010-11-01,1180.55,-0.0023,99482.6035,14599.1401,15 ans,48 mois
2010-12-01,1257.64,0.0653,105978.8215,16818.5151,15 ans,48 mois
2011-01-01,1286.12,0.0226,108378.7728,18949.0268,15 ans,48 mois
2011-02-01,1327.22,0.032,111842.1859,21098.9363,15 ans,48 mois
2011-03-01,1325.83,-0.001,111725.0522,23180.0877,15 ans,48 mois
2011-04-01,1363.61,0.0285,114908.7001,25322.7864,15 ans,48 mois
2011-05-01,1345.2,-0.0135,113357.3231,27377.9928,15 ans,48 mois
2011-06-01,1320.64,-0.0183,111287.7061,29423.2897,15 ans,48 mois
2011-07-01,1292.28,-0.0215,108897.8666,31461.8847,15 ans,48 mois
2011-08-01,1218.89,-0.0568,102713.4361,33426.9032,15 ans,48 mois
2011-09-01,1131.42,-0.0718,95342.5157,35360.7324,15 ans,48 mois
2011-10-01,1253.3,0.1077,105613.1012,37668.4887,15 ans,48 mois
2011-11-01,1246.96,-0.0051,105078.8346,39741.283,15 ans,48 mois
2011-12-01,1257.6,0.0085,105975.4475,41842.393,15 ans,48 mois
2012-01-01,1312.41,0.0436,110594.1821,44016.5244,15 ans,48 mois
2012-02-01,1365.6801,0.0406,115083.1406,46184.4191,15 ans,48 mois
2012-03-01,1408.47,0.0313,118688.9618,48333.0281,15 ans,48 mois
2012-04-01,1397.91,-0.0075,117799.0969,50400.7417,15 ans,48 mois
2012-05-01,1310.33,-0.0627,110418.898,52353.5527,15 ans,48 mois
2012-06-01,1362.16,0.0396,114786.5156,54519.2922,15 ans,48 mois
2012-07-01,1379.3199,0.0126,116232.5472,56628.8705,15 ans,48 mois
2012-08-01,1406.58,0.0198,118529.694,58753.3775,15 ans,48 mois
2012-09-01,1440.67,0.0242,121402.3979,60887.2029,15 ans,48 mois
2012-10-01,1412.16,-0.0198,118999.9161,62929.3082,15 ans,48 mois
2012-11-01,1416.1801,0.0028,119338.6751,65018.5722,15 ans,48 mois
2012-12-01,1426.1899,0.0071,120182.1884,67116.6311,15 ans,48 mois
2013-01-01,1498.11,0.0504,126242.7474,69305.0229,15 ans,48 mois
2013-02-01,1514.6801,0.0111,127639.0741,71411.3993,15 ans,48 mois
2013-03-01,1569.1899,0.036,132232.5139,73569.707,15 ans,48 mois
2013-04-01,1597.5699,0.0181,134624.0404,75690.719,15 ans,48 mois
2013-05-01,1630.74,0.0208,137419.214,77817.3082,15 ans,48 mois
2013-06-01,1606.28,-0.015,135358.0218,79869.393,15 ans,48 mois
2013-07-01,1685.73,0.0495,142053.1111,82055.7724,15 ans,48 mois
2013-08-01,1632.97,-0.0313,137607.13,84073.9015,15 ans,48 mois
2013-09-01,1681.55,0.0297,141700.8765,86219.213,15 ans,48 mois
2013-10-01,1756.54,0.0446,148020.1338,88395.4541,15 ans,48 mois
2013-11-01,1805.8101,0.028,152172.0203,90537.2239,15 ans,48 mois
2013-12-01,1848.36,0.0236,155757.618,92669.6464,15 ans,48 mois
2014-01-01,1782.59,-0.0356,150215.3093,94678.8486,15 ans,48 mois
2014-02-01,1859.45,0.0431,156692.1473,96852.0091,15 ans,48 mois
2014-03-01,1872.34,0.0069,157778.3632,98949.7845,15 ans,48 mois
2014-04-01,1883.95,0.0062,158756.7136,101046.0361,15 ans,48 mois
2014-05-01,1923.5699,0.021,162095.4117,103171.0625,15 ans,48 mois
2014-06-01,1960.23,0.0191,165184.6798,105137.3309,15 ans,48 mois
2014-07-01,1930.67,-0.0151,162693.7228,103551.8777,15 ans,48 mois
2014-08-01,2003.37,0.0377,168820.003,107451.1543,15 ans,48 mois
2014-09-01,1972.29,-0.0155,166200.957,105784.1746,15 ans,48 mois
2014-10-01,2018.05,0.0232,170057.062,108238.5219,15 ans,48 mois
2014-11-01,2067.5601,0.0245,174229.172,110894.0013,15 ans,48 mois
2014-12-01,2058.8999,-0.0042,173499.3978,110429.5121,15 ans,48 mois
2015-01-01,1994.99,-0.031,168113.8367,107001.691,15 ans,48 mois
2015-02-01,2104.5,0.0549,177342.0273,112875.2825,15 ans,48 mois
2015-03-01,2067.8899,-0.0174,174256.9664,110911.692,15 ans,48 mois
2015-04-01,2085.51,0.0085,175741.7786,111856.7506,15 ans,48 mois
2015-05-01,2107.3899,0.0105,177585.5528,113030.2825,15 ans,48 mois
2015-06-01,2063.1101,-0.021,173854.1834,110655.3273,15 ans,48 mois
2015-07-01,2103.8401,0.0197,177286.4178,112839.888,15 ans,48 mois
2015-08-01,1972.1801,-0.0626,166191.6887,105778.2755,15 ans,48 mois
2015-09-01,1920.03,-0.0264,161797.11,102981.1984,15 ans,48 mois
2015-10-01,2079.3601,0.083,175223.5386,111526.8993,15 ans,48 mois
2015-11-01,2080.4099,0.0005,175312.0035,111583.2058,15 ans,48 mois
2015-12-01,2043.9399,-0.0175,172238.7517,109627.1315,15 ans,48 mois
2016-01-01,1940.24,-0.0507,163500.1631,104065.1637,15 ans,48 mois
2016-02-01,1932.23,-0.0041,162825.1756,103635.5452,15 ans,48 mois
2016-03-01,2059.74,0.066,173570.1904,110474.5704,15 ans,48 mois
2016-04-01,2065.3,0.0027,174038.7254,110772.7852,15 ans,48 mois
2016-05-01,2096.95,0.0153,176705.7997,112470.3341,15 ans,48 mois
2016-06-01,2098.8601,0.0009,176866.7648,112572.7857,15 ans,48 mois
2016-07-01,2173.6001,0.0356,183164.955,116581.4802,15 ans,48 mois
2016-08-01,2170.95,-0.0012,182941.6325,116439.3391,15 ans,48 mois
2016-09-01,2168.27,-0.0012,182715.8,116295.6004,15 ans,48 mois
2016-10-01,2126.1499,-0.0194,179166.4215,114036.4794,15 ans,48 mois
2016-11-01,2198.8101,0.0342,185289.3483,117933.6216,15 ans,48 mois
2016-12-01,2238.8301,0.0182,188661.7557,120080.1034,15 ans,48 mois
2017-01-01,2278.8701,0.0179,192035.8501,122227.659,15 ans,48 mois
2017-02-01,2363.6399,0.0372,199179.2304,126774.303,15 ans,48 mois
2017-03-01,2362.72,-0.0004,199101.7104,126724.9628,15 ans,48 mois
2017-04-01,2384.2,0.0091,200911.7856,127877.0459,15 ans,48 mois
2017-05-01,2411.8,0.0116,203237.5909,129357.3827,15 ans,48 mois
2017-06-01,2423.4099,0.0048,204215.931,129980.0801,15 ans,48 mois
2017-07-01,2470.3,0.0193,208167.2695,132495.042,15 ans,48 mois
2017-08-01,2471.6499,0.0005,208281.019,132567.4417,15 ans,48 mois
2017-09-01,2519.3601,0.0193,212301.463,135126.3882,15 ans,48 mois
2017-10-01,2575.26,0.0222,217012.0366,138124.5907,15 ans,48 mois
2017-11-01,2647.5801,0.0281,223106.3048,142003.4922,15 ans,48 mois
2017-12-01,2673.6101,0.0098,225299.8036,143399.6181,15 ans,48 mois
2018-01-01,2823.8101,0.0562,237956.8546,151455.6228,15 ans,48 mois
2018-02-01,2713.8301,-0.0389,228689.0605,145556.8243,15 ans,48 mois
2018-03-01,2640.8701,-0.0269,222540.8698,141643.6021,15 ans,48 mois
2018-04-01,2648.05,0.0027,223145.9083,142028.6992,15 ans,48 mois
2018-05-01,2705.27,0.0216,227967.7214,145097.7038,15 ans,48 mois
2018-06-01,2718.3701,0.0048,229071.6406,145800.3302,15 ans,48 mois
2018-07-01,2816.29,0.036,237323.1575,151052.285,15 ans,48 mois
2018-08-01,2901.52,0.0303,244505.3184,155623.6122,15 ans,48 mois
2018-09-01,2913.98,0.0043,245555.2945,156291.9048,15 ans,48 mois
2018-10-01,2711.74,-0.0694,228512.933,145444.722,15 ans,48 mois
2018-11-01,2760.1699,0.0179,232594.0269,148042.2712,15 ans,48 mois
2018-12-01,2506.8501,-0.0918,211247.2694,134455.4113,15 ans,48 mois
2019-01-01,2704.1001,0.0787,227869.1344,145034.9549,15 ans,48 mois
2019-02-01,2784.49,0.0297,234643.4307,149346.683,15 ans,48 mois
2019-03-01,2834.3999,0.0179,238849.2397,152023.6112,15 ans,48 mois
2019-04-01,2945.8301,0.0393,248239.2389,158000.1912,15 ans,48 mois
2019-05-01,2752.0601,-0.0658,231910.6249,147607.297,15 ans,48 mois
2019-06-01,2941.76,0.0689,247896.2623,157781.8922,15 ans,48 mois
2019-07-01,2980.3799,0.0131,251150.6821,159853.2769,15 ans,48 mois
2019-08-01,2926.46,-0.0181,246606.9576,156961.271,15 ans,48 mois
2019-09-01,2976.74,0.0172,250843.9556,159658.0506,15 ans,48 mois
2019-10-01,3037.5601,0.0204,255969.1418,162920.1472,15 ans,48 mois
2019-11-01,3140.98,0.034,264684.1328,168467.0956,15 ans,48 mois
2019-12-01,3230.78,0.0286,272251.4042,173283.5394,15 ans,48 mois
2020-01-01,3225.52,-0.0016,271808.1537,173001.4177,15 ans,48 mois
2020-02-01,2954.22,-0.0841,248946.2384,158450.1848,15 ans,48 mois
2020-03-01,2584.5901,-0.1251,217798.2637,138625.0113,15 ans,48 mois
2020-04-01,2912.4299,0.1268,245424.675,156208.7676,15 ans,48 mois
2020-05-01,3044.3101,0.0453,256537.9508,163282.1848,15 ans,48 mois
2020-06-01,3100.29,0.0184,261255.2724,166284.6824,15 ans,48 mois
2020-07-01,3271.1201,0.0551,275650.7832,175447.1881,15 ans,48 mois
2020-08-01,3500.3101,0.0701,294964.1635,187739.8369,15 ans,48 mois
2020-09-01,3363.0,-0.0392,283393.3181,180375.1842,15 ans,48 mois
2020-10-01,3269.96,-0.0277,275553.0191,175384.9629,15 ans,48 mois
2020-11-01,3621.6299,0.1075,305187.5436,194246.8502,15 ans,48 mois
2020-12-01,3756.0701,0.0371,316516.5506,201457.5767,15 ans,48 mois
2021-01-01,3714.24,-0.0111,312991.6131,199214.012,15 ans,48 mois
2021-02-01,3811.1499,0.0261,321158.0186,204411.7947,15 ans,48 mois
2021-03-01,3972.8899,0.0424,334787.5257,213086.7517,15 ans,48 mois
2021-04-01,4181.1699,0.0524,352338.8693,224257.8932,15 ans,48 mois
2021-05-01,4204.1099,0.0055,354271.9725,225488.2816,15 ans,48 mois
2021-06-01,4297.5,0.0222,362141.7735,230497.2804,15 ans,48 mois
2021-07-01,4395.2598,0.0227,370379.7944,235740.6452,15 ans,48 mois
2021-08-01,4522.6802,0.029,381117.2589,242574.8646,15 ans,48 mois
2021-09-01,4307.54,-0.0476,362987.8276,231035.7799,15 ans,48 mois
2021-10-01,4605.3799,0.0691,388086.1986,247010.4801,15 ans,48 mois
2021-11-01,4567.0,-0.0083,384852.0022,244951.9673,15 ans,48 mois
2021-12-01,4766.1802,0.0436,401636.5193,255635.0363,15 ans,48 mois
2022-01-01,4515.5498,-0.0526,380516.3967,242192.4257,15 ans,48 mois
2022-02-01,4373.9399,-0.0314,368583.2153,234597.1521,15 ans,48 mois
2022-03-01,4530.4102,0.0358,381768.6489,242989.4637,15 ans,48 mois
2022-04-01,4131.9302,-0.088,348189.5339,221616.9095,15 ans,48 mois
2022-05-01,4132.1499,0.0001,348208.0498,221628.6945,15 ans,48 mois
2022-06-01,3785.3799,-0.0839,318986.4303,203029.6145,15 ans,48 mois
2022-07-01,4130.29,0.0911,348051.3228,221528.9404,15 ans,48 mois
2022-08-01,3955.0,-0.0424,333279.9801,212127.2237,15 ans,48 mois
2022-09-01,3585.6201,-0.0934,302153.0723,192315.4591,15 ans,48 mois
2022-10-01,3871.98,0.0799,326284.0482,207674.4282,15 ans,48 mois
2022-11-01,4080.1101,0.0538,343822.7599,218837.5296,15 ans,48 mois
2022-12-01,3839.5,-0.059,323547.0249,205932.3579,15 ans,48 mois
2023-01-01,4076.6001,0.0618,343526.9783,218649.2695,15 ans,48 mois
2023-02-01,3970.1499,-0.0261,334556.6322,212939.7918,15 ans,48 mois
2023-03-01,4109.3101,0.0351,346283.3816,220403.6749,15 ans,48 mois
2023-04-01,4169.48,0.0146,351353.7812,223630.9008,15 ans,48 mois
2023-05-01,4179.8301,0.0025,352225.9634,224186.0304,15 ans,48 mois
2023-06-01,4450.3799,0.0647,375024.657,238697.0238,15 ans,48 mois
2023-07-01,4588.96,0.0311,386702.5245,246129.7943,15 ans,48 mois
2023-08-01,4507.6602,-0.0177,379851.5517,241769.2628,15 ans,48 mois
2023-09-01,4288.0498,-0.0487,361345.4244,229990.4173,15 ans,48 mois
2023-10-01,4193.7998,-0.022,353403.1644,224935.2995,15 ans,48 mois
2023-11-01,4567.7998,0.0892,384919.4002,244994.865,15 ans,48 mois
2023-12-01,4769.8301,0.0442,401944.0893,255830.7995,15 ans,48 mois
2024-01-01,4845.6499,0.0159,408333.275,259897.4111,15 ans,48 mois
2024-02-01,5096.27,0.0517,429452.5336,273339.4717,15 ans,48 mois
2024-03-01,5254.3501,0.031,442773.6272,281818.1286,15 ans,48 mois
2024-04-01,5035.6899,-0.0416,424347.571,270090.247,15 ans,48 mois
2024-05-01,5277.5098,0.048,444725.2464,283060.3021,15 ans,48 mois
2024-06-01,5460.48,0.0347,460143.7823,292873.9465,15 ans,48 mois
2024-07-01,5522.2998,0.0113,465353.2159,296189.6653,15 ans,48 mois
2024-08-01,5648.3999,0.0228,475979.4202,302953.0695,15 ans,48 mois
2024-09-01,5762.48,0.0202,485592.7214,309071.7775,15 ans,48 mois
2024-10-01,5705.4502,-0.0099,480786.9348,306012.9735,15 ans,48 mois
2024-11-01,6032.3799,0.0573,508336.6491,323547.9133,15 ans,48 mois
2024-12-01,5881.6299,-0.025,495633.2465,315462.4066,15 ans,48 mois
2025-01-01,6040.5298,0.027,509023.4251,323985.035,15 ans,48 mois
2025-02-01,5954.5,-0.0142,501773.8663,319370.8101,15 ans,48 mois
2025-03-01,5611.8501,-0.0575,472899.4409,300992.7133,15 ans,48 mois
2025-04-01,5363.3599,-0.0443,451959.6633,287664.8894,15 ans,48 mois
2015-05-01,2107.3899,0.0105,101049.1382,2105.1904,10 ans,48 mois
2015-06-01,2063.1101,-0.021,98925.9269,4144.7494,10 ans,48 mois
2015-07-01,2103.8401,0.0197,100878.9254,6269.212,10 ans,48 mois
2015-08-01,1972.1801,-0.0626,94565.8397,8222.1686,10 ans,48 mois
2015-09-01,1920.03,-0.0264,92065.2512,10250.4127,10 ans,48 mois
2015-10-01,2079.3601,0.083,99705.1128,12506.6275,10 ans,48 mois
2015-11-01,2080.4099,0.0005,99755.4508,14591.0127,10 ans,48 mois
2015-12-01,2043.9399,-0.0175,98006.7193,16637.8248,10 ans,48 mois
2016-01-01,1940.24,-0.0507,93034.3168,18615.4595,10 ans,48 mois
2016-02-01,1932.23,-0.0041,92650.2377,20690.1921,10 ans,48 mois
2016-03-01,2059.74,0.066,98764.3301,22911.0069,10 ans,48 mois
2016-04-01,2065.3,0.0027,99030.9344,24999.964,10 ans,48 mois
2016-05-01,2096.95,0.0153,100548.5441,27115.2236,10 ans,48 mois
2016-06-01,2098.8601,0.0009,100640.1359,29200.4547,10 ans,48 mois
2016-07-01,2173.6001,0.0356,104223.9111,31357.9751,10 ans,48 mois
2016-08-01,2170.95,-0.0012,104096.8368,33438.7683,10 ans,48 mois
2016-09-01,2168.27,-0.0012,103968.3343,35519.5299,10 ans,48 mois
2016-10-01,2126.1499,-0.0194,101948.6789,37562.3931,10 ans,48 mois
2016-11-01,2198.8101,0.0342,105432.7262,39716.9233,10 ans,48 mois
2016-12-01,2238.8301,0.0182,107351.6822,41838.1749,10 ans,48 mois
2017-01-01,2278.8701,0.0179,109271.5981,43958.7673,10 ans,48 mois
2017-02-01,2363.6399,0.0372,113336.3005,46119.5968,10 ans,48 mois
2017-03-01,2362.72,-0.0004,113292.1904,48202.1193,10 ans,48 mois
2017-04-01,2384.2,0.0091,114322.1533,50304.3927,10 ans,48 mois
2017-05-01,2411.8,0.0116,115645.5753,52411.8432,10 ans,48 mois
2017-06-01,2423.4099,0.0048,116202.2671,54505.2052,10 ans,48 mois
2017-07-01,2470.3,0.0193,118450.6446,56628.8486,10 ans,48 mois
2017-08-01,2471.6499,0.0005,118515.3699,58713.3204,10 ans,48 mois
2017-09-01,2519.3601,0.0193,120803.0695,60836.8682,10 ans,48 mois
2017-10-01,2575.26,0.0222,123483.4644,62966.4268,10 ans,48 mois
2017-11-01,2647.5801,0.0281,126951.2045,65108.2657,10 ans,48 mois
2017-12-01,2673.6101,0.0098,128199.3419,67212.0816,10 ans,48 mois
2018-01-01,2823.8101,0.0562,135401.4148,69412.4539,10 ans,48 mois
2018-02-01,2713.8301,-0.0389,130127.8855,71414.6468,10 ans,48 mois
2018-03-01,2640.8701,-0.0269,126629.4626,73441.9708,10 ans,48 mois
2018-04-01,2648.05,0.0027,126973.7396,75530.9682,10 ans,48 mois
2018-05-01,2705.27,0.0216,129717.4316,77659.319,10 ans,48 mois
2018-06-01,2718.3701,0.0048,130345.58,79752.7407,10 ans,48 mois
2018-07-01,2816.29,0.036,135040.8306,81911.1189,10 ans,48 mois
2018-08-01,2901.52,0.0303,139127.5998,84057.5006,10 ans,48 mois
2018-09-01,2913.98,0.0043,139725.0537,86149.7804,10 ans,48 mois
2018-10-01,2711.74,-0.0694,130027.666,88088.5234,10 ans,48 mois
2018-11-01,2760.1699,0.0179,132349.8765,90209.0637,10 ans,48 mois
2018-12-01,2506.8501,-0.0918,120203.2158,92101.1952,10 ans,48 mois
2019-01-01,2704.1001,0.0787,129661.3339,94348.4544,10 ans,48 mois
2019-02-01,2784.49,0.0297,133516.0214,96493.7229,10 ans,48 mois
2019-03-01,2834.3999,0.0179,135909.1967,98614.3984,10 ans,48 mois
2019-04-01,2945.8301,0.0393,141252.2627,100779.6349,10 ans,48 mois
2019-05-01,2752.0601,-0.0658,131961.0093,94150.5791,10 ans,48 mois
2019-06-01,2941.76,0.0689,141057.1033,100640.394,10 ans,48 mois
2019-07-01,2980.3799,0.0131,142908.9225,101961.6164,10 ans,48 mois
2019-08-01,2926.46,-0.0181,140323.4675,100116.9648,10 ans,48 mois
2019-09-01,2976.74,0.0172,142734.39,101837.0922,10 ans,48 mois
2019-10-01,3037.5601,0.0204,145650.7063,103917.8043,10 ans,48 mois
2019-11-01,3140.98,0.034,150609.6814,107455.8977,10 ans,48 mois
2019-12-01,3230.78,0.0286,154915.5849,110528.0424,10 ans,48 mois
2020-01-01,3225.52,-0.0016,154663.3679,110348.0925,10 ans,48 mois
2020-02-01,2954.22,-0.0841,141654.5572,101066.661,10 ans,48 mois
2020-03-01,2584.5901,-0.1251,123930.8407,88421.2729,10 ans,48 mois
2020-04-01,2912.4299,0.1268,139650.729,99636.9843,10 ans,48 mois
2020-05-01,3044.3101,0.0453,145974.3681,104148.7282,10 ans,48 mois
2020-06-01,3100.29,0.0184,148658.6027,106063.8563,10 ans,48 mois
2020-07-01,3271.1201,0.0551,156849.8881,111908.115,10 ans,48 mois
2020-08-01,3500.3101,0.0701,167839.5233,119748.9198,10 ans,48 mois
2020-09-01,3363.0,-0.0392,161255.5195,115051.4127,10 ans,48 mois
2020-10-01,3269.96,-0.0277,156794.2587,111868.4249,10 ans,48 mois
2020-11-01,3621.6299,0.1075,173656.7969,123899.3858,10 ans,48 mois
2020-12-01,3756.0701,0.0371,180103.1906,128498.7117,10 ans,48 mois
2021-01-01,3714.24,-0.0111,178097.4425,127067.6652,10 ans,48 mois
2021-02-01,3811.1499,0.0261,182744.2632,130383.045,10 ans,48 mois
2021-03-01,3972.8899,0.0424,190499.6799,135916.3231,10 ans,48 mois
2021-04-01,4181.1699,0.0524,200486.6868,143041.78,10 ans,48 mois
2021-05-01,4204.1099,0.0055,201586.6548,143826.5771,10 ans,48 mois
2021-06-01,4297.5,0.0222,206064.7026,147021.5421,10 ans,48 mois
2021-07-01,4395.2598,0.0227,210752.2738,150365.9962,10 ans,48 mois
2021-08-01,4522.6802,0.029,216862.0699,154725.169,10 ans,48 mois
2021-09-01,4307.54,-0.0476,206546.1215,147365.0213,10 ans,48 mois
2021-10-01,4605.3799,0.0691,220827.5128,157554.4043,10 ans,48 mois
2021-11-01,4567.0,-0.0083,218987.2011,156241.3922,10 ans,48 mois
2021-12-01,4766.1802,0.0436,228537.871,163055.5345,10 ans,48 mois
2022-01-01,4515.5498,-0.0526,216520.1693,154481.2323,10 ans,48 mois
2022-02-01,4373.9399,-0.0314,209729.9903,149636.6248,10 ans,48 mois
2022-03-01,4530.4102,0.0358,217232.7217,154989.619,10 ans,48 mois
2022-04-01,4131.9302,-0.088,198125.6458,141357.2417,10 ans,48 mois
2022-05-01,4132.1499,0.0001,198136.1817,141364.7588,10 ans,48 mois
2022-06-01,3785.3799,-0.0839,181508.5933,129501.4282,10 ans,48 mois
2022-07-01,4130.29,0.0911,198047.0014,141301.1311,10 ans,48 mois
2022-08-01,3955.0,-0.0424,189641.8613,135304.293,10 ans,48 mois
2022-09-01,3585.6201,-0.0934,171930.1322,122667.4576,10 ans,48 mois
2022-10-01,3871.98,0.0799,185661.0595,132464.0995,10 ans,48 mois
2022-11-01,4080.1101,0.0538,195640.8786,139584.4281,10 ans,48 mois
2022-12-01,3839.5,-0.059,184103.6476,131352.9287,10 ans,48 mois
2023-01-01,4076.6001,0.0618,195472.574,139464.3474,10 ans,48 mois
2023-02-01,3970.1499,-0.0261,190368.2976,135822.5855,10 ans,48 mois
2023-03-01,4109.3101,0.0351,197041.0134,140583.3861,10 ans,48 mois
2023-04-01,4169.48,0.0146,199926.1553,142641.8561,10 ans,48 mois
2023-05-01,4179.8301,0.0025,200422.4414,142995.9427,10 ans,48 mois
2023-06-01,4450.3799,0.0647,213395.278,152251.7076,10 ans,48 mois
2023-07-01,4588.96,0.0311,220040.1791,156992.6632,10 ans,48 mois
2023-08-01,4507.6602,-0.0177,216141.8615,154211.3199,10 ans,48 mois
2023-09-01,4288.0498,-0.0487,205611.5667,146698.242,10 ans,48 mois
2023-10-01,4193.7998,-0.022,201092.2885,143473.8603,10 ans,48 mois
2023-11-01,4567.7998,0.0892,219025.5517,156268.7542,10 ans,48 mois
2023-12-01,4769.8301,0.0442,228712.8835,163180.4011,10 ans,48 mois
2024-01-01,4845.6499,0.0159,232348.4366,165774.269,10 ans,48 mois
2024-02-01,5096.27,0.0517,244365.6466,174348.2204,10 ans,48 mois
2024-03-01,5254.3501,0.031,251945.5708,179756.2895,10 ans,48 mois
2024-04-01,5035.6899,-0.0416,241460.8378,172275.7186,10 ans,48 mois
2024-05-01,5277.5098,0.048,253056.0746,180548.6037,10 ans,48 mois
2024-06-01,5460.48,0.0347,261829.4784,186808.1879,10 ans,48 mois
2024-07-01,5522.2998,0.0113,264793.7329,188923.1026,10 ans,48 mois
2024-08-01,5648.3999,0.0228,270840.2202,193237.1062,10 ans,48 mois
2024-09-01,5762.48,0.0202,276310.3487,197139.8937,10 ans,48 mois
2024-10-01,5705.4502,-0.0099,273575.7761,195188.8508,10 ans,48 mois
2024-11-01,6032.3799,0.0573,289252.0225,206373.4248,10 ans,48 mois
2024-12-01,5881.6299,-0.025,282023.5748,201216.1246,10 ans,48 mois
2025-01-01,6040.5298,0.027,289642.8095,206652.2406,10 ans,48 mois
2025-02-01,5954.5,-0.0142,285517.6898,203709.0803,10 ans,48 mois
2025-03-01,5611.8501,-0.0575,269087.6606,191986.7028,10 ans,48 mois
2025-04-01,5363.3599,-0.0443,257172.5783,183485.6167,10 ans,48 mois
2020-05-01,3044.3101,0.0453,104528.182,2177.6705,5 ans,48 mois
2020-06-01,3100.29,0.0184,106450.2876,4299.313,5 ans,48 mois
2020-07-01,3271.1201,0.0551,112315.8391,6497.4407,5 ans,48 mois
2020-08-01,3500.3101,0.0701,120185.211,8726.7421,5 ans,48 mois
2020-09-01,3363.0,-0.0392,115470.5891,10728.3505,5 ans,48 mois
2020-10-01,3269.96,-0.0277,112276.0045,12754.0468,5 ans,48 mois
2020-11-01,3621.6299,0.1075,124350.7987,15061.4335,5 ans,48 mois
2020-12-01,3756.0701,0.0371,128966.8818,17222.1032,5 ans,48 mois
2021-01-01,3714.24,-0.0111,127530.6214,19282.2352,5 ans,48 mois
2021-02-01,3811.1499,0.0261,130858.0804,21419.9257,5 ans,48 mois
2021-03-01,3972.8899,0.0424,136411.5184,23591.6728,5 ans,48 mois
2021-04-01,4181.1699,0.0524,143562.9361,25784.2256,5 ans,48 mois
2021-05-01,4204.1099,0.0055,144350.5925,27878.9891,5 ans,48 mois
2021-06-01,4297.5,0.0222,147557.198,30008.6016,5 ans,48 mois
2021-07-01,4395.2598,0.0227,150913.8372,32139.3268,5 ans,48 mois
2021-08-01,4522.6802,0.029,155288.8922,34283.0568,5 ans,48 mois
2021-09-01,4307.54,-0.0476,147901.9286,36267.2877,5 ans,48 mois
2021-10-01,4605.3799,0.0691,158128.4354,38494.6707,5 ans,48 mois
2021-11-01,4567.0,-0.0083,156810.6395,40560.6421,5 ans,48 mois
2021-12-01,4766.1802,0.0436,163649.6083,42734.8357,5 ans,48 mois
2022-01-01,4515.5498,-0.0526,155044.0667,44708.6166,5 ans,48 mois
2022-02-01,4373.9399,-0.0314,150181.8085,46726.6156,5 ans,48 mois
2022-03-01,4530.4102,0.0358,155554.3056,48884.4766,5 ans,48 mois
2022-04-01,4131.9302,-0.088,141872.2604,50784.5668,5 ans,48 mois
2022-05-01,4132.1499,0.0001,141879.8048,52868.0109,5 ans,48 mois
2022-06-01,3785.3799,-0.0839,129973.2516,54776.5109,5 ans,48 mois
2022-07-01,4130.29,0.0911,141815.9453,57049.67,5 ans,48 mois
2022-08-01,3955.0,-0.0424,135797.2584,59044.5864,5 ans,48 mois
2022-09-01,3585.6201,-0.0934,123114.3822,60933.3455,5 ans,48 mois
2022-10-01,3871.98,0.0799,132946.717,63183.0609,5 ans,48 mois
2022-11-01,4080.1101,0.0538,140092.9878,65378.3794,5 ans,48 mois
2022-12-01,3839.5,-0.059,131831.4978,67338.8555,5 ans,48 mois
2023-01-01,4076.6001,0.0618,139972.4695,69550.8406,5 ans,48 mois
2023-02-01,3970.1499,-0.0261,136317.4392,71579.773,5 ans,48 mois
2023-03-01,4109.3101,0.0351,141095.5853,73736.1305,5 ans,48 mois
2023-04-01,4169.48,0.0146,143161.5551,75849.9687,5 ans,48 mois
2023-05-01,4179.8301,0.0025,143516.9318,77938.4736,5 ans,48 mois
2023-06-01,4450.3799,0.0647,152806.4189,80156.6558,5 ans,48 mois
2023-07-01,4588.96,0.0311,157564.6477,82304.8619,5 ans,48 mois
2023-08-01,4507.6602,-0.0177,154773.1709,84351.2861,5 ans,48 mois
2023-09-01,4288.0498,-0.0487,147232.7199,86333.1207,5 ans,48 mois
2023-10-01,4193.7998,-0.022,143996.5906,88370.6631,5 ans,48 mois
2023-11-01,4567.7998,0.0892,156838.1012,90639.7865,5 ans,48 mois
2023-12-01,4769.8301,0.0442,163774.9299,92815.2641,5 ans,48 mois
2024-01-01,4845.6499,0.0159,166378.2483,94931.7135,5 ans,48 mois
2024-02-01,5096.27,0.0517,174983.4379,97122.7982,5 ans,48 mois
2024-03-01,5254.3501,0.031,180411.2106,99270.754,5 ans,48 mois
2024-04-01,5035.6899,-0.0416,172903.3851,101267.3892,5 ans,48 mois
2024-05-01,5277.5098,0.048,181206.4115,106130.3698,5 ans,48 mois
2024-06-01,5460.48,0.0347,187488.8017,109809.8886,5 ans,48 mois
2024-07-01,5522.2998,0.0113,189611.4219,111053.0812,5 ans,48 mois
2024-08-01,5648.3999,0.0228,193941.1431,113588.9457,5 ans,48 mois
2024-09-01,5762.48,0.0202,197858.1499,115883.0885,5 ans,48 mois
2024-10-01,5705.4502,-0.0099,195899.9986,114736.2233,5 ans,48 mois
2024-11-01,6032.3799,0.0573,207125.3223,121310.7575,5 ans,48 mois
2024-12-01,5881.6299,-0.025,201949.2321,118279.1851,5 ans,48 mois
2025-01-01,6040.5298,0.027,207405.154,121474.6515,5 ans,48 mois
2025-02-01,5954.5,-0.0142,204451.2706,119744.5983,5 ans,48 mois
2025-03-01,5611.8501,-0.0575,192686.184,112853.9316,5 ans,48 mois
2025-04-01,5363.3599,-0.0443,184154.1252,107856.8095,5 ans,48 mois
